# NOVA virtual studio | centimetres | Z up
mtllib NovaStudio.mtl
o Floor_foundation_0
usemtl Floor
v -700.00000 -550.00000 -20.00000
v 700.00000 -550.00000 -20.00000
v 700.00000 550.00000 -20.00000
v -700.00000 550.00000 -20.00000
v -700.00000 -550.00000 0.00000
v 700.00000 -550.00000 0.00000
v 700.00000 550.00000 0.00000
v -700.00000 550.00000 0.00000
f 1 3 2
f 1 4 3
f 5 6 7
f 5 7 8
f 1 2 6
f 1 6 5
f 2 3 7
f 2 7 6
f 3 4 8
f 3 8 7
f 4 1 5
f 4 5 8
o Floor_seam_X_-600_1
usemtl Stage
v -600.50000 -550.00000 0.05000
v -599.50000 -550.00000 0.05000
v -599.50000 550.00000 0.05000
v -600.50000 550.00000 0.05000
v -600.50000 -550.00000 0.35000
v -599.50000 -550.00000 0.35000
v -599.50000 550.00000 0.35000
v -600.50000 550.00000 0.35000
f 9 11 10
f 9 12 11
f 13 14 15
f 13 15 16
f 9 10 14
f 9 14 13
f 10 11 15
f 10 15 14
f 11 12 16
f 11 16 15
f 12 9 13
f 12 13 16
o Floor_seam_X_-500_2
usemtl Stage
v -500.50000 -550.00000 0.05000
v -499.50000 -550.00000 0.05000
v -499.50000 550.00000 0.05000
v -500.50000 550.00000 0.05000
v -500.50000 -550.00000 0.35000
v -499.50000 -550.00000 0.35000
v -499.50000 550.00000 0.35000
v -500.50000 550.00000 0.35000
f 17 19 18
f 17 20 19
f 21 22 23
f 21 23 24
f 17 18 22
f 17 22 21
f 18 19 23
f 18 23 22
f 19 20 24
f 19 24 23
f 20 17 21
f 20 21 24
o Floor_seam_X_-400_3
usemtl Stage
v -400.50000 -550.00000 0.05000
v -399.50000 -550.00000 0.05000
v -399.50000 550.00000 0.05000
v -400.50000 550.00000 0.05000
v -400.50000 -550.00000 0.35000
v -399.50000 -550.00000 0.35000
v -399.50000 550.00000 0.35000
v -400.50000 550.00000 0.35000
f 25 27 26
f 25 28 27
f 29 30 31
f 29 31 32
f 25 26 30
f 25 30 29
f 26 27 31
f 26 31 30
f 27 28 32
f 27 32 31
f 28 25 29
f 28 29 32
o Floor_seam_X_-300_4
usemtl Stage
v -300.50000 -550.00000 0.05000
v -299.50000 -550.00000 0.05000
v -299.50000 550.00000 0.05000
v -300.50000 550.00000 0.05000
v -300.50000 -550.00000 0.35000
v -299.50000 -550.00000 0.35000
v -299.50000 550.00000 0.35000
v -300.50000 550.00000 0.35000
f 33 35 34
f 33 36 35
f 37 38 39
f 37 39 40
f 33 34 38
f 33 38 37
f 34 35 39
f 34 39 38
f 35 36 40
f 35 40 39
f 36 33 37
f 36 37 40
o Floor_seam_X_-200_5
usemtl Stage
v -200.50000 -550.00000 0.05000
v -199.50000 -550.00000 0.05000
v -199.50000 550.00000 0.05000
v -200.50000 550.00000 0.05000
v -200.50000 -550.00000 0.35000
v -199.50000 -550.00000 0.35000
v -199.50000 550.00000 0.35000
v -200.50000 550.00000 0.35000
f 41 43 42
f 41 44 43
f 45 46 47
f 45 47 48
f 41 42 46
f 41 46 45
f 42 43 47
f 42 47 46
f 43 44 48
f 43 48 47
f 44 41 45
f 44 45 48
o Floor_seam_X_-100_6
usemtl Stage
v -100.50000 -550.00000 0.05000
v -99.50000 -550.00000 0.05000
v -99.50000 550.00000 0.05000
v -100.50000 550.00000 0.05000
v -100.50000 -550.00000 0.35000
v -99.50000 -550.00000 0.35000
v -99.50000 550.00000 0.35000
v -100.50000 550.00000 0.35000
f 49 51 50
f 49 52 51
f 53 54 55
f 53 55 56
f 49 50 54
f 49 54 53
f 50 51 55
f 50 55 54
f 51 52 56
f 51 56 55
f 52 49 53
f 52 53 56
o Floor_seam_X_0_7
usemtl Stage
v -0.50000 -550.00000 0.05000
v 0.50000 -550.00000 0.05000
v 0.50000 550.00000 0.05000
v -0.50000 550.00000 0.05000
v -0.50000 -550.00000 0.35000
v 0.50000 -550.00000 0.35000
v 0.50000 550.00000 0.35000
v -0.50000 550.00000 0.35000
f 57 59 58
f 57 60 59
f 61 62 63
f 61 63 64
f 57 58 62
f 57 62 61
f 58 59 63
f 58 63 62
f 59 60 64
f 59 64 63
f 60 57 61
f 60 61 64
o Floor_seam_X_100_8
usemtl Stage
v 99.50000 -550.00000 0.05000
v 100.50000 -550.00000 0.05000
v 100.50000 550.00000 0.05000
v 99.50000 550.00000 0.05000
v 99.50000 -550.00000 0.35000
v 100.50000 -550.00000 0.35000
v 100.50000 550.00000 0.35000
v 99.50000 550.00000 0.35000
f 65 67 66
f 65 68 67
f 69 70 71
f 69 71 72
f 65 66 70
f 65 70 69
f 66 67 71
f 66 71 70
f 67 68 72
f 67 72 71
f 68 65 69
f 68 69 72
o Floor_seam_X_200_9
usemtl Stage
v 199.50000 -550.00000 0.05000
v 200.50000 -550.00000 0.05000
v 200.50000 550.00000 0.05000
v 199.50000 550.00000 0.05000
v 199.50000 -550.00000 0.35000
v 200.50000 -550.00000 0.35000
v 200.50000 550.00000 0.35000
v 199.50000 550.00000 0.35000
f 73 75 74
f 73 76 75
f 77 78 79
f 77 79 80
f 73 74 78
f 73 78 77
f 74 75 79
f 74 79 78
f 75 76 80
f 75 80 79
f 76 73 77
f 76 77 80
o Floor_seam_X_300_10
usemtl Stage
v 299.50000 -550.00000 0.05000
v 300.50000 -550.00000 0.05000
v 300.50000 550.00000 0.05000
v 299.50000 550.00000 0.05000
v 299.50000 -550.00000 0.35000
v 300.50000 -550.00000 0.35000
v 300.50000 550.00000 0.35000
v 299.50000 550.00000 0.35000
f 81 83 82
f 81 84 83
f 85 86 87
f 85 87 88
f 81 82 86
f 81 86 85
f 82 83 87
f 82 87 86
f 83 84 88
f 83 88 87
f 84 81 85
f 84 85 88
o Floor_seam_X_400_11
usemtl Stage
v 399.50000 -550.00000 0.05000
v 400.50000 -550.00000 0.05000
v 400.50000 550.00000 0.05000
v 399.50000 550.00000 0.05000
v 399.50000 -550.00000 0.35000
v 400.50000 -550.00000 0.35000
v 400.50000 550.00000 0.35000
v 399.50000 550.00000 0.35000
f 89 91 90
f 89 92 91
f 93 94 95
f 93 95 96
f 89 90 94
f 89 94 93
f 90 91 95
f 90 95 94
f 91 92 96
f 91 96 95
f 92 89 93
f 92 93 96
o Floor_seam_X_500_12
usemtl Stage
v 499.50000 -550.00000 0.05000
v 500.50000 -550.00000 0.05000
v 500.50000 550.00000 0.05000
v 499.50000 550.00000 0.05000
v 499.50000 -550.00000 0.35000
v 500.50000 -550.00000 0.35000
v 500.50000 550.00000 0.35000
v 499.50000 550.00000 0.35000
f 97 99 98
f 97 100 99
f 101 102 103
f 101 103 104
f 97 98 102
f 97 102 101
f 98 99 103
f 98 103 102
f 99 100 104
f 99 104 103
f 100 97 101
f 100 101 104
o Floor_seam_X_600_13
usemtl Stage
v 599.50000 -550.00000 0.05000
v 600.50000 -550.00000 0.05000
v 600.50000 550.00000 0.05000
v 599.50000 550.00000 0.05000
v 599.50000 -550.00000 0.35000
v 600.50000 -550.00000 0.35000
v 600.50000 550.00000 0.35000
v 599.50000 550.00000 0.35000
f 105 107 106
f 105 108 107
f 109 110 111
f 109 111 112
f 105 106 110
f 105 110 109
f 106 107 111
f 106 111 110
f 107 108 112
f 107 112 111
f 108 105 109
f 108 109 112
o Floor_seam_X_700_14
usemtl Stage
v 699.50000 -550.00000 0.05000
v 700.50000 -550.00000 0.05000
v 700.50000 550.00000 0.05000
v 699.50000 550.00000 0.05000
v 699.50000 -550.00000 0.35000
v 700.50000 -550.00000 0.35000
v 700.50000 550.00000 0.35000
v 699.50000 550.00000 0.35000
f 113 115 114
f 113 116 115
f 117 118 119
f 117 119 120
f 113 114 118
f 113 118 117
f 114 115 119
f 114 119 118
f 115 116 120
f 115 120 119
f 116 113 117
f 116 117 120
o Floor_seam_Y_-500_15
usemtl Stage
v -700.00000 -500.50000 0.05000
v 700.00000 -500.50000 0.05000
v 700.00000 -499.50000 0.05000
v -700.00000 -499.50000 0.05000
v -700.00000 -500.50000 0.35000
v 700.00000 -500.50000 0.35000
v 700.00000 -499.50000 0.35000
v -700.00000 -499.50000 0.35000
f 121 123 122
f 121 124 123
f 125 126 127
f 125 127 128
f 121 122 126
f 121 126 125
f 122 123 127
f 122 127 126
f 123 124 128
f 123 128 127
f 124 121 125
f 124 125 128
o Floor_seam_Y_-400_16
usemtl Stage
v -700.00000 -400.50000 0.05000
v 700.00000 -400.50000 0.05000
v 700.00000 -399.50000 0.05000
v -700.00000 -399.50000 0.05000
v -700.00000 -400.50000 0.35000
v 700.00000 -400.50000 0.35000
v 700.00000 -399.50000 0.35000
v -700.00000 -399.50000 0.35000
f 129 131 130
f 129 132 131
f 133 134 135
f 133 135 136
f 129 130 134
f 129 134 133
f 130 131 135
f 130 135 134
f 131 132 136
f 131 136 135
f 132 129 133
f 132 133 136
o Floor_seam_Y_-300_17
usemtl Stage
v -700.00000 -300.50000 0.05000
v 700.00000 -300.50000 0.05000
v 700.00000 -299.50000 0.05000
v -700.00000 -299.50000 0.05000
v -700.00000 -300.50000 0.35000
v 700.00000 -300.50000 0.35000
v 700.00000 -299.50000 0.35000
v -700.00000 -299.50000 0.35000
f 137 139 138
f 137 140 139
f 141 142 143
f 141 143 144
f 137 138 142
f 137 142 141
f 138 139 143
f 138 143 142
f 139 140 144
f 139 144 143
f 140 137 141
f 140 141 144
o Floor_seam_Y_-200_18
usemtl Stage
v -700.00000 -200.50000 0.05000
v 700.00000 -200.50000 0.05000
v 700.00000 -199.50000 0.05000
v -700.00000 -199.50000 0.05000
v -700.00000 -200.50000 0.35000
v 700.00000 -200.50000 0.35000
v 700.00000 -199.50000 0.35000
v -700.00000 -199.50000 0.35000
f 145 147 146
f 145 148 147
f 149 150 151
f 149 151 152
f 145 146 150
f 145 150 149
f 146 147 151
f 146 151 150
f 147 148 152
f 147 152 151
f 148 145 149
f 148 149 152
o Floor_seam_Y_-100_19
usemtl Stage
v -700.00000 -100.50000 0.05000
v 700.00000 -100.50000 0.05000
v 700.00000 -99.50000 0.05000
v -700.00000 -99.50000 0.05000
v -700.00000 -100.50000 0.35000
v 700.00000 -100.50000 0.35000
v 700.00000 -99.50000 0.35000
v -700.00000 -99.50000 0.35000
f 153 155 154
f 153 156 155
f 157 158 159
f 157 159 160
f 153 154 158
f 153 158 157
f 154 155 159
f 154 159 158
f 155 156 160
f 155 160 159
f 156 153 157
f 156 157 160
o Floor_seam_Y_0_20
usemtl Stage
v -700.00000 -0.50000 0.05000
v 700.00000 -0.50000 0.05000
v 700.00000 0.50000 0.05000
v -700.00000 0.50000 0.05000
v -700.00000 -0.50000 0.35000
v 700.00000 -0.50000 0.35000
v 700.00000 0.50000 0.35000
v -700.00000 0.50000 0.35000
f 161 163 162
f 161 164 163
f 165 166 167
f 165 167 168
f 161 162 166
f 161 166 165
f 162 163 167
f 162 167 166
f 163 164 168
f 163 168 167
f 164 161 165
f 164 165 168
o Floor_seam_Y_100_21
usemtl Stage
v -700.00000 99.50000 0.05000
v 700.00000 99.50000 0.05000
v 700.00000 100.50000 0.05000
v -700.00000 100.50000 0.05000
v -700.00000 99.50000 0.35000
v 700.00000 99.50000 0.35000
v 700.00000 100.50000 0.35000
v -700.00000 100.50000 0.35000
f 169 171 170
f 169 172 171
f 173 174 175
f 173 175 176
f 169 170 174
f 169 174 173
f 170 171 175
f 170 175 174
f 171 172 176
f 171 176 175
f 172 169 173
f 172 173 176
o Floor_seam_Y_200_22
usemtl Stage
v -700.00000 199.50000 0.05000
v 700.00000 199.50000 0.05000
v 700.00000 200.50000 0.05000
v -700.00000 200.50000 0.05000
v -700.00000 199.50000 0.35000
v 700.00000 199.50000 0.35000
v 700.00000 200.50000 0.35000
v -700.00000 200.50000 0.35000
f 177 179 178
f 177 180 179
f 181 182 183
f 181 183 184
f 177 178 182
f 177 182 181
f 178 179 183
f 178 183 182
f 179 180 184
f 179 184 183
f 180 177 181
f 180 181 184
o Floor_seam_Y_300_23
usemtl Stage
v -700.00000 299.50000 0.05000
v 700.00000 299.50000 0.05000
v 700.00000 300.50000 0.05000
v -700.00000 300.50000 0.05000
v -700.00000 299.50000 0.35000
v 700.00000 299.50000 0.35000
v 700.00000 300.50000 0.35000
v -700.00000 300.50000 0.35000
f 185 187 186
f 185 188 187
f 189 190 191
f 189 191 192
f 185 186 190
f 185 190 189
f 186 187 191
f 186 191 190
f 187 188 192
f 187 192 191
f 188 185 189
f 188 189 192
o Floor_seam_Y_400_24
usemtl Stage
v -700.00000 399.50000 0.05000
v 700.00000 399.50000 0.05000
v 700.00000 400.50000 0.05000
v -700.00000 400.50000 0.05000
v -700.00000 399.50000 0.35000
v 700.00000 399.50000 0.35000
v 700.00000 400.50000 0.35000
v -700.00000 400.50000 0.35000
f 193 195 194
f 193 196 195
f 197 198 199
f 197 199 200
f 193 194 198
f 193 198 197
f 194 195 199
f 194 199 198
f 195 196 200
f 195 200 199
f 196 193 197
f 196 197 200
o Floor_seam_Y_500_25
usemtl Stage
v -700.00000 499.50000 0.05000
v 700.00000 499.50000 0.05000
v 700.00000 500.50000 0.05000
v -700.00000 500.50000 0.05000
v -700.00000 499.50000 0.35000
v 700.00000 499.50000 0.35000
v 700.00000 500.50000 0.35000
v -700.00000 500.50000 0.35000
f 201 203 202
f 201 204 203
f 205 206 207
f 205 207 208
f 201 202 206
f 201 206 205
f 202 203 207
f 202 207 206
f 203 204 208
f 203 208 207
f 204 201 205
f 204 205 208
o Stage_lower_step_26
usemtl Stage
v 510.00000 50.00000 0.00000
v 507.54421 81.85557 0.00000
v 500.20049 113.40435 0.00000
v 488.03957 144.34252 0.00000
v 471.17856 174.37212 0.00000
v 449.77984 203.20394 0.00000
v 424.04950 230.56033 0.00000
v 394.23533 256.17782 0.00000
v 360.62446 279.80970 0.00000
v 323.54057 301.22840 0.00000
v 283.34082 320.22762 0.00000
v 240.41234 336.62441 0.00000
v 195.16855 350.26085 0.00000
v 148.04519 361.00561 0.00000
v 99.49606 368.75522 0.00000
v 49.98874 373.43504 0.00000
v 0.00000 375.00000 0.00000
v -49.98874 373.43504 0.00000
v -99.49606 368.75522 0.00000
v -148.04519 361.00561 0.00000
v -195.16855 350.26085 0.00000
v -240.41234 336.62441 0.00000
v -283.34082 320.22762 0.00000
v -323.54057 301.22840 0.00000
v -360.62446 279.80970 0.00000
v -394.23533 256.17782 0.00000
v -424.04950 230.56033 0.00000
v -449.77984 203.20394 0.00000
v -471.17856 174.37212 0.00000
v -488.03957 144.34252 0.00000
v -500.20049 113.40435 0.00000
v -507.54421 81.85557 0.00000
v -510.00000 50.00000 0.00000
v -507.54421 18.14443 0.00000
v -500.20049 -13.40435 0.00000
v -488.03957 -44.34252 0.00000
v -471.17856 -74.37212 0.00000
v -449.77984 -103.20394 0.00000
v -424.04950 -130.56033 0.00000
v -394.23533 -156.17782 0.00000
v -360.62446 -179.80970 0.00000
v -323.54057 -201.22840 0.00000
v -283.34082 -220.22762 0.00000
v -240.41234 -236.62441 0.00000
v -195.16855 -250.26085 0.00000
v -148.04519 -261.00561 0.00000
v -99.49606 -268.75522 0.00000
v -49.98874 -273.43504 0.00000
v -0.00000 -275.00000 0.00000
v 49.98874 -273.43504 0.00000
v 99.49606 -268.75522 0.00000
v 148.04519 -261.00561 0.00000
v 195.16855 -250.26085 0.00000
v 240.41234 -236.62441 0.00000
v 283.34082 -220.22762 0.00000
v 323.54057 -201.22840 0.00000
v 360.62446 -179.80970 0.00000
v 394.23533 -156.17782 0.00000
v 424.04950 -130.56033 0.00000
v 449.77984 -103.20394 0.00000
v 471.17856 -74.37212 0.00000
v 488.03957 -44.34252 0.00000
v 500.20049 -13.40435 0.00000
v 507.54421 18.14443 0.00000
v 510.00000 50.00000 14.00000
v 507.54421 81.85557 14.00000
v 500.20049 113.40435 14.00000
v 488.03957 144.34252 14.00000
v 471.17856 174.37212 14.00000
v 449.77984 203.20394 14.00000
v 424.04950 230.56033 14.00000
v 394.23533 256.17782 14.00000
v 360.62446 279.80970 14.00000
v 323.54057 301.22840 14.00000
v 283.34082 320.22762 14.00000
v 240.41234 336.62441 14.00000
v 195.16855 350.26085 14.00000
v 148.04519 361.00561 14.00000
v 99.49606 368.75522 14.00000
v 49.98874 373.43504 14.00000
v 0.00000 375.00000 14.00000
v -49.98874 373.43504 14.00000
v -99.49606 368.75522 14.00000
v -148.04519 361.00561 14.00000
v -195.16855 350.26085 14.00000
v -240.41234 336.62441 14.00000
v -283.34082 320.22762 14.00000
v -323.54057 301.22840 14.00000
v -360.62446 279.80970 14.00000
v -394.23533 256.17782 14.00000
v -424.04950 230.56033 14.00000
v -449.77984 203.20394 14.00000
v -471.17856 174.37212 14.00000
v -488.03957 144.34252 14.00000
v -500.20049 113.40435 14.00000
v -507.54421 81.85557 14.00000
v -510.00000 50.00000 14.00000
v -507.54421 18.14443 14.00000
v -500.20049 -13.40435 14.00000
v -488.03957 -44.34252 14.00000
v -471.17856 -74.37212 14.00000
v -449.77984 -103.20394 14.00000
v -424.04950 -130.56033 14.00000
v -394.23533 -156.17782 14.00000
v -360.62446 -179.80970 14.00000
v -323.54057 -201.22840 14.00000
v -283.34082 -220.22762 14.00000
v -240.41234 -236.62441 14.00000
v -195.16855 -250.26085 14.00000
v -148.04519 -261.00561 14.00000
v -99.49606 -268.75522 14.00000
v -49.98874 -273.43504 14.00000
v -0.00000 -275.00000 14.00000
v 49.98874 -273.43504 14.00000
v 99.49606 -268.75522 14.00000
v 148.04519 -261.00561 14.00000
v 195.16855 -250.26085 14.00000
v 240.41234 -236.62441 14.00000
v 283.34082 -220.22762 14.00000
v 323.54057 -201.22840 14.00000
v 360.62446 -179.80970 14.00000
v 394.23533 -156.17782 14.00000
v 424.04950 -130.56033 14.00000
v 449.77984 -103.20394 14.00000
v 471.17856 -74.37212 14.00000
v 488.03957 -44.34252 14.00000
v 500.20049 -13.40435 14.00000
v 507.54421 18.14443 14.00000
f 209 211 210
f 273 274 275
f 209 212 211
f 273 275 276
f 209 213 212
f 273 276 277
f 209 214 213
f 273 277 278
f 209 215 214
f 273 278 279
f 209 216 215
f 273 279 280
f 209 217 216
f 273 280 281
f 209 218 217
f 273 281 282
f 209 219 218
f 273 282 283
f 209 220 219
f 273 283 284
f 209 221 220
f 273 284 285
f 209 222 221
f 273 285 286
f 209 223 222
f 273 286 287
f 209 224 223
f 273 287 288
f 209 225 224
f 273 288 289
f 209 226 225
f 273 289 290
f 209 227 226
f 273 290 291
f 209 228 227
f 273 291 292
f 209 229 228
f 273 292 293
f 209 230 229
f 273 293 294
f 209 231 230
f 273 294 295
f 209 232 231
f 273 295 296
f 209 233 232
f 273 296 297
f 209 234 233
f 273 297 298
f 209 235 234
f 273 298 299
f 209 236 235
f 273 299 300
f 209 237 236
f 273 300 301
f 209 238 237
f 273 301 302
f 209 239 238
f 273 302 303
f 209 240 239
f 273 303 304
f 209 241 240
f 273 304 305
f 209 242 241
f 273 305 306
f 209 243 242
f 273 306 307
f 209 244 243
f 273 307 308
f 209 245 244
f 273 308 309
f 209 246 245
f 273 309 310
f 209 247 246
f 273 310 311
f 209 248 247
f 273 311 312
f 209 249 248
f 273 312 313
f 209 250 249
f 273 313 314
f 209 251 250
f 273 314 315
f 209 252 251
f 273 315 316
f 209 253 252
f 273 316 317
f 209 254 253
f 273 317 318
f 209 255 254
f 273 318 319
f 209 256 255
f 273 319 320
f 209 257 256
f 273 320 321
f 209 258 257
f 273 321 322
f 209 259 258
f 273 322 323
f 209 260 259
f 273 323 324
f 209 261 260
f 273 324 325
f 209 262 261
f 273 325 326
f 209 263 262
f 273 326 327
f 209 264 263
f 273 327 328
f 209 265 264
f 273 328 329
f 209 266 265
f 273 329 330
f 209 267 266
f 273 330 331
f 209 268 267
f 273 331 332
f 209 269 268
f 273 332 333
f 209 270 269
f 273 333 334
f 209 271 270
f 273 334 335
f 209 272 271
f 273 335 336
f 209 210 274
f 209 274 273
f 210 211 275
f 210 275 274
f 211 212 276
f 211 276 275
f 212 213 277
f 212 277 276
f 213 214 278
f 213 278 277
f 214 215 279
f 214 279 278
f 215 216 280
f 215 280 279
f 216 217 281
f 216 281 280
f 217 218 282
f 217 282 281
f 218 219 283
f 218 283 282
f 219 220 284
f 219 284 283
f 220 221 285
f 220 285 284
f 221 222 286
f 221 286 285
f 222 223 287
f 222 287 286
f 223 224 288
f 223 288 287
f 224 225 289
f 224 289 288
f 225 226 290
f 225 290 289
f 226 227 291
f 226 291 290
f 227 228 292
f 227 292 291
f 228 229 293
f 228 293 292
f 229 230 294
f 229 294 293
f 230 231 295
f 230 295 294
f 231 232 296
f 231 296 295
f 232 233 297
f 232 297 296
f 233 234 298
f 233 298 297
f 234 235 299
f 234 299 298
f 235 236 300
f 235 300 299
f 236 237 301
f 236 301 300
f 237 238 302
f 237 302 301
f 238 239 303
f 238 303 302
f 239 240 304
f 239 304 303
f 240 241 305
f 240 305 304
f 241 242 306
f 241 306 305
f 242 243 307
f 242 307 306
f 243 244 308
f 243 308 307
f 244 245 309
f 244 309 308
f 245 246 310
f 245 310 309
f 246 247 311
f 246 311 310
f 247 248 312
f 247 312 311
f 248 249 313
f 248 313 312
f 249 250 314
f 249 314 313
f 250 251 315
f 250 315 314
f 251 252 316
f 251 316 315
f 252 253 317
f 252 317 316
f 253 254 318
f 253 318 317
f 254 255 319
f 254 319 318
f 255 256 320
f 255 320 319
f 256 257 321
f 256 321 320
f 257 258 322
f 257 322 321
f 258 259 323
f 258 323 322
f 259 260 324
f 259 324 323
f 260 261 325
f 260 325 324
f 261 262 326
f 261 326 325
f 262 263 327
f 262 327 326
f 263 264 328
f 263 328 327
f 264 265 329
f 264 329 328
f 265 266 330
f 265 330 329
f 266 267 331
f 266 331 330
f 267 268 332
f 267 332 331
f 268 269 333
f 268 333 332
f 269 270 334
f 269 334 333
f 270 271 335
f 270 335 334
f 271 272 336
f 271 336 335
f 272 209 273
f 272 273 336
o Stage_luminous_rim_27
usemtl Cyan
v 478.00000 50.00000 14.00000
v 475.69830 78.81704 14.00000
v 468.81536 107.35655 14.00000
v 457.41748 135.34370 14.00000
v 441.61442 162.50893 14.00000
v 421.55836 188.59064 14.00000
v 397.44247 213.33765 14.00000
v 369.49900 236.51163 14.00000
v 337.99704 257.88939 14.00000
v 303.23999 277.26507 14.00000
v 265.56257 294.45207 14.00000
v 225.32764 309.28485 14.00000
v 182.92268 321.62058 14.00000
v 138.75608 331.34046 14.00000
v 93.25317 338.35087 14.00000
v 46.85219 342.58431 14.00000
v 0.00000 344.00000 14.00000
v -46.85219 342.58431 14.00000
v -93.25317 338.35087 14.00000
v -138.75608 331.34046 14.00000
v -182.92268 321.62058 14.00000
v -225.32764 309.28485 14.00000
v -265.56257 294.45207 14.00000
v -303.23999 277.26507 14.00000
v -337.99704 257.88939 14.00000
v -369.49900 236.51163 14.00000
v -397.44247 213.33765 14.00000
v -421.55836 188.59064 14.00000
v -441.61442 162.50893 14.00000
v -457.41748 135.34370 14.00000
v -468.81536 107.35655 14.00000
v -475.69830 78.81704 14.00000
v -478.00000 50.00000 14.00000
v -475.69830 21.18296 14.00000
v -468.81536 -7.35655 14.00000
v -457.41748 -35.34370 14.00000
v -441.61442 -62.50893 14.00000
v -421.55836 -88.59064 14.00000
v -397.44247 -113.33765 14.00000
v -369.49900 -136.51163 14.00000
v -337.99704 -157.88939 14.00000
v -303.23999 -177.26507 14.00000
v -265.56257 -194.45207 14.00000
v -225.32764 -209.28485 14.00000
v -182.92268 -221.62058 14.00000
v -138.75608 -231.34046 14.00000
v -93.25317 -238.35087 14.00000
v -46.85219 -242.58431 14.00000
v -0.00000 -244.00000 14.00000
v 46.85219 -242.58431 14.00000
v 93.25317 -238.35087 14.00000
v 138.75608 -231.34046 14.00000
v 182.92268 -221.62058 14.00000
v 225.32764 -209.28485 14.00000
v 265.56257 -194.45207 14.00000
v 303.23999 -177.26507 14.00000
v 337.99704 -157.88939 14.00000
v 369.49900 -136.51163 14.00000
v 397.44247 -113.33765 14.00000
v 421.55836 -88.59064 14.00000
v 441.61442 -62.50893 14.00000
v 457.41748 -35.34370 14.00000
v 468.81536 -7.35655 14.00000
v 475.69830 21.18296 14.00000
v 478.00000 50.00000 18.00000
v 475.69830 78.81704 18.00000
v 468.81536 107.35655 18.00000
v 457.41748 135.34370 18.00000
v 441.61442 162.50893 18.00000
v 421.55836 188.59064 18.00000
v 397.44247 213.33765 18.00000
v 369.49900 236.51163 18.00000
v 337.99704 257.88939 18.00000
v 303.23999 277.26507 18.00000
v 265.56257 294.45207 18.00000
v 225.32764 309.28485 18.00000
v 182.92268 321.62058 18.00000
v 138.75608 331.34046 18.00000
v 93.25317 338.35087 18.00000
v 46.85219 342.58431 18.00000
v 0.00000 344.00000 18.00000
v -46.85219 342.58431 18.00000
v -93.25317 338.35087 18.00000
v -138.75608 331.34046 18.00000
v -182.92268 321.62058 18.00000
v -225.32764 309.28485 18.00000
v -265.56257 294.45207 18.00000
v -303.23999 277.26507 18.00000
v -337.99704 257.88939 18.00000
v -369.49900 236.51163 18.00000
v -397.44247 213.33765 18.00000
v -421.55836 188.59064 18.00000
v -441.61442 162.50893 18.00000
v -457.41748 135.34370 18.00000
v -468.81536 107.35655 18.00000
v -475.69830 78.81704 18.00000
v -478.00000 50.00000 18.00000
v -475.69830 21.18296 18.00000
v -468.81536 -7.35655 18.00000
v -457.41748 -35.34370 18.00000
v -441.61442 -62.50893 18.00000
v -421.55836 -88.59064 18.00000
v -397.44247 -113.33765 18.00000
v -369.49900 -136.51163 18.00000
v -337.99704 -157.88939 18.00000
v -303.23999 -177.26507 18.00000
v -265.56257 -194.45207 18.00000
v -225.32764 -209.28485 18.00000
v -182.92268 -221.62058 18.00000
v -138.75608 -231.34046 18.00000
v -93.25317 -238.35087 18.00000
v -46.85219 -242.58431 18.00000
v -0.00000 -244.00000 18.00000
v 46.85219 -242.58431 18.00000
v 93.25317 -238.35087 18.00000
v 138.75608 -231.34046 18.00000
v 182.92268 -221.62058 18.00000
v 225.32764 -209.28485 18.00000
v 265.56257 -194.45207 18.00000
v 303.23999 -177.26507 18.00000
v 337.99704 -157.88939 18.00000
v 369.49900 -136.51163 18.00000
v 397.44247 -113.33765 18.00000
v 421.55836 -88.59064 18.00000
v 441.61442 -62.50893 18.00000
v 457.41748 -35.34370 18.00000
v 468.81536 -7.35655 18.00000
v 475.69830 21.18296 18.00000
f 337 339 338
f 401 402 403
f 337 340 339
f 401 403 404
f 337 341 340
f 401 404 405
f 337 342 341
f 401 405 406
f 337 343 342
f 401 406 407
f 337 344 343
f 401 407 408
f 337 345 344
f 401 408 409
f 337 346 345
f 401 409 410
f 337 347 346
f 401 410 411
f 337 348 347
f 401 411 412
f 337 349 348
f 401 412 413
f 337 350 349
f 401 413 414
f 337 351 350
f 401 414 415
f 337 352 351
f 401 415 416
f 337 353 352
f 401 416 417
f 337 354 353
f 401 417 418
f 337 355 354
f 401 418 419
f 337 356 355
f 401 419 420
f 337 357 356
f 401 420 421
f 337 358 357
f 401 421 422
f 337 359 358
f 401 422 423
f 337 360 359
f 401 423 424
f 337 361 360
f 401 424 425
f 337 362 361
f 401 425 426
f 337 363 362
f 401 426 427
f 337 364 363
f 401 427 428
f 337 365 364
f 401 428 429
f 337 366 365
f 401 429 430
f 337 367 366
f 401 430 431
f 337 368 367
f 401 431 432
f 337 369 368
f 401 432 433
f 337 370 369
f 401 433 434
f 337 371 370
f 401 434 435
f 337 372 371
f 401 435 436
f 337 373 372
f 401 436 437
f 337 374 373
f 401 437 438
f 337 375 374
f 401 438 439
f 337 376 375
f 401 439 440
f 337 377 376
f 401 440 441
f 337 378 377
f 401 441 442
f 337 379 378
f 401 442 443
f 337 380 379
f 401 443 444
f 337 381 380
f 401 444 445
f 337 382 381
f 401 445 446
f 337 383 382
f 401 446 447
f 337 384 383
f 401 447 448
f 337 385 384
f 401 448 449
f 337 386 385
f 401 449 450
f 337 387 386
f 401 450 451
f 337 388 387
f 401 451 452
f 337 389 388
f 401 452 453
f 337 390 389
f 401 453 454
f 337 391 390
f 401 454 455
f 337 392 391
f 401 455 456
f 337 393 392
f 401 456 457
f 337 394 393
f 401 457 458
f 337 395 394
f 401 458 459
f 337 396 395
f 401 459 460
f 337 397 396
f 401 460 461
f 337 398 397
f 401 461 462
f 337 399 398
f 401 462 463
f 337 400 399
f 401 463 464
f 337 338 402
f 337 402 401
f 338 339 403
f 338 403 402
f 339 340 404
f 339 404 403
f 340 341 405
f 340 405 404
f 341 342 406
f 341 406 405
f 342 343 407
f 342 407 406
f 343 344 408
f 343 408 407
f 344 345 409
f 344 409 408
f 345 346 410
f 345 410 409
f 346 347 411
f 346 411 410
f 347 348 412
f 347 412 411
f 348 349 413
f 348 413 412
f 349 350 414
f 349 414 413
f 350 351 415
f 350 415 414
f 351 352 416
f 351 416 415
f 352 353 417
f 352 417 416
f 353 354 418
f 353 418 417
f 354 355 419
f 354 419 418
f 355 356 420
f 355 420 419
f 356 357 421
f 356 421 420
f 357 358 422
f 357 422 421
f 358 359 423
f 358 423 422
f 359 360 424
f 359 424 423
f 360 361 425
f 360 425 424
f 361 362 426
f 361 426 425
f 362 363 427
f 362 427 426
f 363 364 428
f 363 428 427
f 364 365 429
f 364 429 428
f 365 366 430
f 365 430 429
f 366 367 431
f 366 431 430
f 367 368 432
f 367 432 431
f 368 369 433
f 368 433 432
f 369 370 434
f 369 434 433
f 370 371 435
f 370 435 434
f 371 372 436
f 371 436 435
f 372 373 437
f 372 437 436
f 373 374 438
f 373 438 437
f 374 375 439
f 374 439 438
f 375 376 440
f 375 440 439
f 376 377 441
f 376 441 440
f 377 378 442
f 377 442 441
f 378 379 443
f 378 443 442
f 379 380 444
f 379 444 443
f 380 381 445
f 380 445 444
f 381 382 446
f 381 446 445
f 382 383 447
f 382 447 446
f 383 384 448
f 383 448 447
f 384 385 449
f 384 449 448
f 385 386 450
f 385 450 449
f 386 387 451
f 386 451 450
f 387 388 452
f 387 452 451
f 388 389 453
f 388 453 452
f 389 390 454
f 389 454 453
f 390 391 455
f 390 455 454
f 391 392 456
f 391 456 455
f 392 393 457
f 392 457 456
f 393 394 458
f 393 458 457
f 394 395 459
f 394 459 458
f 395 396 460
f 395 460 459
f 396 397 461
f 396 461 460
f 397 398 462
f 397 462 461
f 398 399 463
f 398 463 462
f 399 400 464
f 399 464 463
f 400 337 401
f 400 401 464
o Stage_upper_deck_28
usemtl Dark
v 474.00000 50.00000 18.00000
v 471.71756 78.42497 18.00000
v 464.89222 106.57619 18.00000
v 453.58972 134.18256 18.00000
v 437.91890 160.97820 18.00000
v 418.03068 186.70505 18.00000
v 394.11660 211.11537 18.00000
v 366.40695 233.97405 18.00000
v 335.16861 255.06097 18.00000
v 300.70242 274.17303 18.00000
v 263.34029 291.12619 18.00000
v 223.44205 305.75717 18.00000
v 181.39195 317.92506 18.00000
v 137.59494 327.51270 18.00000
v 92.47281 334.42773 18.00000
v 46.46012 338.60357 18.00000
v 0.00000 340.00000 18.00000
v -46.46012 338.60357 18.00000
v -92.47281 334.42773 18.00000
v -137.59494 327.51270 18.00000
v -181.39195 317.92506 18.00000
v -223.44205 305.75717 18.00000
v -263.34029 291.12619 18.00000
v -300.70242 274.17303 18.00000
v -335.16861 255.06097 18.00000
v -366.40695 233.97405 18.00000
v -394.11660 211.11537 18.00000
v -418.03068 186.70505 18.00000
v -437.91890 160.97820 18.00000
v -453.58972 134.18256 18.00000
v -464.89222 106.57619 18.00000
v -471.71756 78.42497 18.00000
v -474.00000 50.00000 18.00000
v -471.71756 21.57503 18.00000
v -464.89222 -6.57619 18.00000
v -453.58972 -34.18256 18.00000
v -437.91890 -60.97820 18.00000
v -418.03068 -86.70505 18.00000
v -394.11660 -111.11537 18.00000
v -366.40695 -133.97405 18.00000
v -335.16861 -155.06097 18.00000
v -300.70242 -174.17303 18.00000
v -263.34029 -191.12619 18.00000
v -223.44205 -205.75717 18.00000
v -181.39195 -217.92506 18.00000
v -137.59494 -227.51270 18.00000
v -92.47281 -234.42773 18.00000
v -46.46012 -238.60357 18.00000
v -0.00000 -240.00000 18.00000
v 46.46012 -238.60357 18.00000
v 92.47281 -234.42773 18.00000
v 137.59494 -227.51270 18.00000
v 181.39195 -217.92506 18.00000
v 223.44205 -205.75717 18.00000
v 263.34029 -191.12619 18.00000
v 300.70242 -174.17303 18.00000
v 335.16861 -155.06097 18.00000
v 366.40695 -133.97405 18.00000
v 394.11660 -111.11537 18.00000
v 418.03068 -86.70505 18.00000
v 437.91890 -60.97820 18.00000
v 453.58972 -34.18256 18.00000
v 464.89222 -6.57619 18.00000
v 471.71756 21.57503 18.00000
v 474.00000 50.00000 35.00000
v 471.71756 78.42497 35.00000
v 464.89222 106.57619 35.00000
v 453.58972 134.18256 35.00000
v 437.91890 160.97820 35.00000
v 418.03068 186.70505 35.00000
v 394.11660 211.11537 35.00000
v 366.40695 233.97405 35.00000
v 335.16861 255.06097 35.00000
v 300.70242 274.17303 35.00000
v 263.34029 291.12619 35.00000
v 223.44205 305.75717 35.00000
v 181.39195 317.92506 35.00000
v 137.59494 327.51270 35.00000
v 92.47281 334.42773 35.00000
v 46.46012 338.60357 35.00000
v 0.00000 340.00000 35.00000
v -46.46012 338.60357 35.00000
v -92.47281 334.42773 35.00000
v -137.59494 327.51270 35.00000
v -181.39195 317.92506 35.00000
v -223.44205 305.75717 35.00000
v -263.34029 291.12619 35.00000
v -300.70242 274.17303 35.00000
v -335.16861 255.06097 35.00000
v -366.40695 233.97405 35.00000
v -394.11660 211.11537 35.00000
v -418.03068 186.70505 35.00000
v -437.91890 160.97820 35.00000
v -453.58972 134.18256 35.00000
v -464.89222 106.57619 35.00000
v -471.71756 78.42497 35.00000
v -474.00000 50.00000 35.00000
v -471.71756 21.57503 35.00000
v -464.89222 -6.57619 35.00000
v -453.58972 -34.18256 35.00000
v -437.91890 -60.97820 35.00000
v -418.03068 -86.70505 35.00000
v -394.11660 -111.11537 35.00000
v -366.40695 -133.97405 35.00000
v -335.16861 -155.06097 35.00000
v -300.70242 -174.17303 35.00000
v -263.34029 -191.12619 35.00000
v -223.44205 -205.75717 35.00000
v -181.39195 -217.92506 35.00000
v -137.59494 -227.51270 35.00000
v -92.47281 -234.42773 35.00000
v -46.46012 -238.60357 35.00000
v -0.00000 -240.00000 35.00000
v 46.46012 -238.60357 35.00000
v 92.47281 -234.42773 35.00000
v 137.59494 -227.51270 35.00000
v 181.39195 -217.92506 35.00000
v 223.44205 -205.75717 35.00000
v 263.34029 -191.12619 35.00000
v 300.70242 -174.17303 35.00000
v 335.16861 -155.06097 35.00000
v 366.40695 -133.97405 35.00000
v 394.11660 -111.11537 35.00000
v 418.03068 -86.70505 35.00000
v 437.91890 -60.97820 35.00000
v 453.58972 -34.18256 35.00000
v 464.89222 -6.57619 35.00000
v 471.71756 21.57503 35.00000
f 465 467 466
f 529 530 531
f 465 468 467
f 529 531 532
f 465 469 468
f 529 532 533
f 465 470 469
f 529 533 534
f 465 471 470
f 529 534 535
f 465 472 471
f 529 535 536
f 465 473 472
f 529 536 537
f 465 474 473
f 529 537 538
f 465 475 474
f 529 538 539
f 465 476 475
f 529 539 540
f 465 477 476
f 529 540 541
f 465 478 477
f 529 541 542
f 465 479 478
f 529 542 543
f 465 480 479
f 529 543 544
f 465 481 480
f 529 544 545
f 465 482 481
f 529 545 546
f 465 483 482
f 529 546 547
f 465 484 483
f 529 547 548
f 465 485 484
f 529 548 549
f 465 486 485
f 529 549 550
f 465 487 486
f 529 550 551
f 465 488 487
f 529 551 552
f 465 489 488
f 529 552 553
f 465 490 489
f 529 553 554
f 465 491 490
f 529 554 555
f 465 492 491
f 529 555 556
f 465 493 492
f 529 556 557
f 465 494 493
f 529 557 558
f 465 495 494
f 529 558 559
f 465 496 495
f 529 559 560
f 465 497 496
f 529 560 561
f 465 498 497
f 529 561 562
f 465 499 498
f 529 562 563
f 465 500 499
f 529 563 564
f 465 501 500
f 529 564 565
f 465 502 501
f 529 565 566
f 465 503 502
f 529 566 567
f 465 504 503
f 529 567 568
f 465 505 504
f 529 568 569
f 465 506 505
f 529 569 570
f 465 507 506
f 529 570 571
f 465 508 507
f 529 571 572
f 465 509 508
f 529 572 573
f 465 510 509
f 529 573 574
f 465 511 510
f 529 574 575
f 465 512 511
f 529 575 576
f 465 513 512
f 529 576 577
f 465 514 513
f 529 577 578
f 465 515 514
f 529 578 579
f 465 516 515
f 529 579 580
f 465 517 516
f 529 580 581
f 465 518 517
f 529 581 582
f 465 519 518
f 529 582 583
f 465 520 519
f 529 583 584
f 465 521 520
f 529 584 585
f 465 522 521
f 529 585 586
f 465 523 522
f 529 586 587
f 465 524 523
f 529 587 588
f 465 525 524
f 529 588 589
f 465 526 525
f 529 589 590
f 465 527 526
f 529 590 591
f 465 528 527
f 529 591 592
f 465 466 530
f 465 530 529
f 466 467 531
f 466 531 530
f 467 468 532
f 467 532 531
f 468 469 533
f 468 533 532
f 469 470 534
f 469 534 533
f 470 471 535
f 470 535 534
f 471 472 536
f 471 536 535
f 472 473 537
f 472 537 536
f 473 474 538
f 473 538 537
f 474 475 539
f 474 539 538
f 475 476 540
f 475 540 539
f 476 477 541
f 476 541 540
f 477 478 542
f 477 542 541
f 478 479 543
f 478 543 542
f 479 480 544
f 479 544 543
f 480 481 545
f 480 545 544
f 481 482 546
f 481 546 545
f 482 483 547
f 482 547 546
f 483 484 548
f 483 548 547
f 484 485 549
f 484 549 548
f 485 486 550
f 485 550 549
f 486 487 551
f 486 551 550
f 487 488 552
f 487 552 551
f 488 489 553
f 488 553 552
f 489 490 554
f 489 554 553
f 490 491 555
f 490 555 554
f 491 492 556
f 491 556 555
f 492 493 557
f 492 557 556
f 493 494 558
f 493 558 557
f 494 495 559
f 494 559 558
f 495 496 560
f 495 560 559
f 496 497 561
f 496 561 560
f 497 498 562
f 497 562 561
f 498 499 563
f 498 563 562
f 499 500 564
f 499 564 563
f 500 501 565
f 500 565 564
f 501 502 566
f 501 566 565
f 502 503 567
f 502 567 566
f 503 504 568
f 503 568 567
f 504 505 569
f 504 569 568
f 505 506 570
f 505 570 569
f 506 507 571
f 506 571 570
f 507 508 572
f 507 572 571
f 508 509 573
f 508 573 572
f 509 510 574
f 509 574 573
f 510 511 575
f 510 575 574
f 511 512 576
f 511 576 575
f 512 513 577
f 512 577 576
f 513 514 578
f 513 578 577
f 514 515 579
f 514 579 578
f 515 516 580
f 515 580 579
f 516 517 581
f 516 581 580
f 517 518 582
f 517 582 581
f 518 519 583
f 518 583 582
f 519 520 584
f 519 584 583
f 520 521 585
f 520 585 584
f 521 522 586
f 521 586 585
f 522 523 587
f 522 587 586
f 523 524 588
f 523 588 587
f 524 525 589
f 524 589 588
f 525 526 590
f 525 590 589
f 526 527 591
f 526 591 590
f 527 528 592
f 527 592 591
f 528 465 529
f 528 529 592
o Presenter_zone_29
usemtl Stage
v 245.00000 15.00000 35.00000
v 243.82026 30.48671 35.00000
v 240.29239 45.82427 35.00000
v 234.45038 60.86498 35.00000
v 226.35049 75.46398 35.00000
v 216.07071 89.48068 35.00000
v 203.71006 102.78010 35.00000
v 189.38756 115.23414 35.00000
v 173.24116 126.72287 35.00000
v 155.42635 137.13565 35.00000
v 136.11471 146.37220 35.00000
v 115.49220 154.34356 35.00000
v 93.75744 160.97297 35.00000
v 71.11975 166.19657 35.00000
v 47.79713 169.96407 35.00000
v 24.01420 172.23919 35.00000
v 0.00000 173.00000 35.00000
v -24.01420 172.23919 35.00000
v -47.79713 169.96407 35.00000
v -71.11975 166.19657 35.00000
v -93.75744 160.97297 35.00000
v -115.49220 154.34356 35.00000
v -136.11471 146.37220 35.00000
v -155.42635 137.13565 35.00000
v -173.24116 126.72287 35.00000
v -189.38756 115.23414 35.00000
v -203.71006 102.78010 35.00000
v -216.07071 89.48068 35.00000
v -226.35049 75.46398 35.00000
v -234.45038 60.86498 35.00000
v -240.29239 45.82427 35.00000
v -243.82026 30.48671 35.00000
v -245.00000 15.00000 35.00000
v -243.82026 -0.48671 35.00000
v -240.29239 -15.82427 35.00000
v -234.45038 -30.86498 35.00000
v -226.35049 -45.46398 35.00000
v -216.07071 -59.48068 35.00000
v -203.71006 -72.78010 35.00000
v -189.38756 -85.23414 35.00000
v -173.24116 -96.72287 35.00000
v -155.42635 -107.13565 35.00000
v -136.11471 -116.37220 35.00000
v -115.49220 -124.34356 35.00000
v -93.75744 -130.97297 35.00000
v -71.11975 -136.19657 35.00000
v -47.79713 -139.96407 35.00000
v -24.01420 -142.23919 35.00000
v -0.00000 -143.00000 35.00000
v 24.01420 -142.23919 35.00000
v 47.79713 -139.96407 35.00000
v 71.11975 -136.19657 35.00000
v 93.75744 -130.97297 35.00000
v 115.49220 -124.34356 35.00000
v 136.11471 -116.37220 35.00000
v 155.42635 -107.13565 35.00000
v 173.24116 -96.72287 35.00000
v 189.38756 -85.23414 35.00000
v 203.71006 -72.78010 35.00000
v 216.07071 -59.48068 35.00000
v 226.35049 -45.46398 35.00000
v 234.45038 -30.86498 35.00000
v 240.29239 -15.82427 35.00000
v 243.82026 -0.48671 35.00000
v 245.00000 15.00000 38.00000
v 243.82026 30.48671 38.00000
v 240.29239 45.82427 38.00000
v 234.45038 60.86498 38.00000
v 226.35049 75.46398 38.00000
v 216.07071 89.48068 38.00000
v 203.71006 102.78010 38.00000
v 189.38756 115.23414 38.00000
v 173.24116 126.72287 38.00000
v 155.42635 137.13565 38.00000
v 136.11471 146.37220 38.00000
v 115.49220 154.34356 38.00000
v 93.75744 160.97297 38.00000
v 71.11975 166.19657 38.00000
v 47.79713 169.96407 38.00000
v 24.01420 172.23919 38.00000
v 0.00000 173.00000 38.00000
v -24.01420 172.23919 38.00000
v -47.79713 169.96407 38.00000
v -71.11975 166.19657 38.00000
v -93.75744 160.97297 38.00000
v -115.49220 154.34356 38.00000
v -136.11471 146.37220 38.00000
v -155.42635 137.13565 38.00000
v -173.24116 126.72287 38.00000
v -189.38756 115.23414 38.00000
v -203.71006 102.78010 38.00000
v -216.07071 89.48068 38.00000
v -226.35049 75.46398 38.00000
v -234.45038 60.86498 38.00000
v -240.29239 45.82427 38.00000
v -243.82026 30.48671 38.00000
v -245.00000 15.00000 38.00000
v -243.82026 -0.48671 38.00000
v -240.29239 -15.82427 38.00000
v -234.45038 -30.86498 38.00000
v -226.35049 -45.46398 38.00000
v -216.07071 -59.48068 38.00000
v -203.71006 -72.78010 38.00000
v -189.38756 -85.23414 38.00000
v -173.24116 -96.72287 38.00000
v -155.42635 -107.13565 38.00000
v -136.11471 -116.37220 38.00000
v -115.49220 -124.34356 38.00000
v -93.75744 -130.97297 38.00000
v -71.11975 -136.19657 38.00000
v -47.79713 -139.96407 38.00000
v -24.01420 -142.23919 38.00000
v -0.00000 -143.00000 38.00000
v 24.01420 -142.23919 38.00000
v 47.79713 -139.96407 38.00000
v 71.11975 -136.19657 38.00000
v 93.75744 -130.97297 38.00000
v 115.49220 -124.34356 38.00000
v 136.11471 -116.37220 38.00000
v 155.42635 -107.13565 38.00000
v 173.24116 -96.72287 38.00000
v 189.38756 -85.23414 38.00000
v 203.71006 -72.78010 38.00000
v 216.07071 -59.48068 38.00000
v 226.35049 -45.46398 38.00000
v 234.45038 -30.86498 38.00000
v 240.29239 -15.82427 38.00000
v 243.82026 -0.48671 38.00000
f 593 595 594
f 657 658 659
f 593 596 595
f 657 659 660
f 593 597 596
f 657 660 661
f 593 598 597
f 657 661 662
f 593 599 598
f 657 662 663
f 593 600 599
f 657 663 664
f 593 601 600
f 657 664 665
f 593 602 601
f 657 665 666
f 593 603 602
f 657 666 667
f 593 604 603
f 657 667 668
f 593 605 604
f 657 668 669
f 593 606 605
f 657 669 670
f 593 607 606
f 657 670 671
f 593 608 607
f 657 671 672
f 593 609 608
f 657 672 673
f 593 610 609
f 657 673 674
f 593 611 610
f 657 674 675
f 593 612 611
f 657 675 676
f 593 613 612
f 657 676 677
f 593 614 613
f 657 677 678
f 593 615 614
f 657 678 679
f 593 616 615
f 657 679 680
f 593 617 616
f 657 680 681
f 593 618 617
f 657 681 682
f 593 619 618
f 657 682 683
f 593 620 619
f 657 683 684
f 593 621 620
f 657 684 685
f 593 622 621
f 657 685 686
f 593 623 622
f 657 686 687
f 593 624 623
f 657 687 688
f 593 625 624
f 657 688 689
f 593 626 625
f 657 689 690
f 593 627 626
f 657 690 691
f 593 628 627
f 657 691 692
f 593 629 628
f 657 692 693
f 593 630 629
f 657 693 694
f 593 631 630
f 657 694 695
f 593 632 631
f 657 695 696
f 593 633 632
f 657 696 697
f 593 634 633
f 657 697 698
f 593 635 634
f 657 698 699
f 593 636 635
f 657 699 700
f 593 637 636
f 657 700 701
f 593 638 637
f 657 701 702
f 593 639 638
f 657 702 703
f 593 640 639
f 657 703 704
f 593 641 640
f 657 704 705
f 593 642 641
f 657 705 706
f 593 643 642
f 657 706 707
f 593 644 643
f 657 707 708
f 593 645 644
f 657 708 709
f 593 646 645
f 657 709 710
f 593 647 646
f 657 710 711
f 593 648 647
f 657 711 712
f 593 649 648
f 657 712 713
f 593 650 649
f 657 713 714
f 593 651 650
f 657 714 715
f 593 652 651
f 657 715 716
f 593 653 652
f 657 716 717
f 593 654 653
f 657 717 718
f 593 655 654
f 657 718 719
f 593 656 655
f 657 719 720
f 593 594 658
f 593 658 657
f 594 595 659
f 594 659 658
f 595 596 660
f 595 660 659
f 596 597 661
f 596 661 660
f 597 598 662
f 597 662 661
f 598 599 663
f 598 663 662
f 599 600 664
f 599 664 663
f 600 601 665
f 600 665 664
f 601 602 666
f 601 666 665
f 602 603 667
f 602 667 666
f 603 604 668
f 603 668 667
f 604 605 669
f 604 669 668
f 605 606 670
f 605 670 669
f 606 607 671
f 606 671 670
f 607 608 672
f 607 672 671
f 608 609 673
f 608 673 672
f 609 610 674
f 609 674 673
f 610 611 675
f 610 675 674
f 611 612 676
f 611 676 675
f 612 613 677
f 612 677 676
f 613 614 678
f 613 678 677
f 614 615 679
f 614 679 678
f 615 616 680
f 615 680 679
f 616 617 681
f 616 681 680
f 617 618 682
f 617 682 681
f 618 619 683
f 618 683 682
f 619 620 684
f 619 684 683
f 620 621 685
f 620 685 684
f 621 622 686
f 621 686 685
f 622 623 687
f 622 687 686
f 623 624 688
f 623 688 687
f 624 625 689
f 624 689 688
f 625 626 690
f 625 690 689
f 626 627 691
f 626 691 690
f 627 628 692
f 627 692 691
f 628 629 693
f 628 693 692
f 629 630 694
f 629 694 693
f 630 631 695
f 630 695 694
f 631 632 696
f 631 696 695
f 632 633 697
f 632 697 696
f 633 634 698
f 633 698 697
f 634 635 699
f 634 699 698
f 635 636 700
f 635 700 699
f 636 637 701
f 636 701 700
f 637 638 702
f 637 702 701
f 638 639 703
f 638 703 702
f 639 640 704
f 639 704 703
f 640 641 705
f 640 705 704
f 641 642 706
f 641 706 705
f 642 643 707
f 642 707 706
f 643 644 708
f 643 708 707
f 644 645 709
f 644 709 708
f 645 646 710
f 645 710 709
f 646 647 711
f 646 711 710
f 647 648 712
f 647 712 711
f 648 649 713
f 648 713 712
f 649 650 714
f 649 714 713
f 650 651 715
f 650 715 714
f 651 652 716
f 651 716 715
f 652 653 717
f 652 717 716
f 653 654 718
f 653 718 717
f 654 655 719
f 654 719 718
f 655 656 720
f 655 720 719
f 656 593 657
f 656 657 720
o LED_wall_segment_01_30
usemtl Screen
v 376.08647 208.46814 40.00000
v 370.23575 218.69039 40.00000
v 364.10725 228.74858 40.00000
v 357.70557 238.63513 40.00000
v 351.03551 248.34265 40.00000
v 386.58191 214.28585 40.00000
v 380.56791 224.79338 40.00000
v 374.26838 235.13226 40.00000
v 367.68805 245.29472 40.00000
v 360.83185 255.27314 40.00000
v 376.08647 208.46814 355.00000
v 370.23575 218.69039 355.00000
v 364.10725 228.74858 355.00000
v 357.70557 238.63513 355.00000
v 351.03551 248.34265 355.00000
v 386.58191 214.28585 355.00000
v 380.56791 224.79338 355.00000
v 374.26838 235.13226 355.00000
v 367.68805 245.29472 355.00000
v 360.83185 255.27314 355.00000
f 732 722 721
f 731 732 721
f 737 736 726
f 727 737 726
f 727 726 721
f 722 727 721
f 737 732 731
f 736 737 731
f 733 723 722
f 732 733 722
f 738 737 727
f 728 738 727
f 728 727 722
f 723 728 722
f 738 733 732
f 737 738 732
f 734 724 723
f 733 734 723
f 739 738 728
f 729 739 728
f 729 728 723
f 724 729 723
f 739 734 733
f 738 739 733
f 735 725 724
f 734 735 724
f 740 739 729
f 730 740 729
f 730 729 724
f 725 730 724
f 740 735 734
f 739 740 734
f 736 731 721
f 726 736 721
f 740 730 725
f 735 740 725
o LED_wall_segment_02_31
usemtl Screen
v 348.85497 251.39652 40.00000
v 341.83872 260.85684 40.00000
v 334.56599 270.12145 40.00000
v 327.04225 279.18339 40.00000
v 319.27314 288.03587 40.00000
v 358.59046 258.41223 40.00000
v 351.37840 268.13656 40.00000
v 343.90272 277.65972 40.00000
v 336.16901 286.97456 40.00000
v 328.18309 296.07408 40.00000
v 348.85497 251.39652 355.00000
v 341.83872 260.85684 355.00000
v 334.56599 270.12145 355.00000
v 327.04225 279.18339 355.00000
v 319.27314 288.03587 355.00000
v 358.59046 258.41223 355.00000
v 351.37840 268.13656 355.00000
v 343.90272 277.65972 355.00000
v 336.16901 286.97456 355.00000
v 328.18309 296.07408 355.00000
f 752 742 741
f 751 752 741
f 757 756 746
f 747 757 746
f 747 746 741
f 742 747 741
f 757 752 751
f 756 757 751
f 753 743 742
f 752 753 742
f 758 757 747
f 748 758 747
f 748 747 742
f 743 748 742
f 758 753 752
f 757 758 752
f 754 744 743
f 753 754 743
f 759 758 748
f 749 759 748
f 749 748 743
f 744 749 743
f 759 754 753
f 758 759 753
f 755 745 744
f 754 755 744
f 760 759 749
f 750 760 749
f 750 749 744
f 745 750 744
f 760 755 754
f 759 760 754
f 756 751 741
f 746 756 741
f 760 750 745
f 755 760 745
o LED_wall_segment_03_32
usemtl Screen
v 316.74743 290.81105 40.00000
v 308.66371 299.37721 40.00000
v 300.34841 307.71875 40.00000
v 291.80777 315.82942 40.00000
v 283.04819 323.70314 40.00000
v 325.58689 298.92671 40.00000
v 317.27758 307.73192 40.00000
v 308.73023 316.30625 40.00000
v 299.95124 324.64327 40.00000
v 290.94721 332.73671 40.00000
v 316.74743 290.81105 355.00000
v 308.66371 299.37721 355.00000
v 300.34841 307.71875 355.00000
v 291.80777 315.82942 355.00000
v 283.04819 323.70314 355.00000
v 325.58689 298.92671 355.00000
v 317.27758 307.73192 355.00000
v 308.73023 316.30625 355.00000
v 299.95124 324.64327 355.00000
v 290.94721 332.73671 355.00000
f 772 762 761
f 771 772 761
f 777 776 766
f 767 777 766
f 767 766 761
f 762 767 761
f 777 772 771
f 776 777 771
f 773 763 762
f 772 773 762
f 778 777 767
f 768 778 767
f 768 767 762
f 763 768 762
f 778 773 772
f 777 778 772
f 774 764 763
f 773 774 763
f 779 778 768
f 769 779 768
f 769 768 763
f 764 769 763
f 779 774 773
f 778 779 773
f 775 765 764
f 774 775 764
f 780 779 769
f 770 780 769
f 770 769 764
f 765 770 764
f 780 775 774
f 779 780 774
f 776 771 761
f 766 776 761
f 780 770 765
f 775 780 765
o LED_wall_segment_04_33
usemtl Screen
v 280.21261 326.16084 40.00000
v 271.17442 333.71310 40.00000
v 261.93277 341.01499 40.00000
v 252.49461 348.06102 40.00000
v 242.86700 354.84591 40.00000
v 288.03250 335.26300 40.00000
v 278.74208 343.02603 40.00000
v 269.24253 350.53169 40.00000
v 259.54097 357.77435 40.00000
v 249.64469 364.74859 40.00000
v 280.21261 326.16084 355.00000
v 271.17442 333.71310 355.00000
v 261.93277 341.01499 355.00000
v 252.49461 348.06102 355.00000
v 242.86700 354.84591 355.00000
v 288.03250 335.26300 355.00000
v 278.74208 343.02603 355.00000
v 269.24253 350.53169 355.00000
v 259.54097 357.77435 355.00000
v 249.64469 364.74859 355.00000
f 792 782 781
f 791 792 781
f 797 796 786
f 787 797 786
f 787 786 781
f 782 787 781
f 797 792 791
f 796 797 791
f 793 783 782
f 792 793 782
f 798 797 787
f 788 798 787
f 788 787 782
f 783 788 782
f 798 793 792
f 797 798 792
f 794 784 783
f 793 794 783
f 799 798 788
f 789 799 788
f 789 788 783
f 784 789 783
f 799 794 793
f 798 799 793
f 795 785 784
f 794 795 784
f 800 799 789
f 790 800 789
f 790 789 784
f 785 790 784
f 800 795 794
f 799 800 794
f 796 791 781
f 786 796 781
f 800 790 785
f 795 800 785
o LED_wall_segment_05_34
usemtl Screen
v 239.76118 356.95179 40.00000
v 229.89485 363.38459 40.00000
v 219.85603 369.54476 40.00000
v 209.65226 375.42766 40.00000
v 199.29119 381.02890 40.00000
v 246.45219 366.91323 40.00000
v 236.31052 373.52556 40.00000
v 225.99154 379.85763 40.00000
v 215.50302 385.90472 40.00000
v 204.85280 391.66226 40.00000
v 239.76118 356.95179 355.00000
v 229.89485 363.38459 355.00000
v 219.85603 369.54476 355.00000
v 209.65226 375.42766 355.00000
v 199.29119 381.02890 355.00000
v 246.45219 366.91323 355.00000
v 236.31052 373.52556 355.00000
v 225.99154 379.85763 355.00000
v 215.50302 385.90472 355.00000
v 204.85280 391.66226 355.00000
f 812 802 801
f 811 812 801
f 817 816 806
f 807 817 806
f 807 806 801
f 802 807 801
f 817 812 811
f 816 817 811
f 813 803 802
f 812 813 802
f 818 817 807
f 808 818 807
f 808 807 802
f 803 808 802
f 818 813 812
f 817 818 812
f 814 804 803
f 813 814 803
f 819 818 808
f 809 819 808
f 809 808 803
f 804 809 803
f 819 814 813
f 818 819 813
f 815 805 804
f 814 815 804
f 820 819 809
f 810 820 809
f 810 809 804
f 805 810 804
f 820 815 814
f 819 820 814
f 816 811 801
f 806 816 801
f 820 810 805
f 815 820 805
o LED_wall_segment_06_35
usemtl Screen
v 195.95854 382.75351 40.00000
v 185.40197 387.97695 40.00000
v 174.70629 392.90929 40.00000
v 163.87954 397.54685 40.00000
v 152.92983 401.88614 40.00000
v 201.42715 393.43501 40.00000
v 190.57597 398.80421 40.00000
v 179.58181 403.87420 40.00000
v 168.45292 408.64118 40.00000
v 157.19764 413.10157 40.00000
v 195.95854 382.75351 355.00000
v 185.40197 387.97695 355.00000
v 174.70629 392.90929 355.00000
v 163.87954 397.54685 355.00000
v 152.92983 401.88614 355.00000
v 201.42715 393.43501 355.00000
v 190.57597 398.80421 355.00000
v 179.58181 403.87420 355.00000
v 168.45292 408.64118 355.00000
v 157.19764 413.10157 355.00000
f 832 822 821
f 831 832 821
f 837 836 826
f 827 837 826
f 827 826 821
f 822 827 821
f 837 832 831
f 836 837 831
f 833 823 822
f 832 833 822
f 838 837 827
f 828 838 827
f 828 827 822
f 823 828 822
f 838 833 832
f 837 838 832
f 834 824 823
f 833 834 823
f 839 838 828
f 829 839 828
f 829 828 823
f 824 829 823
f 839 834 833
f 838 839 833
f 835 825 824
f 834 835 824
f 840 839 829
f 830 840 829
f 830 829 824
f 825 830 824
f 840 835 834
f 839 840 834
f 836 831 821
f 826 836 821
f 840 830 825
f 835 840 825
o LED_wall_segment_07_36
usemtl Screen
v 149.41693 403.20538 40.00000
v 138.31767 407.14644 40.00000
v 127.11463 410.78202 40.00000
v 115.81622 414.10941 40.00000
v 104.43092 417.12610 40.00000
v 153.58671 414.45763 40.00000
v 142.17770 418.50866 40.00000
v 130.66202 422.24571 40.00000
v 119.04830 425.66595 40.00000
v 107.34527 428.76683 40.00000
v 149.41693 403.20538 355.00000
v 138.31767 407.14644 355.00000
v 127.11463 410.78202 355.00000
v 115.81622 414.10941 355.00000
v 104.43092 417.12610 355.00000
v 153.58671 414.45763 355.00000
v 142.17770 418.50866 355.00000
v 130.66202 422.24571 355.00000
v 119.04830 425.66595 355.00000
v 107.34527 428.76683 355.00000
f 852 842 841
f 851 852 841
f 857 856 846
f 847 857 846
f 847 846 841
f 842 847 841
f 857 852 851
f 856 857 851
f 853 843 842
f 852 853 842
f 858 857 847
f 848 858 847
f 848 847 842
f 843 848 842
f 858 853 852
f 857 858 852
f 854 844 843
f 853 854 843
f 859 858 848
f 849 859 848
f 849 848 843
f 844 849 843
f 859 854 853
f 858 859 853
f 855 845 844
f 854 855 844
f 860 859 849
f 850 860 849
f 850 849 844
f 845 850 844
f 860 855 854
f 859 860 854
f 856 851 841
f 846 856 841
f 860 850 845
f 855 860 845
o LED_wall_segment_08_37
usemtl Screen
v 100.78688 418.02154 40.00000
v 89.30007 420.62513 40.00000
v 77.74626 422.91313 40.00000
v 66.13411 424.88384 40.00000
v 54.47235 426.53577 40.00000
v 103.59954 429.68725 40.00000
v 91.79216 432.36350 40.00000
v 79.91592 434.71536 40.00000
v 67.97972 436.74107 40.00000
v 55.99251 438.43909 40.00000
v 100.78688 418.02154 355.00000
v 89.30007 420.62513 355.00000
v 77.74626 422.91313 355.00000
v 66.13411 424.88384 355.00000
v 54.47235 426.53577 355.00000
v 103.59954 429.68725 355.00000
v 91.79216 432.36350 355.00000
v 79.91592 434.71536 355.00000
v 67.97972 436.74107 355.00000
v 55.99251 438.43909 355.00000
f 872 862 861
f 871 872 861
f 877 876 866
f 867 877 866
f 867 866 861
f 862 867 861
f 877 872 871
f 876 877 871
f 873 863 862
f 872 873 862
f 878 877 867
f 868 878 867
f 868 867 862
f 863 868 862
f 878 873 872
f 877 878 872
f 874 864 863
f 873 874 863
f 879 878 868
f 869 879 868
f 869 868 863
f 864 869 863
f 879 874 873
f 878 879 873
f 875 865 864
f 874 875 864
f 880 879 869
f 870 880 869
f 870 869 864
f 865 870 864
f 880 875 874
f 879 880 874
f 876 871 861
f 866 876 861
f 880 870 865
f 875 880 865
o LED_wall_segment_09_38
usemtl Screen
v 50.74810 426.99488 40.00000
v 39.03429 428.22462 40.00000
v 27.29120 429.13307 40.00000
v 15.52763 429.71955 40.00000
v 3.75241 429.98363 40.00000
v 52.16433 438.91102 40.00000
v 40.12362 440.17507 40.00000
v 28.05281 441.10888 40.00000
v 15.96096 441.71172 40.00000
v 3.85713 441.98317 40.00000
v 50.74810 426.99488 355.00000
v 39.03429 428.22462 355.00000
v 27.29120 429.13307 355.00000
v 15.52763 429.71955 355.00000
v 3.75241 429.98363 355.00000
v 52.16433 438.91102 355.00000
v 40.12362 440.17507 355.00000
v 28.05281 441.10888 355.00000
v 15.96096 441.71172 355.00000
v 3.85713 441.98317 355.00000
f 892 882 881
f 891 892 881
f 897 896 886
f 887 897 886
f 887 886 881
f 882 887 881
f 897 892 891
f 896 897 891
f 893 883 882
f 892 893 882
f 898 897 887
f 888 898 887
f 888 887 882
f 883 888 882
f 898 893 892
f 897 898 892
f 894 884 883
f 893 894 883
f 899 898 888
f 889 899 888
f 889 888 883
f 884 889 883
f 899 894 893
f 898 899 893
f 895 885 884
f 894 895 884
f 900 899 889
f 890 900 889
f 890 889 884
f 885 890 884
f 900 895 894
f 899 900 894
f 896 891 881
f 886 896 881
f 900 890 885
f 895 900 885
o LED_wall_segment_10_39
usemtl Screen
v 0.00000 430.00000 40.00000
v -11.77708 429.83869 40.00000
v -23.54531 429.35489 40.00000
v -35.29589 428.54895 40.00000
v -47.01998 427.42148 40.00000
v 0.00000 442.00000 40.00000
v -12.10574 441.83419 40.00000
v -24.20239 441.33688 40.00000
v -36.28089 440.50845 40.00000
v -48.33217 439.34952 40.00000
v 0.00000 430.00000 355.00000
v -11.77708 429.83869 355.00000
v -23.54531 429.35489 355.00000
v -35.29589 428.54895 355.00000
v -47.01998 427.42148 355.00000
v 0.00000 442.00000 355.00000
v -12.10574 441.83419 355.00000
v -24.20239 441.33688 355.00000
v -36.28089 440.50845 355.00000
v -48.33217 439.34952 355.00000
f 912 902 901
f 911 912 901
f 917 916 906
f 907 917 906
f 907 906 901
f 902 907 901
f 917 912 911
f 916 917 911
f 913 903 902
f 912 913 902
f 918 917 907
f 908 918 907
f 908 907 902
f 903 908 902
f 918 913 912
f 917 918 912
f 914 904 903
f 913 914 903
f 919 918 908
f 909 919 908
f 909 908 903
f 904 909 903
f 919 914 913
f 918 919 913
f 915 905 904
f 914 915 904
f 920 919 909
f 910 920 909
f 910 909 904
f 905 910 904
f 920 915 914
f 919 920 914
f 916 911 901
f 906 916 901
f 920 910 905
f 915 920 905
o LED_wall_segment_11_40
usemtl Screen
v -50.74810 426.99488 40.00000
v -62.42383 425.44479 40.00000
v -74.05273 423.57549 40.00000
v -85.62607 421.38839 40.00000
v -97.13516 418.88514 40.00000
v -52.16433 438.91102 40.00000
v -64.16589 437.31766 40.00000
v -76.11932 435.39620 40.00000
v -88.01563 433.14807 40.00000
v -99.84591 430.57496 40.00000
v -50.74810 426.99488 355.00000
v -62.42383 425.44479 355.00000
v -74.05273 423.57549 355.00000
v -85.62607 421.38839 355.00000
v -97.13516 418.88514 355.00000
v -52.16433 438.91102 355.00000
v -64.16589 437.31766 355.00000
v -76.11932 435.39620 355.00000
v -88.01563 433.14807 355.00000
v -99.84591 430.57496 355.00000
f 932 922 921
f 931 932 921
f 937 936 926
f 927 937 926
f 927 926 921
f 922 927 921
f 937 932 931
f 936 937 931
f 933 923 922
f 932 933 922
f 938 937 927
f 928 938 927
f 928 927 922
f 923 928 922
f 938 933 932
f 937 938 932
f 934 924 923
f 933 934 923
f 939 938 928
f 929 939 928
f 929 928 923
f 924 929 923
f 939 934 933
f 938 939 933
f 935 925 924
f 934 935 924
f 940 939 929
f 930 940 929
f 930 929 924
f 925 930 924
f 940 935 934
f 939 940 934
f 936 931 921
f 926 936 921
f 940 930 925
f 935 940 925
o LED_wall_segment_12_41
usemtl Screen
v -100.78688 418.02154 40.00000
v -112.19807 415.10432 40.00000
v -123.52509 411.87565 40.00000
v -134.75942 408.33797 40.00000
v -145.89266 404.49392 40.00000
v -103.59954 429.68725 40.00000
v -115.32918 426.68862 40.00000
v -126.97230 423.36986 40.00000
v -138.52015 419.73345 40.00000
v -149.96408 415.78212 40.00000
v -100.78688 418.02154 355.00000
v -112.19807 415.10432 355.00000
v -123.52509 411.87565 355.00000
v -134.75942 408.33797 355.00000
v -145.89266 404.49392 355.00000
v -103.59954 429.68725 355.00000
v -115.32918 426.68862 355.00000
v -126.97230 423.36986 355.00000
v -138.52015 419.73345 355.00000
v -149.96408 415.78212 355.00000
f 952 942 941
f 951 952 941
f 957 956 946
f 947 957 946
f 947 946 941
f 942 947 941
f 957 952 951
f 956 957 951
f 953 943 942
f 952 953 942
f 958 957 947
f 948 958 947
f 948 947 942
f 943 948 942
f 958 953 952
f 957 958 952
f 954 944 943
f 953 954 943
f 959 958 948
f 949 959 948
f 949 948 943
f 944 949 943
f 959 954 953
f 958 959 953
f 955 945 944
f 954 955 944
f 960 959 949
f 950 960 949
f 950 949 944
f 945 950 944
f 960 955 954
f 959 960 954
f 956 951 941
f 946 956 941
f 960 950 945
f 955 960 945
o LED_wall_segment_13_42
usemtl Screen
v -149.41693 403.20538 40.00000
v -160.40409 398.96181 40.00000
v -171.27090 394.41891 40.00000
v -182.00921 389.58009 40.00000
v -192.61097 384.44898 40.00000
v -153.58671 414.45763 40.00000
v -164.88048 410.09563 40.00000
v -176.05055 405.42595 40.00000
v -187.08854 400.45209 40.00000
v -197.98616 395.17779 40.00000
v -149.41693 403.20538 355.00000
v -160.40409 398.96181 355.00000
v -171.27090 394.41891 355.00000
v -182.00921 389.58009 355.00000
v -192.61097 384.44898 355.00000
v -153.58671 414.45763 355.00000
v -164.88048 410.09563 355.00000
v -176.05055 405.42595 355.00000
v -187.08854 400.45209 355.00000
v -197.98616 395.17779 355.00000
f 972 962 961
f 971 972 961
f 977 976 966
f 967 977 966
f 967 966 961
f 962 967 961
f 977 972 971
f 976 977 971
f 973 963 962
f 972 973 962
f 978 977 967
f 968 978 967
f 968 967 962
f 963 968 962
f 978 973 972
f 977 978 972
f 974 964 963
f 973 974 963
f 979 978 968
f 969 979 968
f 969 968 963
f 964 969 963
f 979 974 973
f 978 979 973
f 975 965 964
f 974 975 964
f 980 979 969
f 970 980 969
f 970 969 964
f 965 970 964
f 980 975 974
f 979 980 974
f 976 971 961
f 966 976 961
f 980 970 965
f 975 980 965
o LED_wall_segment_14_43
usemtl Screen
v -195.95854 382.75351 40.00000
v -206.36809 377.24291 40.00000
v -216.62281 371.44927 40.00000
v -226.71500 365.37694 40.00000
v -236.63710 359.03048 40.00000
v -201.42715 393.43501 40.00000
v -212.12720 387.77062 40.00000
v -222.66810 381.81529 40.00000
v -233.04193 375.57350 40.00000
v -243.24092 369.04993 40.00000
v -195.95854 382.75351 355.00000
v -206.36809 377.24291 355.00000
v -216.62281 371.44927 355.00000
v -226.71500 365.37694 355.00000
v -236.63710 359.03048 355.00000
v -201.42715 393.43501 355.00000
v -212.12720 387.77062 355.00000
v -222.66810 381.81529 355.00000
v -233.04193 375.57350 355.00000
v -243.24092 369.04993 355.00000
f 992 982 981
f 991 992 981
f 997 996 986
f 987 997 986
f 987 986 981
f 982 987 981
f 997 992 991
f 996 997 991
f 993 983 982
f 992 993 982
f 998 997 987
f 988 998 987
f 988 987 982
f 983 988 982
f 998 993 992
f 997 998 992
f 994 984 983
f 993 994 983
f 999 998 988
f 989 999 988
f 989 988 983
f 984 989 983
f 999 994 993
f 998 999 993
f 995 985 984
f 994 995 984
f 1000 999 989
f 990 1000 989
f 990 989 984
f 985 990 984
f 1000 995 994
f 999 1000 994
f 996 991 981
f 986 996 981
f 1000 990 985
f 995 1000 985
o LED_wall_segment_15_44
usemtl Screen
v -239.76118 356.95179 40.00000
v -249.44763 350.25117 40.00000
v -258.94692 343.28777 40.00000
v -268.25193 336.06681 40.00000
v -277.35568 328.59371 40.00000
v -246.45219 366.91323 40.00000
v -256.40896 360.02562 40.00000
v -266.17335 352.86789 40.00000
v -275.73803 345.44542 40.00000
v -285.09584 337.76376 40.00000
v -239.76118 356.95179 355.00000
v -249.44763 350.25117 355.00000
v -258.94692 343.28777 355.00000
v -268.25193 336.06681 355.00000
v -277.35568 328.59371 355.00000
v -246.45219 366.91323 355.00000
v -256.40896 360.02562 355.00000
v -266.17335 352.86789 355.00000
v -275.73803 345.44542 355.00000
v -285.09584 337.76376 355.00000
f 1012 1002 1001
f 1011 1012 1001
f 1017 1016 1006
f 1007 1017 1006
f 1007 1006 1001
f 1002 1007 1001
f 1017 1012 1011
f 1016 1017 1011
f 1013 1003 1002
f 1012 1013 1002
f 1018 1017 1007
f 1008 1018 1007
f 1008 1007 1002
f 1003 1008 1002
f 1018 1013 1012
f 1017 1018 1012
f 1014 1004 1003
f 1013 1014 1003
f 1019 1018 1008
f 1009 1019 1008
f 1009 1008 1003
f 1004 1009 1003
f 1019 1014 1013
f 1018 1019 1013
f 1015 1005 1004
f 1014 1015 1004
f 1020 1019 1009
f 1010 1020 1009
f 1010 1009 1004
f 1005 1010 1004
f 1020 1015 1014
f 1019 1020 1014
f 1016 1011 1001
f 1006 1016 1001
f 1020 1010 1005
f 1015 1020 1005
o LED_wall_segment_16_45
usemtl Screen
v -280.21261 326.16084 40.00000
v -289.04056 318.36387 40.00000
v -297.65166 310.32804 40.00000
v -306.03943 302.05938 40.00000
v -314.19759 293.56409 40.00000
v -288.03250 335.26300 40.00000
v -297.10681 327.24844 40.00000
v -305.95821 318.98836 40.00000
v -314.58007 310.48894 40.00000
v -322.96590 301.75657 40.00000
v -280.21261 326.16084 355.00000
v -289.04056 318.36387 355.00000
v -297.65166 310.32804 355.00000
v -306.03943 302.05938 355.00000
v -314.19759 293.56409 355.00000
v -288.03250 335.26300 355.00000
v -297.10681 327.24844 355.00000
v -305.95821 318.98836 355.00000
v -314.58007 310.48894 355.00000
v -322.96590 301.75657 355.00000
f 1032 1022 1021
f 1031 1032 1021
f 1037 1036 1026
f 1027 1037 1026
f 1027 1026 1021
f 1022 1027 1021
f 1037 1032 1031
f 1036 1037 1031
f 1033 1023 1022
f 1032 1033 1022
f 1038 1037 1027
f 1028 1038 1027
f 1028 1027 1022
f 1023 1028 1022
f 1038 1033 1032
f 1037 1038 1032
f 1034 1024 1023
f 1033 1034 1023
f 1039 1038 1028
f 1029 1039 1028
f 1029 1028 1023
f 1024 1029 1023
f 1039 1034 1033
f 1038 1039 1033
f 1035 1025 1024
f 1034 1035 1024
f 1040 1039 1029
f 1030 1040 1029
f 1030 1029 1024
f 1025 1030 1024
f 1040 1035 1034
f 1039 1040 1034
f 1036 1031 1021
f 1026 1036 1021
f 1040 1030 1025
f 1035 1040 1025
o LED_wall_segment_17_46
usemtl Screen
v -316.74743 290.81105 40.00000
v -324.59349 282.02671 40.00000
v -332.19603 273.03076 40.00000
v -339.54933 263.82997 40.00000
v -346.64787 254.43124 40.00000
v -325.58689 298.92671 40.00000
v -333.65192 289.89722 40.00000
v -341.46662 280.65023 40.00000
v -349.02512 271.19267 40.00000
v -356.32176 261.53164 40.00000
v -316.74743 290.81105 355.00000
v -324.59349 282.02671 355.00000
v -332.19603 273.03076 355.00000
v -339.54933 263.82997 355.00000
v -346.64787 254.43124 355.00000
v -325.58689 298.92671 355.00000
v -333.65192 289.89722 355.00000
v -341.46662 280.65023 355.00000
v -349.02512 271.19267 355.00000
v -356.32176 261.53164 355.00000
f 1052 1042 1041
f 1051 1052 1041
f 1057 1056 1046
f 1047 1057 1046
f 1047 1046 1041
f 1042 1047 1041
f 1057 1052 1051
f 1056 1057 1051
f 1053 1043 1042
f 1052 1053 1042
f 1058 1057 1047
f 1048 1058 1047
f 1048 1047 1042
f 1043 1048 1042
f 1058 1053 1052
f 1057 1058 1052
f 1054 1044 1043
f 1053 1054 1043
f 1059 1058 1048
f 1049 1059 1048
f 1049 1048 1043
f 1044 1049 1043
f 1059 1054 1053
f 1058 1059 1053
f 1055 1045 1044
f 1054 1055 1044
f 1060 1059 1049
f 1050 1060 1049
f 1050 1049 1044
f 1045 1050 1044
f 1060 1055 1054
f 1059 1060 1054
f 1056 1051 1041
f 1046 1056 1041
f 1060 1050 1045
f 1055 1060 1045
o LED_wall_segment_18_47
usemtl Screen
v -348.85497 251.39652 40.00000
v -355.60949 241.74758 40.00000
v -362.09720 231.91726 40.00000
v -368.31324 221.91294 40.00000
v -374.25295 211.74213 40.00000
v -358.59046 258.41223 40.00000
v -365.53348 248.49402 40.00000
v -372.20224 238.38937 40.00000
v -378.59175 228.10586 40.00000
v -384.69722 217.65121 40.00000
v -348.85497 251.39652 355.00000
v -355.60949 241.74758 355.00000
v -362.09720 231.91726 355.00000
v -368.31324 221.91294 355.00000
v -374.25295 211.74213 355.00000
v -358.59046 258.41223 355.00000
v -365.53348 248.49402 355.00000
v -372.20224 238.38937 355.00000
v -378.59175 228.10586 355.00000
v -384.69722 217.65121 355.00000
f 1072 1062 1061
f 1071 1072 1061
f 1077 1076 1066
f 1067 1077 1066
f 1067 1066 1061
f 1062 1067 1061
f 1077 1072 1071
f 1076 1077 1071
f 1073 1063 1062
f 1072 1073 1062
f 1078 1077 1067
f 1068 1078 1067
f 1068 1067 1062
f 1063 1068 1062
f 1078 1073 1072
f 1077 1078 1072
f 1074 1064 1063
f 1073 1074 1063
f 1079 1078 1068
f 1069 1079 1068
f 1069 1068 1063
f 1064 1069 1063
f 1079 1074 1073
f 1078 1079 1073
f 1075 1065 1064
f 1074 1075 1064
f 1080 1079 1069
f 1070 1080 1069
f 1070 1069 1064
f 1065 1070 1064
f 1080 1075 1074
f 1079 1080 1074
f 1076 1071 1061
f 1066 1076 1061
f 1080 1070 1065
f 1075 1080 1065
o LED_border_40_48
usemtl Cyan
v 377.90157 200.93383 40.00000
v 370.40962 214.43114 40.00000
v 362.43580 227.64949 40.00000
v 353.99049 240.57169 40.00000
v 345.08466 253.18092 40.00000
v 335.72990 265.46079 40.00000
v 325.93840 277.39532 40.00000
v 315.72287 288.96898 40.00000
v 305.09661 300.16671 40.00000
v 294.07345 310.97396 40.00000
v 282.66773 321.37665 40.00000
v 270.89428 331.36127 40.00000
v 258.76842 340.91480 40.00000
v 246.30593 350.02484 40.00000
v 233.52301 358.67953 40.00000
v 220.43630 366.86760 40.00000
v 207.06282 374.57842 40.00000
v 193.41996 381.80193 40.00000
v 179.52549 388.52876 40.00000
v 165.39747 394.75014 40.00000
v 151.05428 400.45799 40.00000
v 136.51458 405.64488 40.00000
v 121.79729 410.30406 40.00000
v 106.92155 414.42946 40.00000
v 91.90672 418.01574 40.00000
v 76.77232 421.05820 40.00000
v 61.53805 423.55291 40.00000
v 46.22372 425.49661 40.00000
v 30.84926 426.88678 40.00000
v 15.43467 427.72160 40.00000
v -0.00000 428.00000 40.00000
v -15.43467 427.72160 40.00000
v -30.84926 426.88678 40.00000
v -46.22372 425.49661 40.00000
v -61.53805 423.55291 40.00000
v -76.77232 421.05820 40.00000
v -91.90672 418.01574 40.00000
v -106.92155 414.42946 40.00000
v -121.79729 410.30406 40.00000
v -136.51458 405.64488 40.00000
v -151.05428 400.45799 40.00000
v -165.39747 394.75014 40.00000
v -179.52549 388.52876 40.00000
v -193.41996 381.80193 40.00000
v -207.06282 374.57842 40.00000
v -220.43630 366.86760 40.00000
v -233.52301 358.67953 40.00000
v -246.30593 350.02484 40.00000
v -258.76842 340.91480 40.00000
v -270.89428 331.36127 40.00000
v -282.66773 321.37665 40.00000
v -294.07345 310.97396 40.00000
v -305.09661 300.16671 40.00000
v -315.72287 288.96898 40.00000
v -325.93840 277.39532 40.00000
v -335.72990 265.46079 40.00000
v -345.08466 253.18092 40.00000
v -353.99049 240.57169 40.00000
v -362.43580 227.64949 40.00000
v -370.40962 214.43114 40.00000
v -377.90157 200.93383 40.00000
v 392.02873 208.44537 40.00000
v 384.25671 222.44725 40.00000
v 375.98480 236.15975 40.00000
v 367.22377 249.56502 40.00000
v 357.98502 262.64563 40.00000
v 348.28056 275.38456 40.00000
v 338.12301 287.76524 40.00000
v 327.52559 299.77156 40.00000
v 316.50209 311.38790 40.00000
v 305.06685 322.59915 40.00000
v 293.23475 333.39073 40.00000
v 281.02117 343.74860 40.00000
v 268.44201 353.65928 40.00000
v 255.51362 363.10988 40.00000
v 242.25284 372.08811 40.00000
v 228.67691 380.58228 40.00000
v 214.80348 388.58135 40.00000
v 200.65062 396.07490 40.00000
v 186.23672 403.05320 40.00000
v 171.58055 409.50716 40.00000
v 156.70117 415.42839 40.00000
v 141.61793 420.80917 40.00000
v 126.35046 425.64253 40.00000
v 110.91862 429.92215 40.00000
v 95.34249 433.64249 40.00000
v 79.64232 436.79870 40.00000
v 63.83854 439.38666 40.00000
v 47.95171 441.40303 40.00000
v 32.00251 442.84516 40.00000
v 16.01167 443.71120 40.00000
v -0.00000 444.00000 40.00000
v -16.01167 443.71120 40.00000
v -32.00251 442.84516 40.00000
v -47.95171 441.40303 40.00000
v -63.83854 439.38666 40.00000
v -79.64232 436.79870 40.00000
v -95.34249 433.64249 40.00000
v -110.91862 429.92215 40.00000
v -126.35046 425.64253 40.00000
v -141.61793 420.80917 40.00000
v -156.70117 415.42839 40.00000
v -171.58055 409.50716 40.00000
v -186.23672 403.05320 40.00000
v -200.65062 396.07490 40.00000
v -214.80348 388.58135 40.00000
v -228.67691 380.58228 40.00000
v -242.25284 372.08811 40.00000
v -255.51362 363.10988 40.00000
v -268.44201 353.65928 40.00000
v -281.02117 343.74860 40.00000
v -293.23475 333.39073 40.00000
v -305.06685 322.59915 40.00000
v -316.50209 311.38790 40.00000
v -327.52559 299.77156 40.00000
v -338.12301 287.76524 40.00000
v -348.28056 275.38456 40.00000
v -357.98502 262.64563 40.00000
v -367.22377 249.56502 40.00000
v -375.98480 236.15975 40.00000
v -384.25671 222.44725 40.00000
v -392.02873 208.44537 40.00000
v 377.90157 200.93383 45.00000
v 370.40962 214.43114 45.00000
v 362.43580 227.64949 45.00000
v 353.99049 240.57169 45.00000
v 345.08466 253.18092 45.00000
v 335.72990 265.46079 45.00000
v 325.93840 277.39532 45.00000
v 315.72287 288.96898 45.00000
v 305.09661 300.16671 45.00000
v 294.07345 310.97396 45.00000
v 282.66773 321.37665 45.00000
v 270.89428 331.36127 45.00000
v 258.76842 340.91480 45.00000
v 246.30593 350.02484 45.00000
v 233.52301 358.67953 45.00000
v 220.43630 366.86760 45.00000
v 207.06282 374.57842 45.00000
v 193.41996 381.80193 45.00000
v 179.52549 388.52876 45.00000
v 165.39747 394.75014 45.00000
v 151.05428 400.45799 45.00000
v 136.51458 405.64488 45.00000
v 121.79729 410.30406 45.00000
v 106.92155 414.42946 45.00000
v 91.90672 418.01574 45.00000
v 76.77232 421.05820 45.00000
v 61.53805 423.55291 45.00000
v 46.22372 425.49661 45.00000
v 30.84926 426.88678 45.00000
v 15.43467 427.72160 45.00000
v -0.00000 428.00000 45.00000
v -15.43467 427.72160 45.00000
v -30.84926 426.88678 45.00000
v -46.22372 425.49661 45.00000
v -61.53805 423.55291 45.00000
v -76.77232 421.05820 45.00000
v -91.90672 418.01574 45.00000
v -106.92155 414.42946 45.00000
v -121.79729 410.30406 45.00000
v -136.51458 405.64488 45.00000
v -151.05428 400.45799 45.00000
v -165.39747 394.75014 45.00000
v -179.52549 388.52876 45.00000
v -193.41996 381.80193 45.00000
v -207.06282 374.57842 45.00000
v -220.43630 366.86760 45.00000
v -233.52301 358.67953 45.00000
v -246.30593 350.02484 45.00000
v -258.76842 340.91480 45.00000
v -270.89428 331.36127 45.00000
v -282.66773 321.37665 45.00000
v -294.07345 310.97396 45.00000
v -305.09661 300.16671 45.00000
v -315.72287 288.96898 45.00000
v -325.93840 277.39532 45.00000
v -335.72990 265.46079 45.00000
v -345.08466 253.18092 45.00000
v -353.99049 240.57169 45.00000
v -362.43580 227.64949 45.00000
v -370.40962 214.43114 45.00000
v -377.90157 200.93383 45.00000
v 392.02873 208.44537 45.00000
v 384.25671 222.44725 45.00000
v 375.98480 236.15975 45.00000
v 367.22377 249.56502 45.00000
v 357.98502 262.64563 45.00000
v 348.28056 275.38456 45.00000
v 338.12301 287.76524 45.00000
v 327.52559 299.77156 45.00000
v 316.50209 311.38790 45.00000
v 305.06685 322.59915 45.00000
v 293.23475 333.39073 45.00000
v 281.02117 343.74860 45.00000
v 268.44201 353.65928 45.00000
v 255.51362 363.10988 45.00000
v 242.25284 372.08811 45.00000
v 228.67691 380.58228 45.00000
v 214.80348 388.58135 45.00000
v 200.65062 396.07490 45.00000
v 186.23672 403.05320 45.00000
v 171.58055 409.50716 45.00000
v 156.70117 415.42839 45.00000
v 141.61793 420.80917 45.00000
v 126.35046 425.64253 45.00000
v 110.91862 429.92215 45.00000
v 95.34249 433.64249 45.00000
v 79.64232 436.79870 45.00000
v 63.83854 439.38666 45.00000
v 47.95171 441.40303 45.00000
v 32.00251 442.84516 45.00000
v 16.01167 443.71120 45.00000
v -0.00000 444.00000 45.00000
v -16.01167 443.71120 45.00000
v -32.00251 442.84516 45.00000
v -47.95171 441.40303 45.00000
v -63.83854 439.38666 45.00000
v -79.64232 436.79870 45.00000
v -95.34249 433.64249 45.00000
v -110.91862 429.92215 45.00000
v -126.35046 425.64253 45.00000
v -141.61793 420.80917 45.00000
v -156.70117 415.42839 45.00000
v -171.58055 409.50716 45.00000
v -186.23672 403.05320 45.00000
v -200.65062 396.07490 45.00000
v -214.80348 388.58135 45.00000
v -228.67691 380.58228 45.00000
v -242.25284 372.08811 45.00000
v -255.51362 363.10988 45.00000
v -268.44201 353.65928 45.00000
v -281.02117 343.74860 45.00000
v -293.23475 333.39073 45.00000
v -305.06685 322.59915 45.00000
v -316.50209 311.38790 45.00000
v -327.52559 299.77156 45.00000
v -338.12301 287.76524 45.00000
v -348.28056 275.38456 45.00000
v -357.98502 262.64563 45.00000
v -367.22377 249.56502 45.00000
v -375.98480 236.15975 45.00000
v -384.25671 222.44725 45.00000
v -392.02873 208.44537 45.00000
f 1204 1082 1081
f 1203 1204 1081
f 1265 1264 1142
f 1143 1265 1142
f 1143 1142 1081
f 1082 1143 1081
f 1265 1204 1203
f 1264 1265 1203
f 1205 1083 1082
f 1204 1205 1082
f 1266 1265 1143
f 1144 1266 1143
f 1144 1143 1082
f 1083 1144 1082
f 1266 1205 1204
f 1265 1266 1204
f 1206 1084 1083
f 1205 1206 1083
f 1267 1266 1144
f 1145 1267 1144
f 1145 1144 1083
f 1084 1145 1083
f 1267 1206 1205
f 1266 1267 1205
f 1207 1085 1084
f 1206 1207 1084
f 1268 1267 1145
f 1146 1268 1145
f 1146 1145 1084
f 1085 1146 1084
f 1268 1207 1206
f 1267 1268 1206
f 1208 1086 1085
f 1207 1208 1085
f 1269 1268 1146
f 1147 1269 1146
f 1147 1146 1085
f 1086 1147 1085
f 1269 1208 1207
f 1268 1269 1207
f 1209 1087 1086
f 1208 1209 1086
f 1270 1269 1147
f 1148 1270 1147
f 1148 1147 1086
f 1087 1148 1086
f 1270 1209 1208
f 1269 1270 1208
f 1210 1088 1087
f 1209 1210 1087
f 1271 1270 1148
f 1149 1271 1148
f 1149 1148 1087
f 1088 1149 1087
f 1271 1210 1209
f 1270 1271 1209
f 1211 1089 1088
f 1210 1211 1088
f 1272 1271 1149
f 1150 1272 1149
f 1150 1149 1088
f 1089 1150 1088
f 1272 1211 1210
f 1271 1272 1210
f 1212 1090 1089
f 1211 1212 1089
f 1273 1272 1150
f 1151 1273 1150
f 1151 1150 1089
f 1090 1151 1089
f 1273 1212 1211
f 1272 1273 1211
f 1213 1091 1090
f 1212 1213 1090
f 1274 1273 1151
f 1152 1274 1151
f 1152 1151 1090
f 1091 1152 1090
f 1274 1213 1212
f 1273 1274 1212
f 1214 1092 1091
f 1213 1214 1091
f 1275 1274 1152
f 1153 1275 1152
f 1153 1152 1091
f 1092 1153 1091
f 1275 1214 1213
f 1274 1275 1213
f 1215 1093 1092
f 1214 1215 1092
f 1276 1275 1153
f 1154 1276 1153
f 1154 1153 1092
f 1093 1154 1092
f 1276 1215 1214
f 1275 1276 1214
f 1216 1094 1093
f 1215 1216 1093
f 1277 1276 1154
f 1155 1277 1154
f 1155 1154 1093
f 1094 1155 1093
f 1277 1216 1215
f 1276 1277 1215
f 1217 1095 1094
f 1216 1217 1094
f 1278 1277 1155
f 1156 1278 1155
f 1156 1155 1094
f 1095 1156 1094
f 1278 1217 1216
f 1277 1278 1216
f 1218 1096 1095
f 1217 1218 1095
f 1279 1278 1156
f 1157 1279 1156
f 1157 1156 1095
f 1096 1157 1095
f 1279 1218 1217
f 1278 1279 1217
f 1219 1097 1096
f 1218 1219 1096
f 1280 1279 1157
f 1158 1280 1157
f 1158 1157 1096
f 1097 1158 1096
f 1280 1219 1218
f 1279 1280 1218
f 1220 1098 1097
f 1219 1220 1097
f 1281 1280 1158
f 1159 1281 1158
f 1159 1158 1097
f 1098 1159 1097
f 1281 1220 1219
f 1280 1281 1219
f 1221 1099 1098
f 1220 1221 1098
f 1282 1281 1159
f 1160 1282 1159
f 1160 1159 1098
f 1099 1160 1098
f 1282 1221 1220
f 1281 1282 1220
f 1222 1100 1099
f 1221 1222 1099
f 1283 1282 1160
f 1161 1283 1160
f 1161 1160 1099
f 1100 1161 1099
f 1283 1222 1221
f 1282 1283 1221
f 1223 1101 1100
f 1222 1223 1100
f 1284 1283 1161
f 1162 1284 1161
f 1162 1161 1100
f 1101 1162 1100
f 1284 1223 1222
f 1283 1284 1222
f 1224 1102 1101
f 1223 1224 1101
f 1285 1284 1162
f 1163 1285 1162
f 1163 1162 1101
f 1102 1163 1101
f 1285 1224 1223
f 1284 1285 1223
f 1225 1103 1102
f 1224 1225 1102
f 1286 1285 1163
f 1164 1286 1163
f 1164 1163 1102
f 1103 1164 1102
f 1286 1225 1224
f 1285 1286 1224
f 1226 1104 1103
f 1225 1226 1103
f 1287 1286 1164
f 1165 1287 1164
f 1165 1164 1103
f 1104 1165 1103
f 1287 1226 1225
f 1286 1287 1225
f 1227 1105 1104
f 1226 1227 1104
f 1288 1287 1165
f 1166 1288 1165
f 1166 1165 1104
f 1105 1166 1104
f 1288 1227 1226
f 1287 1288 1226
f 1228 1106 1105
f 1227 1228 1105
f 1289 1288 1166
f 1167 1289 1166
f 1167 1166 1105
f 1106 1167 1105
f 1289 1228 1227
f 1288 1289 1227
f 1229 1107 1106
f 1228 1229 1106
f 1290 1289 1167
f 1168 1290 1167
f 1168 1167 1106
f 1107 1168 1106
f 1290 1229 1228
f 1289 1290 1228
f 1230 1108 1107
f 1229 1230 1107
f 1291 1290 1168
f 1169 1291 1168
f 1169 1168 1107
f 1108 1169 1107
f 1291 1230 1229
f 1290 1291 1229
f 1231 1109 1108
f 1230 1231 1108
f 1292 1291 1169
f 1170 1292 1169
f 1170 1169 1108
f 1109 1170 1108
f 1292 1231 1230
f 1291 1292 1230
f 1232 1110 1109
f 1231 1232 1109
f 1293 1292 1170
f 1171 1293 1170
f 1171 1170 1109
f 1110 1171 1109
f 1293 1232 1231
f 1292 1293 1231
f 1233 1111 1110
f 1232 1233 1110
f 1294 1293 1171
f 1172 1294 1171
f 1172 1171 1110
f 1111 1172 1110
f 1294 1233 1232
f 1293 1294 1232
f 1234 1112 1111
f 1233 1234 1111
f 1295 1294 1172
f 1173 1295 1172
f 1173 1172 1111
f 1112 1173 1111
f 1295 1234 1233
f 1294 1295 1233
f 1235 1113 1112
f 1234 1235 1112
f 1296 1295 1173
f 1174 1296 1173
f 1174 1173 1112
f 1113 1174 1112
f 1296 1235 1234
f 1295 1296 1234
f 1236 1114 1113
f 1235 1236 1113
f 1297 1296 1174
f 1175 1297 1174
f 1175 1174 1113
f 1114 1175 1113
f 1297 1236 1235
f 1296 1297 1235
f 1237 1115 1114
f 1236 1237 1114
f 1298 1297 1175
f 1176 1298 1175
f 1176 1175 1114
f 1115 1176 1114
f 1298 1237 1236
f 1297 1298 1236
f 1238 1116 1115
f 1237 1238 1115
f 1299 1298 1176
f 1177 1299 1176
f 1177 1176 1115
f 1116 1177 1115
f 1299 1238 1237
f 1298 1299 1237
f 1239 1117 1116
f 1238 1239 1116
f 1300 1299 1177
f 1178 1300 1177
f 1178 1177 1116
f 1117 1178 1116
f 1300 1239 1238
f 1299 1300 1238
f 1240 1118 1117
f 1239 1240 1117
f 1301 1300 1178
f 1179 1301 1178
f 1179 1178 1117
f 1118 1179 1117
f 1301 1240 1239
f 1300 1301 1239
f 1241 1119 1118
f 1240 1241 1118
f 1302 1301 1179
f 1180 1302 1179
f 1180 1179 1118
f 1119 1180 1118
f 1302 1241 1240
f 1301 1302 1240
f 1242 1120 1119
f 1241 1242 1119
f 1303 1302 1180
f 1181 1303 1180
f 1181 1180 1119
f 1120 1181 1119
f 1303 1242 1241
f 1302 1303 1241
f 1243 1121 1120
f 1242 1243 1120
f 1304 1303 1181
f 1182 1304 1181
f 1182 1181 1120
f 1121 1182 1120
f 1304 1243 1242
f 1303 1304 1242
f 1244 1122 1121
f 1243 1244 1121
f 1305 1304 1182
f 1183 1305 1182
f 1183 1182 1121
f 1122 1183 1121
f 1305 1244 1243
f 1304 1305 1243
f 1245 1123 1122
f 1244 1245 1122
f 1306 1305 1183
f 1184 1306 1183
f 1184 1183 1122
f 1123 1184 1122
f 1306 1245 1244
f 1305 1306 1244
f 1246 1124 1123
f 1245 1246 1123
f 1307 1306 1184
f 1185 1307 1184
f 1185 1184 1123
f 1124 1185 1123
f 1307 1246 1245
f 1306 1307 1245
f 1247 1125 1124
f 1246 1247 1124
f 1308 1307 1185
f 1186 1308 1185
f 1186 1185 1124
f 1125 1186 1124
f 1308 1247 1246
f 1307 1308 1246
f 1248 1126 1125
f 1247 1248 1125
f 1309 1308 1186
f 1187 1309 1186
f 1187 1186 1125
f 1126 1187 1125
f 1309 1248 1247
f 1308 1309 1247
f 1249 1127 1126
f 1248 1249 1126
f 1310 1309 1187
f 1188 1310 1187
f 1188 1187 1126
f 1127 1188 1126
f 1310 1249 1248
f 1309 1310 1248
f 1250 1128 1127
f 1249 1250 1127
f 1311 1310 1188
f 1189 1311 1188
f 1189 1188 1127
f 1128 1189 1127
f 1311 1250 1249
f 1310 1311 1249
f 1251 1129 1128
f 1250 1251 1128
f 1312 1311 1189
f 1190 1312 1189
f 1190 1189 1128
f 1129 1190 1128
f 1312 1251 1250
f 1311 1312 1250
f 1252 1130 1129
f 1251 1252 1129
f 1313 1312 1190
f 1191 1313 1190
f 1191 1190 1129
f 1130 1191 1129
f 1313 1252 1251
f 1312 1313 1251
f 1253 1131 1130
f 1252 1253 1130
f 1314 1313 1191
f 1192 1314 1191
f 1192 1191 1130
f 1131 1192 1130
f 1314 1253 1252
f 1313 1314 1252
f 1254 1132 1131
f 1253 1254 1131
f 1315 1314 1192
f 1193 1315 1192
f 1193 1192 1131
f 1132 1193 1131
f 1315 1254 1253
f 1314 1315 1253
f 1255 1133 1132
f 1254 1255 1132
f 1316 1315 1193
f 1194 1316 1193
f 1194 1193 1132
f 1133 1194 1132
f 1316 1255 1254
f 1315 1316 1254
f 1256 1134 1133
f 1255 1256 1133
f 1317 1316 1194
f 1195 1317 1194
f 1195 1194 1133
f 1134 1195 1133
f 1317 1256 1255
f 1316 1317 1255
f 1257 1135 1134
f 1256 1257 1134
f 1318 1317 1195
f 1196 1318 1195
f 1196 1195 1134
f 1135 1196 1134
f 1318 1257 1256
f 1317 1318 1256
f 1258 1136 1135
f 1257 1258 1135
f 1319 1318 1196
f 1197 1319 1196
f 1197 1196 1135
f 1136 1197 1135
f 1319 1258 1257
f 1318 1319 1257
f 1259 1137 1136
f 1258 1259 1136
f 1320 1319 1197
f 1198 1320 1197
f 1198 1197 1136
f 1137 1198 1136
f 1320 1259 1258
f 1319 1320 1258
f 1260 1138 1137
f 1259 1260 1137
f 1321 1320 1198
f 1199 1321 1198
f 1199 1198 1137
f 1138 1199 1137
f 1321 1260 1259
f 1320 1321 1259
f 1261 1139 1138
f 1260 1261 1138
f 1322 1321 1199
f 1200 1322 1199
f 1200 1199 1138
f 1139 1200 1138
f 1322 1261 1260
f 1321 1322 1260
f 1262 1140 1139
f 1261 1262 1139
f 1323 1322 1200
f 1201 1323 1200
f 1201 1200 1139
f 1140 1201 1139
f 1323 1262 1261
f 1322 1323 1261
f 1263 1141 1140
f 1262 1263 1140
f 1324 1323 1201
f 1202 1324 1201
f 1202 1201 1140
f 1141 1202 1140
f 1324 1263 1262
f 1323 1324 1262
f 1264 1203 1081
f 1142 1264 1081
f 1324 1202 1141
f 1263 1324 1141
o LED_border_356_49
usemtl Cyan
v 377.90157 200.93383 356.00000
v 370.40962 214.43114 356.00000
v 362.43580 227.64949 356.00000
v 353.99049 240.57169 356.00000
v 345.08466 253.18092 356.00000
v 335.72990 265.46079 356.00000
v 325.93840 277.39532 356.00000
v 315.72287 288.96898 356.00000
v 305.09661 300.16671 356.00000
v 294.07345 310.97396 356.00000
v 282.66773 321.37665 356.00000
v 270.89428 331.36127 356.00000
v 258.76842 340.91480 356.00000
v 246.30593 350.02484 356.00000
v 233.52301 358.67953 356.00000
v 220.43630 366.86760 356.00000
v 207.06282 374.57842 356.00000
v 193.41996 381.80193 356.00000
v 179.52549 388.52876 356.00000
v 165.39747 394.75014 356.00000
v 151.05428 400.45799 356.00000
v 136.51458 405.64488 356.00000
v 121.79729 410.30406 356.00000
v 106.92155 414.42946 356.00000
v 91.90672 418.01574 356.00000
v 76.77232 421.05820 356.00000
v 61.53805 423.55291 356.00000
v 46.22372 425.49661 356.00000
v 30.84926 426.88678 356.00000
v 15.43467 427.72160 356.00000
v -0.00000 428.00000 356.00000
v -15.43467 427.72160 356.00000
v -30.84926 426.88678 356.00000
v -46.22372 425.49661 356.00000
v -61.53805 423.55291 356.00000
v -76.77232 421.05820 356.00000
v -91.90672 418.01574 356.00000
v -106.92155 414.42946 356.00000
v -121.79729 410.30406 356.00000
v -136.51458 405.64488 356.00000
v -151.05428 400.45799 356.00000
v -165.39747 394.75014 356.00000
v -179.52549 388.52876 356.00000
v -193.41996 381.80193 356.00000
v -207.06282 374.57842 356.00000
v -220.43630 366.86760 356.00000
v -233.52301 358.67953 356.00000
v -246.30593 350.02484 356.00000
v -258.76842 340.91480 356.00000
v -270.89428 331.36127 356.00000
v -282.66773 321.37665 356.00000
v -294.07345 310.97396 356.00000
v -305.09661 300.16671 356.00000
v -315.72287 288.96898 356.00000
v -325.93840 277.39532 356.00000
v -335.72990 265.46079 356.00000
v -345.08466 253.18092 356.00000
v -353.99049 240.57169 356.00000
v -362.43580 227.64949 356.00000
v -370.40962 214.43114 356.00000
v -377.90157 200.93383 356.00000
v 392.02873 208.44537 356.00000
v 384.25671 222.44725 356.00000
v 375.98480 236.15975 356.00000
v 367.22377 249.56502 356.00000
v 357.98502 262.64563 356.00000
v 348.28056 275.38456 356.00000
v 338.12301 287.76524 356.00000
v 327.52559 299.77156 356.00000
v 316.50209 311.38790 356.00000
v 305.06685 322.59915 356.00000
v 293.23475 333.39073 356.00000
v 281.02117 343.74860 356.00000
v 268.44201 353.65928 356.00000
v 255.51362 363.10988 356.00000
v 242.25284 372.08811 356.00000
v 228.67691 380.58228 356.00000
v 214.80348 388.58135 356.00000
v 200.65062 396.07490 356.00000
v 186.23672 403.05320 356.00000
v 171.58055 409.50716 356.00000
v 156.70117 415.42839 356.00000
v 141.61793 420.80917 356.00000
v 126.35046 425.64253 356.00000
v 110.91862 429.92215 356.00000
v 95.34249 433.64249 356.00000
v 79.64232 436.79870 356.00000
v 63.83854 439.38666 356.00000
v 47.95171 441.40303 356.00000
v 32.00251 442.84516 356.00000
v 16.01167 443.71120 356.00000
v -0.00000 444.00000 356.00000
v -16.01167 443.71120 356.00000
v -32.00251 442.84516 356.00000
v -47.95171 441.40303 356.00000
v -63.83854 439.38666 356.00000
v -79.64232 436.79870 356.00000
v -95.34249 433.64249 356.00000
v -110.91862 429.92215 356.00000
v -126.35046 425.64253 356.00000
v -141.61793 420.80917 356.00000
v -156.70117 415.42839 356.00000
v -171.58055 409.50716 356.00000
v -186.23672 403.05320 356.00000
v -200.65062 396.07490 356.00000
v -214.80348 388.58135 356.00000
v -228.67691 380.58228 356.00000
v -242.25284 372.08811 356.00000
v -255.51362 363.10988 356.00000
v -268.44201 353.65928 356.00000
v -281.02117 343.74860 356.00000
v -293.23475 333.39073 356.00000
v -305.06685 322.59915 356.00000
v -316.50209 311.38790 356.00000
v -327.52559 299.77156 356.00000
v -338.12301 287.76524 356.00000
v -348.28056 275.38456 356.00000
v -357.98502 262.64563 356.00000
v -367.22377 249.56502 356.00000
v -375.98480 236.15975 356.00000
v -384.25671 222.44725 356.00000
v -392.02873 208.44537 356.00000
v 377.90157 200.93383 361.00000
v 370.40962 214.43114 361.00000
v 362.43580 227.64949 361.00000
v 353.99049 240.57169 361.00000
v 345.08466 253.18092 361.00000
v 335.72990 265.46079 361.00000
v 325.93840 277.39532 361.00000
v 315.72287 288.96898 361.00000
v 305.09661 300.16671 361.00000
v 294.07345 310.97396 361.00000
v 282.66773 321.37665 361.00000
v 270.89428 331.36127 361.00000
v 258.76842 340.91480 361.00000
v 246.30593 350.02484 361.00000
v 233.52301 358.67953 361.00000
v 220.43630 366.86760 361.00000
v 207.06282 374.57842 361.00000
v 193.41996 381.80193 361.00000
v 179.52549 388.52876 361.00000
v 165.39747 394.75014 361.00000
v 151.05428 400.45799 361.00000
v 136.51458 405.64488 361.00000
v 121.79729 410.30406 361.00000
v 106.92155 414.42946 361.00000
v 91.90672 418.01574 361.00000
v 76.77232 421.05820 361.00000
v 61.53805 423.55291 361.00000
v 46.22372 425.49661 361.00000
v 30.84926 426.88678 361.00000
v 15.43467 427.72160 361.00000
v -0.00000 428.00000 361.00000
v -15.43467 427.72160 361.00000
v -30.84926 426.88678 361.00000
v -46.22372 425.49661 361.00000
v -61.53805 423.55291 361.00000
v -76.77232 421.05820 361.00000
v -91.90672 418.01574 361.00000
v -106.92155 414.42946 361.00000
v -121.79729 410.30406 361.00000
v -136.51458 405.64488 361.00000
v -151.05428 400.45799 361.00000
v -165.39747 394.75014 361.00000
v -179.52549 388.52876 361.00000
v -193.41996 381.80193 361.00000
v -207.06282 374.57842 361.00000
v -220.43630 366.86760 361.00000
v -233.52301 358.67953 361.00000
v -246.30593 350.02484 361.00000
v -258.76842 340.91480 361.00000
v -270.89428 331.36127 361.00000
v -282.66773 321.37665 361.00000
v -294.07345 310.97396 361.00000
v -305.09661 300.16671 361.00000
v -315.72287 288.96898 361.00000
v -325.93840 277.39532 361.00000
v -335.72990 265.46079 361.00000
v -345.08466 253.18092 361.00000
v -353.99049 240.57169 361.00000
v -362.43580 227.64949 361.00000
v -370.40962 214.43114 361.00000
v -377.90157 200.93383 361.00000
v 392.02873 208.44537 361.00000
v 384.25671 222.44725 361.00000
v 375.98480 236.15975 361.00000
v 367.22377 249.56502 361.00000
v 357.98502 262.64563 361.00000
v 348.28056 275.38456 361.00000
v 338.12301 287.76524 361.00000
v 327.52559 299.77156 361.00000
v 316.50209 311.38790 361.00000
v 305.06685 322.59915 361.00000
v 293.23475 333.39073 361.00000
v 281.02117 343.74860 361.00000
v 268.44201 353.65928 361.00000
v 255.51362 363.10988 361.00000
v 242.25284 372.08811 361.00000
v 228.67691 380.58228 361.00000
v 214.80348 388.58135 361.00000
v 200.65062 396.07490 361.00000
v 186.23672 403.05320 361.00000
v 171.58055 409.50716 361.00000
v 156.70117 415.42839 361.00000
v 141.61793 420.80917 361.00000
v 126.35046 425.64253 361.00000
v 110.91862 429.92215 361.00000
v 95.34249 433.64249 361.00000
v 79.64232 436.79870 361.00000
v 63.83854 439.38666 361.00000
v 47.95171 441.40303 361.00000
v 32.00251 442.84516 361.00000
v 16.01167 443.71120 361.00000
v -0.00000 444.00000 361.00000
v -16.01167 443.71120 361.00000
v -32.00251 442.84516 361.00000
v -47.95171 441.40303 361.00000
v -63.83854 439.38666 361.00000
v -79.64232 436.79870 361.00000
v -95.34249 433.64249 361.00000
v -110.91862 429.92215 361.00000
v -126.35046 425.64253 361.00000
v -141.61793 420.80917 361.00000
v -156.70117 415.42839 361.00000
v -171.58055 409.50716 361.00000
v -186.23672 403.05320 361.00000
v -200.65062 396.07490 361.00000
v -214.80348 388.58135 361.00000
v -228.67691 380.58228 361.00000
v -242.25284 372.08811 361.00000
v -255.51362 363.10988 361.00000
v -268.44201 353.65928 361.00000
v -281.02117 343.74860 361.00000
v -293.23475 333.39073 361.00000
v -305.06685 322.59915 361.00000
v -316.50209 311.38790 361.00000
v -327.52559 299.77156 361.00000
v -338.12301 287.76524 361.00000
v -348.28056 275.38456 361.00000
v -357.98502 262.64563 361.00000
v -367.22377 249.56502 361.00000
v -375.98480 236.15975 361.00000
v -384.25671 222.44725 361.00000
v -392.02873 208.44537 361.00000
f 1448 1326 1325
f 1447 1448 1325
f 1509 1508 1386
f 1387 1509 1386
f 1387 1386 1325
f 1326 1387 1325
f 1509 1448 1447
f 1508 1509 1447
f 1449 1327 1326
f 1448 1449 1326
f 1510 1509 1387
f 1388 1510 1387
f 1388 1387 1326
f 1327 1388 1326
f 1510 1449 1448
f 1509 1510 1448
f 1450 1328 1327
f 1449 1450 1327
f 1511 1510 1388
f 1389 1511 1388
f 1389 1388 1327
f 1328 1389 1327
f 1511 1450 1449
f 1510 1511 1449
f 1451 1329 1328
f 1450 1451 1328
f 1512 1511 1389
f 1390 1512 1389
f 1390 1389 1328
f 1329 1390 1328
f 1512 1451 1450
f 1511 1512 1450
f 1452 1330 1329
f 1451 1452 1329
f 1513 1512 1390
f 1391 1513 1390
f 1391 1390 1329
f 1330 1391 1329
f 1513 1452 1451
f 1512 1513 1451
f 1453 1331 1330
f 1452 1453 1330
f 1514 1513 1391
f 1392 1514 1391
f 1392 1391 1330
f 1331 1392 1330
f 1514 1453 1452
f 1513 1514 1452
f 1454 1332 1331
f 1453 1454 1331
f 1515 1514 1392
f 1393 1515 1392
f 1393 1392 1331
f 1332 1393 1331
f 1515 1454 1453
f 1514 1515 1453
f 1455 1333 1332
f 1454 1455 1332
f 1516 1515 1393
f 1394 1516 1393
f 1394 1393 1332
f 1333 1394 1332
f 1516 1455 1454
f 1515 1516 1454
f 1456 1334 1333
f 1455 1456 1333
f 1517 1516 1394
f 1395 1517 1394
f 1395 1394 1333
f 1334 1395 1333
f 1517 1456 1455
f 1516 1517 1455
f 1457 1335 1334
f 1456 1457 1334
f 1518 1517 1395
f 1396 1518 1395
f 1396 1395 1334
f 1335 1396 1334
f 1518 1457 1456
f 1517 1518 1456
f 1458 1336 1335
f 1457 1458 1335
f 1519 1518 1396
f 1397 1519 1396
f 1397 1396 1335
f 1336 1397 1335
f 1519 1458 1457
f 1518 1519 1457
f 1459 1337 1336
f 1458 1459 1336
f 1520 1519 1397
f 1398 1520 1397
f 1398 1397 1336
f 1337 1398 1336
f 1520 1459 1458
f 1519 1520 1458
f 1460 1338 1337
f 1459 1460 1337
f 1521 1520 1398
f 1399 1521 1398
f 1399 1398 1337
f 1338 1399 1337
f 1521 1460 1459
f 1520 1521 1459
f 1461 1339 1338
f 1460 1461 1338
f 1522 1521 1399
f 1400 1522 1399
f 1400 1399 1338
f 1339 1400 1338
f 1522 1461 1460
f 1521 1522 1460
f 1462 1340 1339
f 1461 1462 1339
f 1523 1522 1400
f 1401 1523 1400
f 1401 1400 1339
f 1340 1401 1339
f 1523 1462 1461
f 1522 1523 1461
f 1463 1341 1340
f 1462 1463 1340
f 1524 1523 1401
f 1402 1524 1401
f 1402 1401 1340
f 1341 1402 1340
f 1524 1463 1462
f 1523 1524 1462
f 1464 1342 1341
f 1463 1464 1341
f 1525 1524 1402
f 1403 1525 1402
f 1403 1402 1341
f 1342 1403 1341
f 1525 1464 1463
f 1524 1525 1463
f 1465 1343 1342
f 1464 1465 1342
f 1526 1525 1403
f 1404 1526 1403
f 1404 1403 1342
f 1343 1404 1342
f 1526 1465 1464
f 1525 1526 1464
f 1466 1344 1343
f 1465 1466 1343
f 1527 1526 1404
f 1405 1527 1404
f 1405 1404 1343
f 1344 1405 1343
f 1527 1466 1465
f 1526 1527 1465
f 1467 1345 1344
f 1466 1467 1344
f 1528 1527 1405
f 1406 1528 1405
f 1406 1405 1344
f 1345 1406 1344
f 1528 1467 1466
f 1527 1528 1466
f 1468 1346 1345
f 1467 1468 1345
f 1529 1528 1406
f 1407 1529 1406
f 1407 1406 1345
f 1346 1407 1345
f 1529 1468 1467
f 1528 1529 1467
f 1469 1347 1346
f 1468 1469 1346
f 1530 1529 1407
f 1408 1530 1407
f 1408 1407 1346
f 1347 1408 1346
f 1530 1469 1468
f 1529 1530 1468
f 1470 1348 1347
f 1469 1470 1347
f 1531 1530 1408
f 1409 1531 1408
f 1409 1408 1347
f 1348 1409 1347
f 1531 1470 1469
f 1530 1531 1469
f 1471 1349 1348
f 1470 1471 1348
f 1532 1531 1409
f 1410 1532 1409
f 1410 1409 1348
f 1349 1410 1348
f 1532 1471 1470
f 1531 1532 1470
f 1472 1350 1349
f 1471 1472 1349
f 1533 1532 1410
f 1411 1533 1410
f 1411 1410 1349
f 1350 1411 1349
f 1533 1472 1471
f 1532 1533 1471
f 1473 1351 1350
f 1472 1473 1350
f 1534 1533 1411
f 1412 1534 1411
f 1412 1411 1350
f 1351 1412 1350
f 1534 1473 1472
f 1533 1534 1472
f 1474 1352 1351
f 1473 1474 1351
f 1535 1534 1412
f 1413 1535 1412
f 1413 1412 1351
f 1352 1413 1351
f 1535 1474 1473
f 1534 1535 1473
f 1475 1353 1352
f 1474 1475 1352
f 1536 1535 1413
f 1414 1536 1413
f 1414 1413 1352
f 1353 1414 1352
f 1536 1475 1474
f 1535 1536 1474
f 1476 1354 1353
f 1475 1476 1353
f 1537 1536 1414
f 1415 1537 1414
f 1415 1414 1353
f 1354 1415 1353
f 1537 1476 1475
f 1536 1537 1475
f 1477 1355 1354
f 1476 1477 1354
f 1538 1537 1415
f 1416 1538 1415
f 1416 1415 1354
f 1355 1416 1354
f 1538 1477 1476
f 1537 1538 1476
f 1478 1356 1355
f 1477 1478 1355
f 1539 1538 1416
f 1417 1539 1416
f 1417 1416 1355
f 1356 1417 1355
f 1539 1478 1477
f 1538 1539 1477
f 1479 1357 1356
f 1478 1479 1356
f 1540 1539 1417
f 1418 1540 1417
f 1418 1417 1356
f 1357 1418 1356
f 1540 1479 1478
f 1539 1540 1478
f 1480 1358 1357
f 1479 1480 1357
f 1541 1540 1418
f 1419 1541 1418
f 1419 1418 1357
f 1358 1419 1357
f 1541 1480 1479
f 1540 1541 1479
f 1481 1359 1358
f 1480 1481 1358
f 1542 1541 1419
f 1420 1542 1419
f 1420 1419 1358
f 1359 1420 1358
f 1542 1481 1480
f 1541 1542 1480
f 1482 1360 1359
f 1481 1482 1359
f 1543 1542 1420
f 1421 1543 1420
f 1421 1420 1359
f 1360 1421 1359
f 1543 1482 1481
f 1542 1543 1481
f 1483 1361 1360
f 1482 1483 1360
f 1544 1543 1421
f 1422 1544 1421
f 1422 1421 1360
f 1361 1422 1360
f 1544 1483 1482
f 1543 1544 1482
f 1484 1362 1361
f 1483 1484 1361
f 1545 1544 1422
f 1423 1545 1422
f 1423 1422 1361
f 1362 1423 1361
f 1545 1484 1483
f 1544 1545 1483
f 1485 1363 1362
f 1484 1485 1362
f 1546 1545 1423
f 1424 1546 1423
f 1424 1423 1362
f 1363 1424 1362
f 1546 1485 1484
f 1545 1546 1484
f 1486 1364 1363
f 1485 1486 1363
f 1547 1546 1424
f 1425 1547 1424
f 1425 1424 1363
f 1364 1425 1363
f 1547 1486 1485
f 1546 1547 1485
f 1487 1365 1364
f 1486 1487 1364
f 1548 1547 1425
f 1426 1548 1425
f 1426 1425 1364
f 1365 1426 1364
f 1548 1487 1486
f 1547 1548 1486
f 1488 1366 1365
f 1487 1488 1365
f 1549 1548 1426
f 1427 1549 1426
f 1427 1426 1365
f 1366 1427 1365
f 1549 1488 1487
f 1548 1549 1487
f 1489 1367 1366
f 1488 1489 1366
f 1550 1549 1427
f 1428 1550 1427
f 1428 1427 1366
f 1367 1428 1366
f 1550 1489 1488
f 1549 1550 1488
f 1490 1368 1367
f 1489 1490 1367
f 1551 1550 1428
f 1429 1551 1428
f 1429 1428 1367
f 1368 1429 1367
f 1551 1490 1489
f 1550 1551 1489
f 1491 1369 1368
f 1490 1491 1368
f 1552 1551 1429
f 1430 1552 1429
f 1430 1429 1368
f 1369 1430 1368
f 1552 1491 1490
f 1551 1552 1490
f 1492 1370 1369
f 1491 1492 1369
f 1553 1552 1430
f 1431 1553 1430
f 1431 1430 1369
f 1370 1431 1369
f 1553 1492 1491
f 1552 1553 1491
f 1493 1371 1370
f 1492 1493 1370
f 1554 1553 1431
f 1432 1554 1431
f 1432 1431 1370
f 1371 1432 1370
f 1554 1493 1492
f 1553 1554 1492
f 1494 1372 1371
f 1493 1494 1371
f 1555 1554 1432
f 1433 1555 1432
f 1433 1432 1371
f 1372 1433 1371
f 1555 1494 1493
f 1554 1555 1493
f 1495 1373 1372
f 1494 1495 1372
f 1556 1555 1433
f 1434 1556 1433
f 1434 1433 1372
f 1373 1434 1372
f 1556 1495 1494
f 1555 1556 1494
f 1496 1374 1373
f 1495 1496 1373
f 1557 1556 1434
f 1435 1557 1434
f 1435 1434 1373
f 1374 1435 1373
f 1557 1496 1495
f 1556 1557 1495
f 1497 1375 1374
f 1496 1497 1374
f 1558 1557 1435
f 1436 1558 1435
f 1436 1435 1374
f 1375 1436 1374
f 1558 1497 1496
f 1557 1558 1496
f 1498 1376 1375
f 1497 1498 1375
f 1559 1558 1436
f 1437 1559 1436
f 1437 1436 1375
f 1376 1437 1375
f 1559 1498 1497
f 1558 1559 1497
f 1499 1377 1376
f 1498 1499 1376
f 1560 1559 1437
f 1438 1560 1437
f 1438 1437 1376
f 1377 1438 1376
f 1560 1499 1498
f 1559 1560 1498
f 1500 1378 1377
f 1499 1500 1377
f 1561 1560 1438
f 1439 1561 1438
f 1439 1438 1377
f 1378 1439 1377
f 1561 1500 1499
f 1560 1561 1499
f 1501 1379 1378
f 1500 1501 1378
f 1562 1561 1439
f 1440 1562 1439
f 1440 1439 1378
f 1379 1440 1378
f 1562 1501 1500
f 1561 1562 1500
f 1502 1380 1379
f 1501 1502 1379
f 1563 1562 1440
f 1441 1563 1440
f 1441 1440 1379
f 1380 1441 1379
f 1563 1502 1501
f 1562 1563 1501
f 1503 1381 1380
f 1502 1503 1380
f 1564 1563 1441
f 1442 1564 1441
f 1442 1441 1380
f 1381 1442 1380
f 1564 1503 1502
f 1563 1564 1502
f 1504 1382 1381
f 1503 1504 1381
f 1565 1564 1442
f 1443 1565 1442
f 1443 1442 1381
f 1382 1443 1381
f 1565 1504 1503
f 1564 1565 1503
f 1505 1383 1382
f 1504 1505 1382
f 1566 1565 1443
f 1444 1566 1443
f 1444 1443 1382
f 1383 1444 1382
f 1566 1505 1504
f 1565 1566 1504
f 1506 1384 1383
f 1505 1506 1383
f 1567 1566 1444
f 1445 1567 1444
f 1445 1444 1383
f 1384 1445 1383
f 1567 1506 1505
f 1566 1567 1505
f 1507 1385 1384
f 1506 1507 1384
f 1568 1567 1445
f 1446 1568 1445
f 1446 1445 1384
f 1385 1446 1384
f 1568 1507 1506
f 1567 1568 1506
f 1508 1447 1325
f 1386 1508 1325
f 1568 1446 1385
f 1507 1568 1385
o Screen_data_bar_0_50
usemtl Cyan
v 358.95100 233.10551 65.00000
v 356.90313 236.22903 65.00000
v 359.78967 233.65015 65.00000
v 357.73702 236.78097 65.00000
v 358.95100 233.10551 147.00000
v 356.90313 236.22903 147.00000
v 359.78967 233.65015 147.00000
v 357.73702 236.78097 147.00000
f 1574 1570 1569
f 1573 1574 1569
f 1576 1575 1571
f 1572 1576 1571
f 1572 1571 1569
f 1570 1572 1569
f 1576 1574 1573
f 1575 1576 1573
f 1575 1573 1569
f 1571 1575 1569
f 1576 1572 1570
f 1574 1576 1570
o Screen_data_bar_1_51
usemtl Cyan
v 342.71303 256.38210 65.00000
v 340.46265 259.36304 65.00000
v 343.51376 256.98112 65.00000
v 341.25812 259.96902 65.00000
v 342.71303 256.38210 171.74408
v 340.46265 259.36304 171.74408
v 343.51376 256.98112 171.74408
v 341.25812 259.96902 171.74408
f 1582 1578 1577
f 1581 1582 1577
f 1584 1583 1579
f 1580 1584 1579
f 1580 1579 1577
f 1578 1580 1577
f 1584 1582 1581
f 1583 1584 1581
f 1583 1581 1577
f 1579 1583 1577
f 1584 1580 1578
f 1582 1584 1578
o Screen_data_bar_2_52
usemtl Cyan
v 324.96812 278.53136 65.00000
v 322.52513 281.35661 65.00000
v 325.72739 279.18214 65.00000
v 323.27870 282.01398 65.00000
v 324.96812 278.53136 186.98779
v 322.52513 281.35661 186.98779
v 325.72739 279.18214 186.98779
v 323.27870 282.01398 186.98779
f 1590 1586 1585
f 1589 1590 1585
f 1592 1591 1587
f 1588 1592 1587
f 1588 1587 1585
f 1586 1588 1585
f 1592 1590 1589
f 1591 1592 1589
f 1591 1589 1585
f 1587 1591 1585
f 1592 1588 1586
f 1590 1592 1586
o Screen_data_bar_3_53
usemtl Cyan
v 305.79431 299.45591 65.00000
v 303.16945 302.11303 65.00000
v 306.50878 300.15557 65.00000
v 303.87779 302.81890 65.00000
v 305.79431 299.45591 186.87840
v 303.16945 302.11303 186.87840
v 306.50878 300.15557 186.87840
v 303.87779 302.81890 186.87840
f 1598 1594 1593
f 1597 1598 1593
f 1600 1599 1595
f 1596 1600 1595
f 1596 1595 1593
f 1594 1596 1593
f 1600 1598 1597
f 1599 1600 1597
f 1599 1597 1593
f 1595 1599 1593
f 1600 1596 1594
f 1598 1600 1594
o Screen_data_bar_4_54
usemtl Cyan
v 285.27590 319.06373 65.00000
v 282.48071 321.54105 65.00000
v 285.94243 319.80920 65.00000
v 283.14072 322.29231 65.00000
v 285.27590 319.06373 171.45789
v 282.48071 321.54105 171.45789
v 285.94243 319.80920 171.45789
v 283.14072 322.29231 171.45789
f 1606 1602 1601
f 1605 1606 1601
f 1608 1607 1603
f 1604 1608 1603
f 1604 1603 1601
f 1602 1604 1601
f 1608 1606 1605
f 1607 1608 1605
f 1607 1605 1601
f 1603 1607 1601
f 1608 1604 1602
f 1606 1608 1602
o Screen_data_bar_5_55
usemtl Cyan
v 263.50311 337.26860 65.00000
v 260.54989 339.55523 65.00000
v 264.11877 338.05661 65.00000
v 261.15865 340.34858 65.00000
v 263.50311 337.26860 146.64690
v 260.54989 339.55523 146.64690
v 264.11877 338.05661 146.64690
v 261.15865 340.34858 146.64690
f 1614 1610 1609
f 1613 1614 1609
f 1616 1615 1611
f 1612 1616 1611
f 1612 1611 1609
f 1610 1612 1609
f 1616 1614 1613
f 1615 1616 1613
f 1615 1613 1609
f 1611 1615 1609
f 1616 1612 1610
f 1614 1616 1610
o Screen_data_bar_6_56
usemtl Cyan
v 240.57169 353.99049 65.00000
v 237.47341 356.07636 65.00000
v 241.13377 354.81757 65.00000
v 238.02826 356.90832 65.00000
v 240.57169 353.99049 121.97148
v 237.47341 356.07636 121.97148
v 241.13377 354.81757 121.97148
v 238.02826 356.90832 121.97148
f 1622 1618 1617
f 1621 1622 1617
f 1624 1623 1619
f 1620 1624 1619
f 1620 1619 1617
f 1618 1620 1617
f 1624 1622 1621
f 1623 1624 1621
f 1623 1621 1617
f 1619 1623 1617
f 1624 1620 1618
f 1622 1624 1618
o Screen_data_bar_7_57
usemtl Cyan
v 216.58245 369.15585 65.00000
v 213.35275 371.03181 65.00000
v 217.08848 370.01836 65.00000
v 213.85124 371.89871 65.00000
v 216.58245 369.15585 106.90563
v 213.35275 371.03181 106.90563
v 217.08848 370.01836 106.90563
v 213.85124 371.89871 106.90563
f 1630 1626 1625
f 1629 1630 1625
f 1632 1631 1627
f 1628 1632 1627
f 1628 1627 1625
f 1626 1628 1625
f 1632 1630 1629
f 1631 1632 1629
f 1631 1629 1625
f 1627 1631 1625
f 1632 1628 1626
f 1630 1632 1626
o Screen_data_bar_8_58
usemtl Cyan
v 191.64089 382.69801 65.00000
v 188.29396 384.35580 65.00000
v 192.08865 383.59217 65.00000
v 188.73390 385.25383 65.00000
v 191.64089 382.69801 107.23382
v 188.29396 384.35580 107.23382
v 192.08865 383.59217 107.23382
v 188.73390 385.25383 107.23382
f 1638 1634 1633
f 1637 1638 1633
f 1640 1639 1635
f 1636 1640 1635
f 1636 1635 1633
f 1634 1636 1633
f 1640 1638 1637
f 1639 1640 1637
f 1639 1637 1633
f 1635 1639 1633
f 1640 1636 1634
f 1638 1640 1634
o Screen_data_bar_9_59
usemtl Cyan
v 165.85667 394.55743 65.00000
v 162.40724 395.98976 65.00000
v 166.24419 395.47929 65.00000
v 162.78669 396.91497 65.00000
v 165.85667 394.55743 122.83003
v 162.40724 395.98976 122.83003
v 166.24419 395.47929 122.83003
v 162.78669 396.91497 122.83003
f 1646 1642 1641
f 1645 1646 1641
f 1648 1647 1643
f 1644 1648 1643
f 1644 1643 1641
f 1642 1644 1641
f 1648 1646 1645
f 1647 1648 1645
f 1647 1645 1641
f 1643 1647 1641
f 1648 1644 1642
f 1646 1648 1642
o Screen_data_bar_10_60
usemtl Cyan
v 139.34317 404.68195 65.00000
v 135.80639 405.88252 65.00000
v 139.66874 405.62747 65.00000
v 136.12370 406.83085 65.00000
v 139.34317 404.68195 147.70618
v 135.80639 405.88252 147.70618
v 139.66874 405.62747 147.70618
v 136.12370 406.83085 147.70618
f 1654 1650 1649
f 1653 1654 1649
f 1656 1655 1651
f 1652 1656 1651
f 1652 1651 1649
f 1650 1652 1649
f 1656 1654 1653
f 1655 1656 1653
f 1655 1653 1649
f 1651 1655 1649
f 1656 1652 1650
f 1654 1656 1650
o Screen_data_bar_11_61
usemtl Cyan
v 112.21697 413.02706 65.00000
v 108.60840 413.99060 65.00000
v 112.47916 413.99208 65.00000
v 108.86216 414.95787 65.00000
v 112.21697 413.02706 172.31120
v 108.60840 413.99060 172.31120
v 112.47916 413.99208 172.31120
v 108.86216 414.95787 172.31120
f 1662 1658 1657
f 1661 1662 1657
f 1664 1663 1659
f 1660 1664 1659
f 1660 1659 1657
f 1658 1660 1657
f 1664 1662 1661
f 1663 1664 1661
f 1663 1661 1657
f 1659 1663 1657
f 1664 1660 1658
f 1662 1664 1658
o Screen_data_bar_12_62
usemtl Cyan
v 84.59734 419.55606 65.00000
v 80.93285 420.27833 65.00000
v 84.79500 420.53633 65.00000
v 81.12195 421.26029 65.00000
v 84.59734 419.55606 187.19810
v 80.93285 420.27833 187.19810
v 84.79500 420.53633 187.19810
v 81.12195 421.26029 187.19810
f 1670 1666 1665
f 1669 1670 1665
f 1672 1671 1667
f 1668 1672 1667
f 1668 1667 1665
f 1666 1668 1665
f 1672 1670 1669
f 1671 1672 1669
f 1671 1669 1665
f 1667 1671 1665
f 1672 1668 1666
f 1670 1672 1666
o Screen_data_bar_13_63
usemtl Cyan
v 56.60574 424.24025 65.00000
v 52.90143 424.71807 65.00000
v 56.73799 425.23147 65.00000
v 53.02503 425.71040 65.00000
v 56.60574 424.24025 186.65115
v 52.90143 424.71807 186.65115
v 56.73799 425.23147 186.65115
v 53.02503 425.71040 186.65115
f 1678 1674 1673
f 1677 1678 1673
f 1680 1679 1675
f 1676 1680 1675
f 1676 1675 1673
f 1674 1676 1673
f 1680 1678 1677
f 1679 1680 1677
f 1679 1677 1673
f 1675 1679 1673
f 1680 1676 1674
f 1678 1680 1674
o Screen_data_bar_14_64
usemtl Cyan
v 28.36523 427.05903 65.00000
v 24.63740 427.29030 65.00000
v 28.43150 428.05683 65.00000
v 24.69497 428.28864 65.00000
v 28.36523 427.05903 170.88034
v 24.63740 427.29030 170.88034
v 28.43150 428.05683 170.88034
v 24.69497 428.28864 170.88034
f 1686 1682 1681
f 1685 1686 1681
f 1688 1687 1683
f 1684 1688 1683
f 1684 1683 1681
f 1682 1684 1681
f 1688 1686 1685
f 1687 1688 1685
f 1687 1685 1681
f 1683 1687 1681
f 1688 1684 1682
f 1686 1688 1682
o Screen_data_bar_15_65
usemtl Cyan
v 0.00000 428.00000 65.00000
v -3.73496 427.98370 65.00000
v 0.00000 429.00000 65.00000
v -3.74368 428.98366 65.00000
v 0.00000 428.00000 145.94079
v -3.73496 427.98370 145.94079
v 0.00000 429.00000 145.94079
v -3.74368 428.98366 145.94079
f 1694 1690 1689
f 1693 1694 1689
f 1696 1695 1691
f 1692 1696 1691
f 1692 1691 1689
f 1690 1692 1689
f 1696 1694 1693
f 1695 1696 1693
f 1695 1693 1689
f 1691 1695 1689
f 1696 1692 1690
f 1694 1696 1690
o Screen_data_bar_16_66
usemtl Cyan
v -28.36523 427.05903 65.00000
v -32.09090 426.79524 65.00000
v -28.43150 428.05683 65.00000
v -32.16587 427.79242 65.00000
v -28.36523 427.05903 121.40792
v -32.09090 426.79524 121.40792
v -28.43150 428.05683 121.40792
v -32.16587 427.79242 121.40792
f 1702 1698 1697
f 1701 1702 1697
f 1704 1703 1699
f 1700 1704 1699
f 1700 1699 1697
f 1698 1700 1697
f 1704 1702 1701
f 1703 1704 1701
f 1703 1701 1697
f 1699 1703 1697
f 1704 1700 1698
f 1702 1704 1698
o Screen_data_bar_17_67
usemtl Cyan
v -56.60574 424.24025 65.00000
v -60.30573 423.73013 65.00000
v -56.73799 425.23147 65.00000
v -60.44663 424.72015 65.00000
v -56.60574 424.24025 106.70100
v -60.30573 423.73013 106.70100
v -56.73799 425.23147 106.70100
v -60.44663 424.72015 106.70100
f 1710 1706 1705
f 1709 1710 1705
f 1712 1711 1707
f 1708 1712 1707
f 1708 1707 1705
f 1706 1708 1705
f 1712 1710 1709
f 1711 1712 1709
f 1711 1709 1705
f 1707 1711 1705
f 1712 1708 1706
f 1710 1712 1706
o Screen_data_bar_18_68
usemtl Cyan
v -84.59734 419.55606 65.00000
v -88.25539 418.80185 65.00000
v -84.79500 420.53633 65.00000
v -88.46160 419.78035 65.00000
v -84.59734 419.55606 107.46668
v -88.25539 418.80185 107.46668
v -84.79500 420.53633 107.46668
v -88.46160 419.78035 107.46668
f 1718 1714 1713
f 1717 1718 1713
f 1720 1719 1715
f 1716 1720 1715
f 1716 1715 1713
f 1714 1716 1713
f 1720 1718 1717
f 1719 1720 1717
f 1719 1717 1713
f 1715 1719 1713
f 1720 1716 1714
f 1718 1720 1714
o Screen_data_bar_19_69
usemtl Cyan
v -112.21697 413.02706 65.00000
v -115.81699 412.03207 65.00000
v -112.47916 413.99208 65.00000
v -116.08759 412.99476 65.00000
v -112.21697 413.02706 123.41098
v -115.81699 412.03207 123.41098
v -112.47916 413.99208 123.41098
v -116.08759 412.99476 123.41098
f 1726 1722 1721
f 1725 1726 1721
f 1728 1727 1723
f 1724 1728 1723
f 1724 1723 1721
f 1722 1724 1721
f 1728 1726 1725
f 1727 1728 1725
f 1727 1725 1721
f 1723 1727 1721
f 1728 1724 1722
f 1726 1728 1722
o Screen_data_bar_20_70
usemtl Cyan
v -139.34317 404.68195 65.00000
v -142.86934 403.45056 65.00000
v -139.66874 405.62747 65.00000
v -143.20314 404.39320 65.00000
v -139.34317 404.68195 148.41217
v -142.86934 403.45056 148.41217
v -139.66874 405.62747 148.41217
v -143.20314 404.39320 148.41217
f 1734 1730 1729
f 1733 1734 1729
f 1736 1735 1731
f 1732 1736 1731
f 1732 1731 1729
f 1730 1732 1729
f 1736 1734 1733
f 1735 1736 1733
f 1735 1733 1729
f 1731 1735 1729
f 1736 1732 1730
f 1734 1736 1730
o Screen_data_bar_21_71
usemtl Cyan
v -165.85667 394.55743 65.00000
v -169.29348 393.09505 65.00000
v -166.24419 395.47929 65.00000
v -169.68902 394.01350 65.00000
v -165.85667 394.55743 172.87116
v -169.29348 393.09505 172.87116
v -166.24419 395.47929 172.87116
v -169.68902 394.01350 172.87116
f 1742 1738 1737
f 1741 1742 1737
f 1744 1743 1739
f 1740 1744 1739
f 1740 1739 1737
f 1738 1740 1737
f 1744 1742 1741
f 1743 1744 1741
f 1743 1741 1737
f 1739 1743 1737
f 1744 1740 1738
f 1742 1744 1738
o Screen_data_bar_22_72
usemtl Cyan
v -191.64089 382.69801 65.00000
v -194.97322 381.01108 65.00000
v -192.08865 383.59217 65.00000
v -195.42877 381.90129 65.00000
v -191.64089 382.69801 187.39705
v -194.97322 381.01108 187.39705
v -192.08865 383.59217 187.39705
v -195.42877 381.90129 187.39705
f 1750 1746 1745
f 1749 1750 1745
f 1752 1751 1747
f 1748 1752 1747
f 1748 1747 1745
f 1746 1748 1745
f 1752 1750 1749
f 1751 1752 1749
f 1751 1749 1745
f 1747 1751 1745
f 1752 1748 1746
f 1750 1752 1746
o Screen_data_bar_23_73
usemtl Cyan
v -216.58245 369.15585 65.00000
v -219.79566 367.25178 65.00000
v -217.08848 370.01836 65.00000
v -220.30920 368.10984 65.00000
v -216.58245 369.15585 186.41269
v -219.79566 367.25178 186.41269
v -217.08848 370.01836 186.41269
v -220.30920 368.10984 186.41269
f 1758 1754 1753
f 1757 1758 1753
f 1760 1759 1755
f 1756 1760 1755
f 1756 1755 1753
f 1754 1756 1753
f 1760 1758 1757
f 1759 1760 1757
f 1759 1757 1753
f 1755 1759 1753
f 1760 1756 1754
f 1758 1760 1754
o Screen_data_bar_24_74
usemtl Cyan
v -240.57169 353.99049 65.00000
v -243.65164 351.87765 65.00000
v -241.13377 354.81757 65.00000
v -244.22092 352.69979 65.00000
v -240.57169 353.99049 170.29603
v -243.65164 351.87765 170.29603
v -241.13377 354.81757 170.29603
v -244.22092 352.69979 170.29603
f 1766 1762 1761
f 1765 1766 1761
f 1768 1767 1763
f 1764 1768 1763
f 1764 1763 1761
f 1762 1764 1761
f 1768 1766 1765
f 1767 1768 1765
f 1767 1765 1761
f 1763 1767 1761
f 1768 1764 1762
f 1766 1768 1762
o Screen_data_bar_25_75
usemtl Cyan
v -263.50311 337.26860 65.00000
v -266.43626 334.95629 65.00000
v -264.11877 338.05661 65.00000
v -267.05878 335.73890 65.00000
v -263.50311 337.26860 145.23498
v -266.43626 334.95629 145.23498
v -264.11877 338.05661 145.23498
v -267.05878 335.73890 145.23498
f 1774 1770 1769
f 1773 1774 1769
f 1776 1775 1771
f 1772 1776 1771
f 1772 1771 1769
f 1770 1772 1769
f 1776 1774 1773
f 1775 1776 1773
f 1775 1773 1769
f 1771 1775 1769
f 1776 1772 1770
f 1774 1776 1770
o Screen_data_bar_26_76
usemtl Cyan
v -285.27590 319.06373 65.00000
v -288.04936 316.56211 65.00000
v -285.94243 319.80920 65.00000
v -288.72237 317.30174 65.00000
v -285.27590 319.06373 120.85159
v -288.04936 316.56211 120.85159
v -285.94243 319.80920 120.85159
v -288.72237 317.30174 120.85159
f 1782 1778 1777
f 1781 1782 1777
f 1784 1783 1779
f 1780 1784 1779
f 1780 1779 1777
f 1778 1780 1777
f 1784 1782 1781
f 1783 1784 1781
f 1783 1781 1777
f 1779 1783 1777
f 1784 1780 1778
f 1782 1784 1778
o Screen_data_bar_27_77
usemtl Cyan
v -305.79431 299.45591 65.00000
v -308.39588 296.77598 65.00000
v -306.50878 300.15557 65.00000
v -309.11643 297.46938 65.00000
v -305.79431 299.45591 106.50776
v -308.39588 296.77598 106.50776
v -306.50878 300.15557 106.50776
v -309.11643 297.46938 106.50776
f 1790 1786 1785
f 1789 1790 1785
f 1792 1791 1787
f 1788 1792 1787
f 1788 1787 1785
f 1786 1788 1785
f 1792 1790 1789
f 1791 1792 1789
f 1791 1789 1785
f 1787 1791 1785
f 1792 1788 1786
f 1790 1792 1786
o Screen_data_bar_28_78
usemtl Cyan
v -324.96812 278.53136 65.00000
v -327.38636 275.68491 65.00000
v -325.72739 279.18214 65.00000
v -328.15128 276.32904 65.00000
v -324.96812 278.53136 107.71072
v -327.38636 275.68491 107.71072
v -325.72739 279.18214 107.71072
v -328.15128 276.32904 107.71072
f 1798 1794 1793
f 1797 1798 1793
f 1800 1799 1795
f 1796 1800 1795
f 1796 1795 1793
f 1794 1796 1793
f 1800 1798 1797
f 1799 1800 1797
f 1799 1797 1793
f 1795 1799 1793
f 1800 1796 1794
f 1798 1800 1794
o Screen_data_bar_29_79
usemtl Cyan
v -342.71303 256.38210 65.00000
v -344.93730 253.38164 65.00000
v -343.51376 256.98112 65.00000
v -345.74323 253.97365 65.00000
v -342.71303 256.38210 123.99860
v -344.93730 253.38164 123.99860
v -343.51376 256.98112 123.99860
v -345.74323 253.97365 123.99860
f 1806 1802 1801
f 1805 1806 1801
f 1808 1807 1803
f 1804 1808 1803
f 1804 1803 1801
f 1802 1804 1801
f 1808 1806 1805
f 1807 1808 1805
f 1807 1805 1801
f 1803 1807 1801
f 1808 1804 1802
f 1806 1808 1802
o Screen_data_bar_30_80
usemtl Cyan
v -358.95100 233.10551 65.00000
v -360.97154 229.96423 65.00000
v -359.78967 233.65015 65.00000
v -361.81493 230.50153 65.00000
v -358.95100 233.10551 149.11775
v -360.97154 229.96423 149.11775
v -359.78967 233.65015 149.11775
v -361.81493 230.50153 149.11775
f 1814 1810 1809
f 1813 1814 1809
f 1816 1815 1811
f 1812 1816 1811
f 1812 1811 1809
f 1810 1812 1809
f 1816 1814 1813
f 1815 1816 1813
f 1815 1813 1809
f 1811 1815 1809
f 1816 1812 1810
f 1814 1816 1810
o Acoustic_tower_-500_81
usemtl Dark
v -527.50000 182.50000 0.00000
v -472.50000 182.50000 0.00000
v -472.50000 257.50000 0.00000
v -527.50000 257.50000 0.00000
v -527.50000 182.50000 400.00000
v -472.50000 182.50000 400.00000
v -472.50000 257.50000 400.00000
v -527.50000 257.50000 400.00000
f 1817 1819 1818
f 1817 1820 1819
f 1821 1822 1823
f 1821 1823 1824
f 1817 1818 1822
f 1817 1822 1821
f 1818 1819 1823
f 1818 1823 1822
f 1819 1820 1824
f 1819 1824 1823
f 1820 1817 1821
f 1820 1821 1824
o Tower_fin_-500_45_82
usemtl Metal
v -534.00000 168.50000 41.00000
v -466.00000 168.50000 41.00000
v -466.00000 183.50000 41.00000
v -534.00000 183.50000 41.00000
v -534.00000 168.50000 49.00000
v -466.00000 168.50000 49.00000
v -466.00000 183.50000 49.00000
v -534.00000 183.50000 49.00000
f 1825 1827 1826
f 1825 1828 1827
f 1829 1830 1831
f 1829 1831 1832
f 1825 1826 1830
f 1825 1830 1829
f 1826 1827 1831
f 1826 1831 1830
f 1827 1828 1832
f 1827 1832 1831
f 1828 1825 1829
f 1828 1829 1832
o Tower_fin_-500_73_83
usemtl Metal
v -534.00000 168.50000 69.00000
v -466.00000 168.50000 69.00000
v -466.00000 183.50000 69.00000
v -534.00000 183.50000 69.00000
v -534.00000 168.50000 77.00000
v -466.00000 168.50000 77.00000
v -466.00000 183.50000 77.00000
v -534.00000 183.50000 77.00000
f 1833 1835 1834
f 1833 1836 1835
f 1837 1838 1839
f 1837 1839 1840
f 1833 1834 1838
f 1833 1838 1837
f 1834 1835 1839
f 1834 1839 1838
f 1835 1836 1840
f 1835 1840 1839
f 1836 1833 1837
f 1836 1837 1840
o Tower_fin_-500_101_84
usemtl Metal
v -534.00000 168.50000 97.00000
v -466.00000 168.50000 97.00000
v -466.00000 183.50000 97.00000
v -534.00000 183.50000 97.00000
v -534.00000 168.50000 105.00000
v -466.00000 168.50000 105.00000
v -466.00000 183.50000 105.00000
v -534.00000 183.50000 105.00000
f 1841 1843 1842
f 1841 1844 1843
f 1845 1846 1847
f 1845 1847 1848
f 1841 1842 1846
f 1841 1846 1845
f 1842 1843 1847
f 1842 1847 1846
f 1843 1844 1848
f 1843 1848 1847
f 1844 1841 1845
f 1844 1845 1848
o Tower_fin_-500_129_85
usemtl Metal
v -534.00000 168.50000 125.00000
v -466.00000 168.50000 125.00000
v -466.00000 183.50000 125.00000
v -534.00000 183.50000 125.00000
v -534.00000 168.50000 133.00000
v -466.00000 168.50000 133.00000
v -466.00000 183.50000 133.00000
v -534.00000 183.50000 133.00000
f 1849 1851 1850
f 1849 1852 1851
f 1853 1854 1855
f 1853 1855 1856
f 1849 1850 1854
f 1849 1854 1853
f 1850 1851 1855
f 1850 1855 1854
f 1851 1852 1856
f 1851 1856 1855
f 1852 1849 1853
f 1852 1853 1856
o Tower_fin_-500_157_86
usemtl Metal
v -534.00000 168.50000 153.00000
v -466.00000 168.50000 153.00000
v -466.00000 183.50000 153.00000
v -534.00000 183.50000 153.00000
v -534.00000 168.50000 161.00000
v -466.00000 168.50000 161.00000
v -466.00000 183.50000 161.00000
v -534.00000 183.50000 161.00000
f 1857 1859 1858
f 1857 1860 1859
f 1861 1862 1863
f 1861 1863 1864
f 1857 1858 1862
f 1857 1862 1861
f 1858 1859 1863
f 1858 1863 1862
f 1859 1860 1864
f 1859 1864 1863
f 1860 1857 1861
f 1860 1861 1864
o Tower_fin_-500_185_87
usemtl Metal
v -534.00000 168.50000 181.00000
v -466.00000 168.50000 181.00000
v -466.00000 183.50000 181.00000
v -534.00000 183.50000 181.00000
v -534.00000 168.50000 189.00000
v -466.00000 168.50000 189.00000
v -466.00000 183.50000 189.00000
v -534.00000 183.50000 189.00000
f 1865 1867 1866
f 1865 1868 1867
f 1869 1870 1871
f 1869 1871 1872
f 1865 1866 1870
f 1865 1870 1869
f 1866 1867 1871
f 1866 1871 1870
f 1867 1868 1872
f 1867 1872 1871
f 1868 1865 1869
f 1868 1869 1872
o Tower_fin_-500_213_88
usemtl Metal
v -534.00000 168.50000 209.00000
v -466.00000 168.50000 209.00000
v -466.00000 183.50000 209.00000
v -534.00000 183.50000 209.00000
v -534.00000 168.50000 217.00000
v -466.00000 168.50000 217.00000
v -466.00000 183.50000 217.00000
v -534.00000 183.50000 217.00000
f 1873 1875 1874
f 1873 1876 1875
f 1877 1878 1879
f 1877 1879 1880
f 1873 1874 1878
f 1873 1878 1877
f 1874 1875 1879
f 1874 1879 1878
f 1875 1876 1880
f 1875 1880 1879
f 1876 1873 1877
f 1876 1877 1880
o Tower_fin_-500_241_89
usemtl Metal
v -534.00000 168.50000 237.00000
v -466.00000 168.50000 237.00000
v -466.00000 183.50000 237.00000
v -534.00000 183.50000 237.00000
v -534.00000 168.50000 245.00000
v -466.00000 168.50000 245.00000
v -466.00000 183.50000 245.00000
v -534.00000 183.50000 245.00000
f 1881 1883 1882
f 1881 1884 1883
f 1885 1886 1887
f 1885 1887 1888
f 1881 1882 1886
f 1881 1886 1885
f 1882 1883 1887
f 1882 1887 1886
f 1883 1884 1888
f 1883 1888 1887
f 1884 1881 1885
f 1884 1885 1888
o Tower_fin_-500_269_90
usemtl Metal
v -534.00000 168.50000 265.00000
v -466.00000 168.50000 265.00000
v -466.00000 183.50000 265.00000
v -534.00000 183.50000 265.00000
v -534.00000 168.50000 273.00000
v -466.00000 168.50000 273.00000
v -466.00000 183.50000 273.00000
v -534.00000 183.50000 273.00000
f 1889 1891 1890
f 1889 1892 1891
f 1893 1894 1895
f 1893 1895 1896
f 1889 1890 1894
f 1889 1894 1893
f 1890 1891 1895
f 1890 1895 1894
f 1891 1892 1896
f 1891 1896 1895
f 1892 1889 1893
f 1892 1893 1896
o Tower_fin_-500_297_91
usemtl Metal
v -534.00000 168.50000 293.00000
v -466.00000 168.50000 293.00000
v -466.00000 183.50000 293.00000
v -534.00000 183.50000 293.00000
v -534.00000 168.50000 301.00000
v -466.00000 168.50000 301.00000
v -466.00000 183.50000 301.00000
v -534.00000 183.50000 301.00000
f 1897 1899 1898
f 1897 1900 1899
f 1901 1902 1903
f 1901 1903 1904
f 1897 1898 1902
f 1897 1902 1901
f 1898 1899 1903
f 1898 1903 1902
f 1899 1900 1904
f 1899 1904 1903
f 1900 1897 1901
f 1900 1901 1904
o Tower_fin_-500_325_92
usemtl Metal
v -534.00000 168.50000 321.00000
v -466.00000 168.50000 321.00000
v -466.00000 183.50000 321.00000
v -534.00000 183.50000 321.00000
v -534.00000 168.50000 329.00000
v -466.00000 168.50000 329.00000
v -466.00000 183.50000 329.00000
v -534.00000 183.50000 329.00000
f 1905 1907 1906
f 1905 1908 1907
f 1909 1910 1911
f 1909 1911 1912
f 1905 1906 1910
f 1905 1910 1909
f 1906 1907 1911
f 1906 1911 1910
f 1907 1908 1912
f 1907 1912 1911
f 1908 1905 1909
f 1908 1909 1912
o Tower_fin_-500_353_93
usemtl Metal
v -534.00000 168.50000 349.00000
v -466.00000 168.50000 349.00000
v -466.00000 183.50000 349.00000
v -534.00000 183.50000 349.00000
v -534.00000 168.50000 357.00000
v -466.00000 168.50000 357.00000
v -466.00000 183.50000 357.00000
v -534.00000 183.50000 357.00000
f 1913 1915 1914
f 1913 1916 1915
f 1917 1918 1919
f 1917 1919 1920
f 1913 1914 1918
f 1913 1918 1917
f 1914 1915 1919
f 1914 1919 1918
f 1915 1916 1920
f 1915 1920 1919
f 1916 1913 1917
f 1916 1917 1920
o Tower_fin_-500_381_94
usemtl Metal
v -534.00000 168.50000 377.00000
v -466.00000 168.50000 377.00000
v -466.00000 183.50000 377.00000
v -534.00000 183.50000 377.00000
v -534.00000 168.50000 385.00000
v -466.00000 168.50000 385.00000
v -466.00000 183.50000 385.00000
v -534.00000 183.50000 385.00000
f 1921 1923 1922
f 1921 1924 1923
f 1925 1926 1927
f 1925 1927 1928
f 1921 1922 1926
f 1921 1926 1925
f 1922 1923 1927
f 1922 1927 1926
f 1923 1924 1928
f 1923 1928 1927
f 1924 1921 1925
f 1924 1925 1928
o Tower_accent_-500_95
usemtl Warm
v -522.00000 163.00000 37.50000
v -518.00000 163.00000 37.50000
v -518.00000 167.00000 37.50000
v -522.00000 167.00000 37.50000
v -522.00000 163.00000 382.50000
v -518.00000 163.00000 382.50000
v -518.00000 167.00000 382.50000
v -522.00000 167.00000 382.50000
f 1929 1931 1930
f 1929 1932 1931
f 1933 1934 1935
f 1933 1935 1936
f 1929 1930 1934
f 1929 1934 1933
f 1930 1931 1935
f 1930 1935 1934
f 1931 1932 1936
f 1931 1936 1935
f 1932 1929 1933
f 1932 1933 1936
o Acoustic_tower_500_96
usemtl Dark
v 472.50000 182.50000 0.00000
v 527.50000 182.50000 0.00000
v 527.50000 257.50000 0.00000
v 472.50000 257.50000 0.00000
v 472.50000 182.50000 400.00000
v 527.50000 182.50000 400.00000
v 527.50000 257.50000 400.00000
v 472.50000 257.50000 400.00000
f 1937 1939 1938
f 1937 1940 1939
f 1941 1942 1943
f 1941 1943 1944
f 1937 1938 1942
f 1937 1942 1941
f 1938 1939 1943
f 1938 1943 1942
f 1939 1940 1944
f 1939 1944 1943
f 1940 1937 1941
f 1940 1941 1944
o Tower_fin_500_45_97
usemtl Metal
v 466.00000 168.50000 41.00000
v 534.00000 168.50000 41.00000
v 534.00000 183.50000 41.00000
v 466.00000 183.50000 41.00000
v 466.00000 168.50000 49.00000
v 534.00000 168.50000 49.00000
v 534.00000 183.50000 49.00000
v 466.00000 183.50000 49.00000
f 1945 1947 1946
f 1945 1948 1947
f 1949 1950 1951
f 1949 1951 1952
f 1945 1946 1950
f 1945 1950 1949
f 1946 1947 1951
f 1946 1951 1950
f 1947 1948 1952
f 1947 1952 1951
f 1948 1945 1949
f 1948 1949 1952
o Tower_fin_500_73_98
usemtl Metal
v 466.00000 168.50000 69.00000
v 534.00000 168.50000 69.00000
v 534.00000 183.50000 69.00000
v 466.00000 183.50000 69.00000
v 466.00000 168.50000 77.00000
v 534.00000 168.50000 77.00000
v 534.00000 183.50000 77.00000
v 466.00000 183.50000 77.00000
f 1953 1955 1954
f 1953 1956 1955
f 1957 1958 1959
f 1957 1959 1960
f 1953 1954 1958
f 1953 1958 1957
f 1954 1955 1959
f 1954 1959 1958
f 1955 1956 1960
f 1955 1960 1959
f 1956 1953 1957
f 1956 1957 1960
o Tower_fin_500_101_99
usemtl Metal
v 466.00000 168.50000 97.00000
v 534.00000 168.50000 97.00000
v 534.00000 183.50000 97.00000
v 466.00000 183.50000 97.00000
v 466.00000 168.50000 105.00000
v 534.00000 168.50000 105.00000
v 534.00000 183.50000 105.00000
v 466.00000 183.50000 105.00000
f 1961 1963 1962
f 1961 1964 1963
f 1965 1966 1967
f 1965 1967 1968
f 1961 1962 1966
f 1961 1966 1965
f 1962 1963 1967
f 1962 1967 1966
f 1963 1964 1968
f 1963 1968 1967
f 1964 1961 1965
f 1964 1965 1968
o Tower_fin_500_129_100
usemtl Metal
v 466.00000 168.50000 125.00000
v 534.00000 168.50000 125.00000
v 534.00000 183.50000 125.00000
v 466.00000 183.50000 125.00000
v 466.00000 168.50000 133.00000
v 534.00000 168.50000 133.00000
v 534.00000 183.50000 133.00000
v 466.00000 183.50000 133.00000
f 1969 1971 1970
f 1969 1972 1971
f 1973 1974 1975
f 1973 1975 1976
f 1969 1970 1974
f 1969 1974 1973
f 1970 1971 1975
f 1970 1975 1974
f 1971 1972 1976
f 1971 1976 1975
f 1972 1969 1973
f 1972 1973 1976
o Tower_fin_500_157_101
usemtl Metal
v 466.00000 168.50000 153.00000
v 534.00000 168.50000 153.00000
v 534.00000 183.50000 153.00000
v 466.00000 183.50000 153.00000
v 466.00000 168.50000 161.00000
v 534.00000 168.50000 161.00000
v 534.00000 183.50000 161.00000
v 466.00000 183.50000 161.00000
f 1977 1979 1978
f 1977 1980 1979
f 1981 1982 1983
f 1981 1983 1984
f 1977 1978 1982
f 1977 1982 1981
f 1978 1979 1983
f 1978 1983 1982
f 1979 1980 1984
f 1979 1984 1983
f 1980 1977 1981
f 1980 1981 1984
o Tower_fin_500_185_102
usemtl Metal
v 466.00000 168.50000 181.00000
v 534.00000 168.50000 181.00000
v 534.00000 183.50000 181.00000
v 466.00000 183.50000 181.00000
v 466.00000 168.50000 189.00000
v 534.00000 168.50000 189.00000
v 534.00000 183.50000 189.00000
v 466.00000 183.50000 189.00000
f 1985 1987 1986
f 1985 1988 1987
f 1989 1990 1991
f 1989 1991 1992
f 1985 1986 1990
f 1985 1990 1989
f 1986 1987 1991
f 1986 1991 1990
f 1987 1988 1992
f 1987 1992 1991
f 1988 1985 1989
f 1988 1989 1992
o Tower_fin_500_213_103
usemtl Metal
v 466.00000 168.50000 209.00000
v 534.00000 168.50000 209.00000
v 534.00000 183.50000 209.00000
v 466.00000 183.50000 209.00000
v 466.00000 168.50000 217.00000
v 534.00000 168.50000 217.00000
v 534.00000 183.50000 217.00000
v 466.00000 183.50000 217.00000
f 1993 1995 1994
f 1993 1996 1995
f 1997 1998 1999
f 1997 1999 2000
f 1993 1994 1998
f 1993 1998 1997
f 1994 1995 1999
f 1994 1999 1998
f 1995 1996 2000
f 1995 2000 1999
f 1996 1993 1997
f 1996 1997 2000
o Tower_fin_500_241_104
usemtl Metal
v 466.00000 168.50000 237.00000
v 534.00000 168.50000 237.00000
v 534.00000 183.50000 237.00000
v 466.00000 183.50000 237.00000
v 466.00000 168.50000 245.00000
v 534.00000 168.50000 245.00000
v 534.00000 183.50000 245.00000
v 466.00000 183.50000 245.00000
f 2001 2003 2002
f 2001 2004 2003
f 2005 2006 2007
f 2005 2007 2008
f 2001 2002 2006
f 2001 2006 2005
f 2002 2003 2007
f 2002 2007 2006
f 2003 2004 2008
f 2003 2008 2007
f 2004 2001 2005
f 2004 2005 2008
o Tower_fin_500_269_105
usemtl Metal
v 466.00000 168.50000 265.00000
v 534.00000 168.50000 265.00000
v 534.00000 183.50000 265.00000
v 466.00000 183.50000 265.00000
v 466.00000 168.50000 273.00000
v 534.00000 168.50000 273.00000
v 534.00000 183.50000 273.00000
v 466.00000 183.50000 273.00000
f 2009 2011 2010
f 2009 2012 2011
f 2013 2014 2015
f 2013 2015 2016
f 2009 2010 2014
f 2009 2014 2013
f 2010 2011 2015
f 2010 2015 2014
f 2011 2012 2016
f 2011 2016 2015
f 2012 2009 2013
f 2012 2013 2016
o Tower_fin_500_297_106
usemtl Metal
v 466.00000 168.50000 293.00000
v 534.00000 168.50000 293.00000
v 534.00000 183.50000 293.00000
v 466.00000 183.50000 293.00000
v 466.00000 168.50000 301.00000
v 534.00000 168.50000 301.00000
v 534.00000 183.50000 301.00000
v 466.00000 183.50000 301.00000
f 2017 2019 2018
f 2017 2020 2019
f 2021 2022 2023
f 2021 2023 2024
f 2017 2018 2022
f 2017 2022 2021
f 2018 2019 2023
f 2018 2023 2022
f 2019 2020 2024
f 2019 2024 2023
f 2020 2017 2021
f 2020 2021 2024
o Tower_fin_500_325_107
usemtl Metal
v 466.00000 168.50000 321.00000
v 534.00000 168.50000 321.00000
v 534.00000 183.50000 321.00000
v 466.00000 183.50000 321.00000
v 466.00000 168.50000 329.00000
v 534.00000 168.50000 329.00000
v 534.00000 183.50000 329.00000
v 466.00000 183.50000 329.00000
f 2025 2027 2026
f 2025 2028 2027
f 2029 2030 2031
f 2029 2031 2032
f 2025 2026 2030
f 2025 2030 2029
f 2026 2027 2031
f 2026 2031 2030
f 2027 2028 2032
f 2027 2032 2031
f 2028 2025 2029
f 2028 2029 2032
o Tower_fin_500_353_108
usemtl Metal
v 466.00000 168.50000 349.00000
v 534.00000 168.50000 349.00000
v 534.00000 183.50000 349.00000
v 466.00000 183.50000 349.00000
v 466.00000 168.50000 357.00000
v 534.00000 168.50000 357.00000
v 534.00000 183.50000 357.00000
v 466.00000 183.50000 357.00000
f 2033 2035 2034
f 2033 2036 2035
f 2037 2038 2039
f 2037 2039 2040
f 2033 2034 2038
f 2033 2038 2037
f 2034 2035 2039
f 2034 2039 2038
f 2035 2036 2040
f 2035 2040 2039
f 2036 2033 2037
f 2036 2037 2040
o Tower_fin_500_381_109
usemtl Metal
v 466.00000 168.50000 377.00000
v 534.00000 168.50000 377.00000
v 534.00000 183.50000 377.00000
v 466.00000 183.50000 377.00000
v 466.00000 168.50000 385.00000
v 534.00000 168.50000 385.00000
v 534.00000 183.50000 385.00000
v 466.00000 183.50000 385.00000
f 2041 2043 2042
f 2041 2044 2043
f 2045 2046 2047
f 2045 2047 2048
f 2041 2042 2046
f 2041 2046 2045
f 2042 2043 2047
f 2042 2047 2046
f 2043 2044 2048
f 2043 2048 2047
f 2044 2041 2045
f 2044 2045 2048
o Tower_accent_500_110
usemtl Warm
v 478.00000 163.00000 37.50000
v 482.00000 163.00000 37.50000
v 482.00000 167.00000 37.50000
v 478.00000 167.00000 37.50000
v 478.00000 163.00000 382.50000
v 482.00000 163.00000 382.50000
v 482.00000 167.00000 382.50000
v 478.00000 167.00000 382.50000
f 2049 2051 2050
f 2049 2052 2051
f 2053 2054 2055
f 2053 2055 2056
f 2049 2050 2054
f 2049 2054 2053
f 2050 2051 2055
f 2050 2055 2054
f 2051 2052 2056
f 2051 2056 2055
f 2052 2049 2053
f 2052 2053 2056
o Desk_recessed_plinth_111
usemtl Dark
v 132.50000 -21.00000 38.00000
v 131.92356 -15.14729 38.00000
v 130.21639 -9.51950 38.00000
v 127.44409 -4.33289 38.00000
v 123.71320 0.21320 38.00000
v 119.16711 3.94409 38.00000
v 113.98050 6.71639 38.00000
v 108.35271 8.42356 38.00000
v -102.50000 9.00000 38.00000
v -108.35271 8.42356 38.00000
v -113.98050 6.71639 38.00000
v -119.16711 3.94409 38.00000
v -123.71320 0.21320 38.00000
v -127.44409 -4.33289 38.00000
v -130.21639 -9.51950 38.00000
v -131.92356 -15.14729 38.00000
v -132.50000 -49.00000 38.00000
v -131.92356 -54.85271 38.00000
v -130.21639 -60.48050 38.00000
v -127.44409 -65.66711 38.00000
v -123.71320 -70.21320 38.00000
v -119.16711 -73.94409 38.00000
v -113.98050 -76.71639 38.00000
v -108.35271 -78.42356 38.00000
v 102.50000 -79.00000 38.00000
v 108.35271 -78.42356 38.00000
v 113.98050 -76.71639 38.00000
v 119.16711 -73.94409 38.00000
v 123.71320 -70.21320 38.00000
v 127.44409 -65.66711 38.00000
v 130.21639 -60.48050 38.00000
v 131.92356 -54.85271 38.00000
v 132.50000 -21.00000 51.00000
v 131.92356 -15.14729 51.00000
v 130.21639 -9.51950 51.00000
v 127.44409 -4.33289 51.00000
v 123.71320 0.21320 51.00000
v 119.16711 3.94409 51.00000
v 113.98050 6.71639 51.00000
v 108.35271 8.42356 51.00000
v -102.50000 9.00000 51.00000
v -108.35271 8.42356 51.00000
v -113.98050 6.71639 51.00000
v -119.16711 3.94409 51.00000
v -123.71320 0.21320 51.00000
v -127.44409 -4.33289 51.00000
v -130.21639 -9.51950 51.00000
v -131.92356 -15.14729 51.00000
v -132.50000 -49.00000 51.00000
v -131.92356 -54.85271 51.00000
v -130.21639 -60.48050 51.00000
v -127.44409 -65.66711 51.00000
v -123.71320 -70.21320 51.00000
v -119.16711 -73.94409 51.00000
v -113.98050 -76.71639 51.00000
v -108.35271 -78.42356 51.00000
v 102.50000 -79.00000 51.00000
v 108.35271 -78.42356 51.00000
v 113.98050 -76.71639 51.00000
v 119.16711 -73.94409 51.00000
v 123.71320 -70.21320 51.00000
v 127.44409 -65.66711 51.00000
v 130.21639 -60.48050 51.00000
v 131.92356 -54.85271 51.00000
f 2057 2059 2058
f 2089 2090 2091
f 2057 2060 2059
f 2089 2091 2092
f 2057 2061 2060
f 2089 2092 2093
f 2057 2062 2061
f 2089 2093 2094
f 2057 2063 2062
f 2089 2094 2095
f 2057 2064 2063
f 2089 2095 2096
f 2057 2065 2064
f 2089 2096 2097
f 2057 2066 2065
f 2089 2097 2098
f 2057 2067 2066
f 2089 2098 2099
f 2057 2068 2067
f 2089 2099 2100
f 2057 2069 2068
f 2089 2100 2101
f 2057 2070 2069
f 2089 2101 2102
f 2057 2071 2070
f 2089 2102 2103
f 2057 2072 2071
f 2089 2103 2104
f 2057 2073 2072
f 2089 2104 2105
f 2057 2074 2073
f 2089 2105 2106
f 2057 2075 2074
f 2089 2106 2107
f 2057 2076 2075
f 2089 2107 2108
f 2057 2077 2076
f 2089 2108 2109
f 2057 2078 2077
f 2089 2109 2110
f 2057 2079 2078
f 2089 2110 2111
f 2057 2080 2079
f 2089 2111 2112
f 2057 2081 2080
f 2089 2112 2113
f 2057 2082 2081
f 2089 2113 2114
f 2057 2083 2082
f 2089 2114 2115
f 2057 2084 2083
f 2089 2115 2116
f 2057 2085 2084
f 2089 2116 2117
f 2057 2086 2085
f 2089 2117 2118
f 2057 2087 2086
f 2089 2118 2119
f 2057 2088 2087
f 2089 2119 2120
f 2057 2058 2090
f 2057 2090 2089
f 2058 2059 2091
f 2058 2091 2090
f 2059 2060 2092
f 2059 2092 2091
f 2060 2061 2093
f 2060 2093 2092
f 2061 2062 2094
f 2061 2094 2093
f 2062 2063 2095
f 2062 2095 2094
f 2063 2064 2096
f 2063 2096 2095
f 2064 2065 2097
f 2064 2097 2096
f 2065 2066 2098
f 2065 2098 2097
f 2066 2067 2099
f 2066 2099 2098
f 2067 2068 2100
f 2067 2100 2099
f 2068 2069 2101
f 2068 2101 2100
f 2069 2070 2102
f 2069 2102 2101
f 2070 2071 2103
f 2070 2103 2102
f 2071 2072 2104
f 2071 2104 2103
f 2072 2073 2105
f 2072 2105 2104
f 2073 2074 2106
f 2073 2106 2105
f 2074 2075 2107
f 2074 2107 2106
f 2075 2076 2108
f 2075 2108 2107
f 2076 2077 2109
f 2076 2109 2108
f 2077 2078 2110
f 2077 2110 2109
f 2078 2079 2111
f 2078 2111 2110
f 2079 2080 2112
f 2079 2112 2111
f 2080 2081 2113
f 2080 2113 2112
f 2081 2082 2114
f 2081 2114 2113
f 2082 2083 2115
f 2082 2115 2114
f 2083 2084 2116
f 2083 2116 2115
f 2084 2085 2117
f 2084 2117 2116
f 2085 2086 2118
f 2085 2118 2117
f 2086 2087 2119
f 2086 2119 2118
f 2087 2088 2120
f 2087 2120 2119
f 2088 2057 2089
f 2088 2089 2120
o Desk_tapered_body_112
usemtl White
v 145.00000 -21.50000 51.00000
v 144.34670 -14.86693 51.00000
v 142.41190 -8.48876 51.00000
v 139.26997 -2.61061 51.00000
v 135.04163 2.54163 51.00000
v 129.88939 6.76997 51.00000
v 124.01124 9.91190 51.00000
v 117.63307 11.84670 51.00000
v -111.00000 12.50000 51.00000
v -117.63307 11.84670 51.00000
v -124.01124 9.91190 51.00000
v -129.88939 6.76997 51.00000
v -135.04163 2.54163 51.00000
v -139.26997 -2.61061 51.00000
v -142.41190 -8.48876 51.00000
v -144.34670 -14.86693 51.00000
v -145.00000 -48.50000 51.00000
v -144.34670 -55.13307 51.00000
v -142.41190 -61.51124 51.00000
v -139.26997 -67.38939 51.00000
v -135.04163 -72.54163 51.00000
v -129.88939 -76.76997 51.00000
v -124.01124 -79.91190 51.00000
v -117.63307 -81.84670 51.00000
v 111.00000 -82.50000 51.00000
v 117.63307 -81.84670 51.00000
v 124.01124 -79.91190 51.00000
v 129.88939 -76.76997 51.00000
v 135.04163 -72.54163 51.00000
v 139.26997 -67.38939 51.00000
v 142.41190 -61.51124 51.00000
v 144.34670 -55.13307 51.00000
v 159.50000 -20.15000 126.00000
v 158.78137 -12.85362 126.00000
v 156.65309 -5.83764 126.00000
v 153.19696 0.62833 126.00000
v 148.54579 6.29579 126.00000
v 142.87833 10.94696 126.00000
v 136.41236 14.40309 126.00000
v 129.39638 16.53137 126.00000
v -122.10000 17.25000 126.00000
v -129.39638 16.53137 126.00000
v -136.41236 14.40309 126.00000
v -142.87833 10.94696 126.00000
v -148.54579 6.29579 126.00000
v -153.19696 0.62833 126.00000
v -156.65309 -5.83764 126.00000
v -158.78137 -12.85362 126.00000
v -159.50000 -49.85000 126.00000
v -158.78137 -57.14638 126.00000
v -156.65309 -64.16236 126.00000
v -153.19696 -70.62833 126.00000
v -148.54579 -76.29579 126.00000
v -142.87833 -80.94696 126.00000
v -136.41236 -84.40309 126.00000
v -129.39638 -86.53137 126.00000
v 122.10000 -87.25000 126.00000
v 129.39638 -86.53137 126.00000
v 136.41236 -84.40309 126.00000
v 142.87833 -80.94696 126.00000
v 148.54579 -76.29579 126.00000
v 153.19696 -70.62833 126.00000
v 156.65309 -64.16236 126.00000
v 158.78137 -57.14638 126.00000
f 2121 2123 2122
f 2153 2154 2155
f 2121 2124 2123
f 2153 2155 2156
f 2121 2125 2124
f 2153 2156 2157
f 2121 2126 2125
f 2153 2157 2158
f 2121 2127 2126
f 2153 2158 2159
f 2121 2128 2127
f 2153 2159 2160
f 2121 2129 2128
f 2153 2160 2161
f 2121 2130 2129
f 2153 2161 2162
f 2121 2131 2130
f 2153 2162 2163
f 2121 2132 2131
f 2153 2163 2164
f 2121 2133 2132
f 2153 2164 2165
f 2121 2134 2133
f 2153 2165 2166
f 2121 2135 2134
f 2153 2166 2167
f 2121 2136 2135
f 2153 2167 2168
f 2121 2137 2136
f 2153 2168 2169
f 2121 2138 2137
f 2153 2169 2170
f 2121 2139 2138
f 2153 2170 2171
f 2121 2140 2139
f 2153 2171 2172
f 2121 2141 2140
f 2153 2172 2173
f 2121 2142 2141
f 2153 2173 2174
f 2121 2143 2142
f 2153 2174 2175
f 2121 2144 2143
f 2153 2175 2176
f 2121 2145 2144
f 2153 2176 2177
f 2121 2146 2145
f 2153 2177 2178
f 2121 2147 2146
f 2153 2178 2179
f 2121 2148 2147
f 2153 2179 2180
f 2121 2149 2148
f 2153 2180 2181
f 2121 2150 2149
f 2153 2181 2182
f 2121 2151 2150
f 2153 2182 2183
f 2121 2152 2151
f 2153 2183 2184
f 2121 2122 2154
f 2121 2154 2153
f 2122 2123 2155
f 2122 2155 2154
f 2123 2124 2156
f 2123 2156 2155
f 2124 2125 2157
f 2124 2157 2156
f 2125 2126 2158
f 2125 2158 2157
f 2126 2127 2159
f 2126 2159 2158
f 2127 2128 2160
f 2127 2160 2159
f 2128 2129 2161
f 2128 2161 2160
f 2129 2130 2162
f 2129 2162 2161
f 2130 2131 2163
f 2130 2163 2162
f 2131 2132 2164
f 2131 2164 2163
f 2132 2133 2165
f 2132 2165 2164
f 2133 2134 2166
f 2133 2166 2165
f 2134 2135 2167
f 2134 2167 2166
f 2135 2136 2168
f 2135 2168 2167
f 2136 2137 2169
f 2136 2169 2168
f 2137 2138 2170
f 2137 2170 2169
f 2138 2139 2171
f 2138 2171 2170
f 2139 2140 2172
f 2139 2172 2171
f 2140 2141 2173
f 2140 2173 2172
f 2141 2142 2174
f 2141 2174 2173
f 2142 2143 2175
f 2142 2175 2174
f 2143 2144 2176
f 2143 2176 2175
f 2144 2145 2177
f 2144 2177 2176
f 2145 2146 2178
f 2145 2178 2177
f 2146 2147 2179
f 2146 2179 2178
f 2147 2148 2180
f 2147 2180 2179
f 2148 2149 2181
f 2148 2181 2180
f 2149 2150 2182
f 2149 2182 2181
f 2150 2151 2183
f 2150 2183 2182
f 2151 2152 2184
f 2151 2184 2183
f 2152 2121 2153
f 2152 2153 2184
o Desk_top_illuminated_edge_113
usemtl Cyan
v 165.50000 -17.50000 126.00000
v 164.75063 -9.89148 126.00000
v 162.53130 -2.57535 126.00000
v 158.92731 4.16724 126.00000
v 154.07716 10.07716 126.00000
v 148.16724 14.92731 126.00000
v 141.42465 18.53130 126.00000
v 134.10852 20.75063 126.00000
v -126.50000 21.50000 126.00000
v -134.10852 20.75063 126.00000
v -141.42465 18.53130 126.00000
v -148.16724 14.92731 126.00000
v -154.07716 10.07716 126.00000
v -158.92731 4.16724 126.00000
v -162.53130 -2.57535 126.00000
v -164.75063 -9.89148 126.00000
v -165.50000 -52.50000 126.00000
v -164.75063 -60.10852 126.00000
v -162.53130 -67.42465 126.00000
v -158.92731 -74.16724 126.00000
v -154.07716 -80.07716 126.00000
v -148.16724 -84.92731 126.00000
v -141.42465 -88.53130 126.00000
v -134.10852 -90.75063 126.00000
v 126.50000 -91.50000 126.00000
v 134.10852 -90.75063 126.00000
v 141.42465 -88.53130 126.00000
v 148.16724 -84.92731 126.00000
v 154.07716 -80.07716 126.00000
v 158.92731 -74.16724 126.00000
v 162.53130 -67.42465 126.00000
v 164.75063 -60.10852 126.00000
v 165.50000 -17.50000 130.00000
v 164.75063 -9.89148 130.00000
v 162.53130 -2.57535 130.00000
v 158.92731 4.16724 130.00000
v 154.07716 10.07716 130.00000
v 148.16724 14.92731 130.00000
v 141.42465 18.53130 130.00000
v 134.10852 20.75063 130.00000
v -126.50000 21.50000 130.00000
v -134.10852 20.75063 130.00000
v -141.42465 18.53130 130.00000
v -148.16724 14.92731 130.00000
v -154.07716 10.07716 130.00000
v -158.92731 4.16724 130.00000
v -162.53130 -2.57535 130.00000
v -164.75063 -9.89148 130.00000
v -165.50000 -52.50000 130.00000
v -164.75063 -60.10852 130.00000
v -162.53130 -67.42465 130.00000
v -158.92731 -74.16724 130.00000
v -154.07716 -80.07716 130.00000
v -148.16724 -84.92731 130.00000
v -141.42465 -88.53130 130.00000
v -134.10852 -90.75063 130.00000
v 126.50000 -91.50000 130.00000
v 134.10852 -90.75063 130.00000
v 141.42465 -88.53130 130.00000
v 148.16724 -84.92731 130.00000
v 154.07716 -80.07716 130.00000
v 158.92731 -74.16724 130.00000
v 162.53130 -67.42465 130.00000
v 164.75063 -60.10852 130.00000
f 2185 2187 2186
f 2217 2218 2219
f 2185 2188 2187
f 2217 2219 2220
f 2185 2189 2188
f 2217 2220 2221
f 2185 2190 2189
f 2217 2221 2222
f 2185 2191 2190
f 2217 2222 2223
f 2185 2192 2191
f 2217 2223 2224
f 2185 2193 2192
f 2217 2224 2225
f 2185 2194 2193
f 2217 2225 2226
f 2185 2195 2194
f 2217 2226 2227
f 2185 2196 2195
f 2217 2227 2228
f 2185 2197 2196
f 2217 2228 2229
f 2185 2198 2197
f 2217 2229 2230
f 2185 2199 2198
f 2217 2230 2231
f 2185 2200 2199
f 2217 2231 2232
f 2185 2201 2200
f 2217 2232 2233
f 2185 2202 2201
f 2217 2233 2234
f 2185 2203 2202
f 2217 2234 2235
f 2185 2204 2203
f 2217 2235 2236
f 2185 2205 2204
f 2217 2236 2237
f 2185 2206 2205
f 2217 2237 2238
f 2185 2207 2206
f 2217 2238 2239
f 2185 2208 2207
f 2217 2239 2240
f 2185 2209 2208
f 2217 2240 2241
f 2185 2210 2209
f 2217 2241 2242
f 2185 2211 2210
f 2217 2242 2243
f 2185 2212 2211
f 2217 2243 2244
f 2185 2213 2212
f 2217 2244 2245
f 2185 2214 2213
f 2217 2245 2246
f 2185 2215 2214
f 2217 2246 2247
f 2185 2216 2215
f 2217 2247 2248
f 2185 2186 2218
f 2185 2218 2217
f 2186 2187 2219
f 2186 2219 2218
f 2187 2188 2220
f 2187 2220 2219
f 2188 2189 2221
f 2188 2221 2220
f 2189 2190 2222
f 2189 2222 2221
f 2190 2191 2223
f 2190 2223 2222
f 2191 2192 2224
f 2191 2224 2223
f 2192 2193 2225
f 2192 2225 2224
f 2193 2194 2226
f 2193 2226 2225
f 2194 2195 2227
f 2194 2227 2226
f 2195 2196 2228
f 2195 2228 2227
f 2196 2197 2229
f 2196 2229 2228
f 2197 2198 2230
f 2197 2230 2229
f 2198 2199 2231
f 2198 2231 2230
f 2199 2200 2232
f 2199 2232 2231
f 2200 2201 2233
f 2200 2233 2232
f 2201 2202 2234
f 2201 2234 2233
f 2202 2203 2235
f 2202 2235 2234
f 2203 2204 2236
f 2203 2236 2235
f 2204 2205 2237
f 2204 2237 2236
f 2205 2206 2238
f 2205 2238 2237
f 2206 2207 2239
f 2206 2239 2238
f 2207 2208 2240
f 2207 2240 2239
f 2208 2209 2241
f 2208 2241 2240
f 2209 2210 2242
f 2209 2242 2241
f 2210 2211 2243
f 2210 2243 2242
f 2211 2212 2244
f 2211 2244 2243
f 2212 2213 2245
f 2212 2245 2244
f 2213 2214 2246
f 2213 2246 2245
f 2214 2215 2247
f 2214 2247 2246
f 2215 2216 2248
f 2215 2248 2247
f 2216 2185 2217
f 2216 2217 2248
o Desk_worktop_114
usemtl Dark
v 168.50000 -17.50000 130.00000
v 167.71220 -9.50130 130.00000
v 165.37906 -1.80998 130.00000
v 161.59025 5.27838 130.00000
v 156.49138 11.49138 130.00000
v 150.27838 16.59025 130.00000
v 143.19002 20.37906 130.00000
v 135.49870 22.71220 130.00000
v -127.50000 23.50000 130.00000
v -135.49870 22.71220 130.00000
v -143.19002 20.37906 130.00000
v -150.27838 16.59025 130.00000
v -156.49138 11.49138 130.00000
v -161.59025 5.27838 130.00000
v -165.37906 -1.80998 130.00000
v -167.71220 -9.50130 130.00000
v -168.50000 -52.50000 130.00000
v -167.71220 -60.49870 130.00000
v -165.37906 -68.19002 130.00000
v -161.59025 -75.27838 130.00000
v -156.49138 -81.49138 130.00000
v -150.27838 -86.59025 130.00000
v -143.19002 -90.37906 130.00000
v -135.49870 -92.71220 130.00000
v 127.50000 -93.50000 130.00000
v 135.49870 -92.71220 130.00000
v 143.19002 -90.37906 130.00000
v 150.27838 -86.59025 130.00000
v 156.49138 -81.49138 130.00000
v 161.59025 -75.27838 130.00000
v 165.37906 -68.19002 130.00000
v 167.71220 -60.49870 130.00000
v 168.50000 -17.50000 139.00000
v 167.71220 -9.50130 139.00000
v 165.37906 -1.80998 139.00000
v 161.59025 5.27838 139.00000
v 156.49138 11.49138 139.00000
v 150.27838 16.59025 139.00000
v 143.19002 20.37906 139.00000
v 135.49870 22.71220 139.00000
v -127.50000 23.50000 139.00000
v -135.49870 22.71220 139.00000
v -143.19002 20.37906 139.00000
v -150.27838 16.59025 139.00000
v -156.49138 11.49138 139.00000
v -161.59025 5.27838 139.00000
v -165.37906 -1.80998 139.00000
v -167.71220 -9.50130 139.00000
v -168.50000 -52.50000 139.00000
v -167.71220 -60.49870 139.00000
v -165.37906 -68.19002 139.00000
v -161.59025 -75.27838 139.00000
v -156.49138 -81.49138 139.00000
v -150.27838 -86.59025 139.00000
v -143.19002 -90.37906 139.00000
v -135.49870 -92.71220 139.00000
v 127.50000 -93.50000 139.00000
v 135.49870 -92.71220 139.00000
v 143.19002 -90.37906 139.00000
v 150.27838 -86.59025 139.00000
v 156.49138 -81.49138 139.00000
v 161.59025 -75.27838 139.00000
v 165.37906 -68.19002 139.00000
v 167.71220 -60.49870 139.00000
f 2249 2251 2250
f 2281 2282 2283
f 2249 2252 2251
f 2281 2283 2284
f 2249 2253 2252
f 2281 2284 2285
f 2249 2254 2253
f 2281 2285 2286
f 2249 2255 2254
f 2281 2286 2287
f 2249 2256 2255
f 2281 2287 2288
f 2249 2257 2256
f 2281 2288 2289
f 2249 2258 2257
f 2281 2289 2290
f 2249 2259 2258
f 2281 2290 2291
f 2249 2260 2259
f 2281 2291 2292
f 2249 2261 2260
f 2281 2292 2293
f 2249 2262 2261
f 2281 2293 2294
f 2249 2263 2262
f 2281 2294 2295
f 2249 2264 2263
f 2281 2295 2296
f 2249 2265 2264
f 2281 2296 2297
f 2249 2266 2265
f 2281 2297 2298
f 2249 2267 2266
f 2281 2298 2299
f 2249 2268 2267
f 2281 2299 2300
f 2249 2269 2268
f 2281 2300 2301
f 2249 2270 2269
f 2281 2301 2302
f 2249 2271 2270
f 2281 2302 2303
f 2249 2272 2271
f 2281 2303 2304
f 2249 2273 2272
f 2281 2304 2305
f 2249 2274 2273
f 2281 2305 2306
f 2249 2275 2274
f 2281 2306 2307
f 2249 2276 2275
f 2281 2307 2308
f 2249 2277 2276
f 2281 2308 2309
f 2249 2278 2277
f 2281 2309 2310
f 2249 2279 2278
f 2281 2310 2311
f 2249 2280 2279
f 2281 2311 2312
f 2249 2250 2282
f 2249 2282 2281
f 2250 2251 2283
f 2250 2283 2282
f 2251 2252 2284
f 2251 2284 2283
f 2252 2253 2285
f 2252 2285 2284
f 2253 2254 2286
f 2253 2286 2285
f 2254 2255 2287
f 2254 2287 2286
f 2255 2256 2288
f 2255 2288 2287
f 2256 2257 2289
f 2256 2289 2288
f 2257 2258 2290
f 2257 2290 2289
f 2258 2259 2291
f 2258 2291 2290
f 2259 2260 2292
f 2259 2292 2291
f 2260 2261 2293
f 2260 2293 2292
f 2261 2262 2294
f 2261 2294 2293
f 2262 2263 2295
f 2262 2295 2294
f 2263 2264 2296
f 2263 2296 2295
f 2264 2265 2297
f 2264 2297 2296
f 2265 2266 2298
f 2265 2298 2297
f 2266 2267 2299
f 2266 2299 2298
f 2267 2268 2300
f 2267 2300 2299
f 2268 2269 2301
f 2268 2301 2300
f 2269 2270 2302
f 2269 2302 2301
f 2270 2271 2303
f 2270 2303 2302
f 2271 2272 2304
f 2271 2304 2303
f 2272 2273 2305
f 2272 2305 2304
f 2273 2274 2306
f 2273 2306 2305
f 2274 2275 2307
f 2274 2307 2306
f 2275 2276 2308
f 2275 2308 2307
f 2276 2277 2309
f 2276 2309 2308
f 2277 2278 2310
f 2277 2310 2309
f 2278 2279 2311
f 2278 2311 2310
f 2279 2280 2312
f 2279 2312 2311
f 2280 2249 2281
f 2280 2281 2312
o Desk_front_inset_115
usemtl Screen
v -86.00000 -87.50000 69.50000
v 86.00000 -87.50000 69.50000
v 86.00000 -84.50000 69.50000
v -86.00000 -84.50000 69.50000
v -86.00000 -87.50000 112.50000
v 86.00000 -87.50000 112.50000
v 86.00000 -84.50000 112.50000
v -86.00000 -84.50000 112.50000
f 2313 2315 2314
f 2313 2316 2315
f 2317 2318 2319
f 2317 2319 2320
f 2313 2314 2318
f 2313 2318 2317
f 2314 2315 2319
f 2314 2319 2318
f 2315 2316 2320
f 2315 2320 2319
f 2316 2313 2317
f 2316 2317 2320
o Desk_inset_trim_-76_116
usemtl Cyan
v -77.50000 -90.50000 75.00000
v -74.50000 -90.50000 75.00000
v -74.50000 -87.50000 75.00000
v -77.50000 -87.50000 75.00000
v -77.50000 -90.50000 107.00000
v -74.50000 -90.50000 107.00000
v -74.50000 -87.50000 107.00000
v -77.50000 -87.50000 107.00000
f 2321 2323 2322
f 2321 2324 2323
f 2325 2326 2327
f 2325 2327 2328
f 2321 2322 2326
f 2321 2326 2325
f 2322 2323 2327
f 2322 2327 2326
f 2323 2324 2328
f 2323 2328 2327
f 2324 2321 2325
f 2324 2325 2328
o Desk_inset_trim_76_117
usemtl Cyan
v 74.50000 -90.50000 75.00000
v 77.50000 -90.50000 75.00000
v 77.50000 -87.50000 75.00000
v 74.50000 -87.50000 75.00000
v 74.50000 -90.50000 107.00000
v 77.50000 -90.50000 107.00000
v 77.50000 -87.50000 107.00000
v 74.50000 -87.50000 107.00000
f 2329 2331 2330
f 2329 2332 2331
f 2333 2334 2335
f 2333 2335 2336
f 2329 2330 2334
f 2329 2334 2333
f 2330 2331 2335
f 2330 2335 2334
f 2331 2332 2336
f 2331 2336 2335
f 2332 2329 2333
f 2332 2333 2336
o Monitor_base_-65_118
usemtl Metal
v -82.00000 -33.00000 140.00000
v -48.00000 -33.00000 140.00000
v -48.00000 -9.00000 140.00000
v -82.00000 -9.00000 140.00000
v -82.00000 -33.00000 146.00000
v -48.00000 -33.00000 146.00000
v -48.00000 -9.00000 146.00000
v -82.00000 -9.00000 146.00000
f 2337 2339 2338
f 2337 2340 2339
f 2341 2342 2343
f 2341 2343 2344
f 2337 2338 2342
f 2337 2342 2341
f 2338 2339 2343
f 2338 2343 2342
f 2339 2340 2344
f 2339 2344 2343
f 2340 2337 2341
f 2340 2341 2344
o Monitor_support_-65_119
usemtl Metal
v -67.50000 -18.00000 145.00000
v -62.50000 -18.00000 145.00000
v -62.50000 -12.00000 145.00000
v -67.50000 -12.00000 145.00000
v -67.50000 -18.00000 171.00000
v -62.50000 -18.00000 171.00000
v -62.50000 -12.00000 171.00000
v -67.50000 -12.00000 171.00000
f 2345 2347 2346
f 2345 2348 2347
f 2349 2350 2351
f 2349 2351 2352
f 2345 2346 2350
f 2345 2350 2349
f 2346 2347 2351
f 2346 2351 2350
f 2347 2348 2352
f 2347 2352 2351
f 2348 2345 2349
f 2348 2349 2352
o Monitor_housing_-65_120
usemtl Dark
v -93.00000 -19.50000 162.00000
v -37.00000 -19.50000 162.00000
v -37.00000 -10.50000 162.00000
v -93.00000 -10.50000 162.00000
v -93.00000 -19.50000 196.00000
v -37.00000 -19.50000 196.00000
v -37.00000 -10.50000 196.00000
v -93.00000 -10.50000 196.00000
f 2353 2355 2354
f 2353 2356 2355
f 2357 2358 2359
f 2357 2359 2360
f 2353 2354 2358
f 2353 2358 2357
f 2354 2355 2359
f 2354 2359 2358
f 2355 2356 2360
f 2355 2360 2359
f 2356 2353 2357
f 2356 2357 2360
o Monitor_display_-65_121
usemtl Glass
v -90.50000 -20.50000 164.50000
v -39.50000 -20.50000 164.50000
v -39.50000 -19.50000 164.50000
v -90.50000 -19.50000 164.50000
v -90.50000 -20.50000 193.50000
v -39.50000 -20.50000 193.50000
v -39.50000 -19.50000 193.50000
v -90.50000 -19.50000 193.50000
f 2361 2363 2362
f 2361 2364 2363
f 2365 2366 2367
f 2365 2367 2368
f 2361 2362 2366
f 2361 2366 2365
f 2362 2363 2367
f 2362 2367 2366
f 2363 2364 2368
f 2363 2368 2367
f 2364 2361 2365
f 2364 2365 2368
o Monitor_base_65_122
usemtl Metal
v 48.00000 -33.00000 140.00000
v 82.00000 -33.00000 140.00000
v 82.00000 -9.00000 140.00000
v 48.00000 -9.00000 140.00000
v 48.00000 -33.00000 146.00000
v 82.00000 -33.00000 146.00000
v 82.00000 -9.00000 146.00000
v 48.00000 -9.00000 146.00000
f 2369 2371 2370
f 2369 2372 2371
f 2373 2374 2375
f 2373 2375 2376
f 2369 2370 2374
f 2369 2374 2373
f 2370 2371 2375
f 2370 2375 2374
f 2371 2372 2376
f 2371 2376 2375
f 2372 2369 2373
f 2372 2373 2376
o Monitor_support_65_123
usemtl Metal
v 62.50000 -18.00000 145.00000
v 67.50000 -18.00000 145.00000
v 67.50000 -12.00000 145.00000
v 62.50000 -12.00000 145.00000
v 62.50000 -18.00000 171.00000
v 67.50000 -18.00000 171.00000
v 67.50000 -12.00000 171.00000
v 62.50000 -12.00000 171.00000
f 2377 2379 2378
f 2377 2380 2379
f 2381 2382 2383
f 2381 2383 2384
f 2377 2378 2382
f 2377 2382 2381
f 2378 2379 2383
f 2378 2383 2382
f 2379 2380 2384
f 2379 2384 2383
f 2380 2377 2381
f 2380 2381 2384
o Monitor_housing_65_124
usemtl Dark
v 37.00000 -19.50000 162.00000
v 93.00000 -19.50000 162.00000
v 93.00000 -10.50000 162.00000
v 37.00000 -10.50000 162.00000
v 37.00000 -19.50000 196.00000
v 93.00000 -19.50000 196.00000
v 93.00000 -10.50000 196.00000
v 37.00000 -10.50000 196.00000
f 2385 2387 2386
f 2385 2388 2387
f 2389 2390 2391
f 2389 2391 2392
f 2385 2386 2390
f 2385 2390 2389
f 2386 2387 2391
f 2386 2391 2390
f 2387 2388 2392
f 2387 2392 2391
f 2388 2385 2389
f 2388 2389 2392
o Monitor_display_65_125
usemtl Glass
v 39.50000 -20.50000 164.50000
v 90.50000 -20.50000 164.50000
v 90.50000 -19.50000 164.50000
v 39.50000 -19.50000 164.50000
v 39.50000 -20.50000 193.50000
v 90.50000 -20.50000 193.50000
v 90.50000 -19.50000 193.50000
v 39.50000 -19.50000 193.50000
f 2393 2395 2394
f 2393 2396 2395
f 2397 2398 2399
f 2397 2399 2400
f 2393 2394 2398
f 2393 2398 2397
f 2394 2395 2399
f 2394 2399 2398
f 2395 2396 2400
f 2395 2400 2399
f 2396 2393 2397
f 2396 2397 2400
o Truss_chord_126
usemtl Metal
v -530.00000 -130.00000 414.00000
v -530.00000 -130.57295 415.76336
v -530.00000 -132.07295 416.85317
v -530.00000 -133.92705 416.85317
v -530.00000 -135.42705 415.76336
v -530.00000 -136.00000 414.00000
v -530.00000 -135.42705 412.23664
v -530.00000 -133.92705 411.14683
v -530.00000 -132.07295 411.14683
v -530.00000 -130.57295 412.23664
v 530.00000 -130.00000 414.00000
v 530.00000 -130.57295 415.76336
v 530.00000 -132.07295 416.85317
v 530.00000 -133.92705 416.85317
v 530.00000 -135.42705 415.76336
v 530.00000 -136.00000 414.00000
v 530.00000 -135.42705 412.23664
v 530.00000 -133.92705 411.14683
v 530.00000 -132.07295 411.14683
v 530.00000 -130.57295 412.23664
f 2401 2403 2402
f 2411 2412 2413
f 2401 2404 2403
f 2411 2413 2414
f 2401 2405 2404
f 2411 2414 2415
f 2401 2406 2405
f 2411 2415 2416
f 2401 2407 2406
f 2411 2416 2417
f 2401 2408 2407
f 2411 2417 2418
f 2401 2409 2408
f 2411 2418 2419
f 2401 2410 2409
f 2411 2419 2420
f 2401 2402 2412
f 2401 2412 2411
f 2402 2403 2413
f 2402 2413 2412
f 2403 2404 2414
f 2403 2414 2413
f 2404 2405 2415
f 2404 2415 2414
f 2405 2406 2416
f 2405 2416 2415
f 2406 2407 2417
f 2406 2417 2416
f 2407 2408 2418
f 2407 2418 2417
f 2408 2409 2419
f 2408 2419 2418
f 2409 2410 2420
f 2409 2420 2419
f 2410 2401 2411
f 2410 2411 2420
o Truss_chord_127
usemtl Metal
v -530.00000 -130.00000 440.00000
v -530.00000 -130.57295 441.76336
v -530.00000 -132.07295 442.85317
v -530.00000 -133.92705 442.85317
v -530.00000 -135.42705 441.76336
v -530.00000 -136.00000 440.00000
v -530.00000 -135.42705 438.23664
v -530.00000 -133.92705 437.14683
v -530.00000 -132.07295 437.14683
v -530.00000 -130.57295 438.23664
v 530.00000 -130.00000 440.00000
v 530.00000 -130.57295 441.76336
v 530.00000 -132.07295 442.85317
v 530.00000 -133.92705 442.85317
v 530.00000 -135.42705 441.76336
v 530.00000 -136.00000 440.00000
v 530.00000 -135.42705 438.23664
v 530.00000 -133.92705 437.14683
v 530.00000 -132.07295 437.14683
v 530.00000 -130.57295 438.23664
f 2421 2423 2422
f 2431 2432 2433
f 2421 2424 2423
f 2431 2433 2434
f 2421 2425 2424
f 2431 2434 2435
f 2421 2426 2425
f 2431 2435 2436
f 2421 2427 2426
f 2431 2436 2437
f 2421 2428 2427
f 2431 2437 2438
f 2421 2429 2428
f 2431 2438 2439
f 2421 2430 2429
f 2431 2439 2440
f 2421 2422 2432
f 2421 2432 2431
f 2422 2423 2433
f 2422 2433 2432
f 2423 2424 2434
f 2423 2434 2433
f 2424 2425 2435
f 2424 2435 2434
f 2425 2426 2436
f 2425 2436 2435
f 2426 2427 2437
f 2426 2437 2436
f 2427 2428 2438
f 2427 2438 2437
f 2428 2429 2439
f 2428 2439 2438
f 2429 2430 2440
f 2429 2440 2439
f 2430 2421 2431
f 2430 2431 2440
o Truss_chord_128
usemtl Metal
v -530.00000 -104.00000 414.00000
v -530.00000 -104.57295 415.76336
v -530.00000 -106.07295 416.85317
v -530.00000 -107.92705 416.85317
v -530.00000 -109.42705 415.76336
v -530.00000 -110.00000 414.00000
v -530.00000 -109.42705 412.23664
v -530.00000 -107.92705 411.14683
v -530.00000 -106.07295 411.14683
v -530.00000 -104.57295 412.23664
v 530.00000 -104.00000 414.00000
v 530.00000 -104.57295 415.76336
v 530.00000 -106.07295 416.85317
v 530.00000 -107.92705 416.85317
v 530.00000 -109.42705 415.76336
v 530.00000 -110.00000 414.00000
v 530.00000 -109.42705 412.23664
v 530.00000 -107.92705 411.14683
v 530.00000 -106.07295 411.14683
v 530.00000 -104.57295 412.23664
f 2441 2443 2442
f 2451 2452 2453
f 2441 2444 2443
f 2451 2453 2454
f 2441 2445 2444
f 2451 2454 2455
f 2441 2446 2445
f 2451 2455 2456
f 2441 2447 2446
f 2451 2456 2457
f 2441 2448 2447
f 2451 2457 2458
f 2441 2449 2448
f 2451 2458 2459
f 2441 2450 2449
f 2451 2459 2460
f 2441 2442 2452
f 2441 2452 2451
f 2442 2443 2453
f 2442 2453 2452
f 2443 2444 2454
f 2443 2454 2453
f 2444 2445 2455
f 2444 2455 2454
f 2445 2446 2456
f 2445 2456 2455
f 2446 2447 2457
f 2446 2457 2456
f 2447 2448 2458
f 2447 2458 2457
f 2448 2449 2459
f 2448 2459 2458
f 2449 2450 2460
f 2449 2460 2459
f 2450 2441 2451
f 2450 2451 2460
o Truss_chord_129
usemtl Metal
v -530.00000 -104.00000 440.00000
v -530.00000 -104.57295 441.76336
v -530.00000 -106.07295 442.85317
v -530.00000 -107.92705 442.85317
v -530.00000 -109.42705 441.76336
v -530.00000 -110.00000 440.00000
v -530.00000 -109.42705 438.23664
v -530.00000 -107.92705 437.14683
v -530.00000 -106.07295 437.14683
v -530.00000 -104.57295 438.23664
v 530.00000 -104.00000 440.00000
v 530.00000 -104.57295 441.76336
v 530.00000 -106.07295 442.85317
v 530.00000 -107.92705 442.85317
v 530.00000 -109.42705 441.76336
v 530.00000 -110.00000 440.00000
v 530.00000 -109.42705 438.23664
v 530.00000 -107.92705 437.14683
v 530.00000 -106.07295 437.14683
v 530.00000 -104.57295 438.23664
f 2461 2463 2462
f 2471 2472 2473
f 2461 2464 2463
f 2471 2473 2474
f 2461 2465 2464
f 2471 2474 2475
f 2461 2466 2465
f 2471 2475 2476
f 2461 2467 2466
f 2471 2476 2477
f 2461 2468 2467
f 2471 2477 2478
f 2461 2469 2468
f 2471 2478 2479
f 2461 2470 2469
f 2471 2479 2480
f 2461 2462 2472
f 2461 2472 2471
f 2462 2463 2473
f 2462 2473 2472
f 2463 2464 2474
f 2463 2474 2473
f 2464 2465 2475
f 2464 2475 2474
f 2465 2466 2476
f 2465 2476 2475
f 2466 2467 2477
f 2466 2477 2476
f 2467 2468 2478
f 2467 2478 2477
f 2468 2469 2479
f 2468 2479 2478
f 2469 2470 2480
f 2469 2480 2479
f 2470 2461 2471
f 2470 2471 2480
o Truss_diagonal_130
usemtl Metal
v -530.00000 -131.20000 414.00000
v -530.46598 -131.54377 414.94987
v -530.75396 -132.44377 415.53693
v -530.75396 -133.55623 415.53693
v -530.46598 -134.45623 414.94987
v -530.00000 -134.80000 414.00000
v -529.53402 -134.45623 413.05013
v -529.24604 -133.55623 412.46307
v -529.24604 -132.44377 412.46307
v -529.53402 -131.54377 413.05013
v -477.00000 -131.20000 440.00000
v -477.46598 -131.54377 440.94987
v -477.75396 -132.44377 441.53693
v -477.75396 -133.55623 441.53693
v -477.46598 -134.45623 440.94987
v -477.00000 -134.80000 440.00000
v -476.53402 -134.45623 439.05013
v -476.24604 -133.55623 438.46307
v -476.24604 -132.44377 438.46307
v -476.53402 -131.54377 439.05013
f 2481 2483 2482
f 2491 2492 2493
f 2481 2484 2483
f 2491 2493 2494
f 2481 2485 2484
f 2491 2494 2495
f 2481 2486 2485
f 2491 2495 2496
f 2481 2487 2486
f 2491 2496 2497
f 2481 2488 2487
f 2491 2497 2498
f 2481 2489 2488
f 2491 2498 2499
f 2481 2490 2489
f 2491 2499 2500
f 2481 2482 2492
f 2481 2492 2491
f 2482 2483 2493
f 2482 2493 2492
f 2483 2484 2494
f 2483 2494 2493
f 2484 2485 2495
f 2484 2495 2494
f 2485 2486 2496
f 2485 2496 2495
f 2486 2487 2497
f 2486 2497 2496
f 2487 2488 2498
f 2487 2498 2497
f 2488 2489 2499
f 2488 2499 2498
f 2489 2490 2500
f 2489 2500 2499
f 2490 2481 2491
f 2490 2491 2500
o Truss_diagonal_131
usemtl Metal
v -530.00000 -105.20000 414.00000
v -530.46598 -105.54377 414.94987
v -530.75396 -106.44377 415.53693
v -530.75396 -107.55623 415.53693
v -530.46598 -108.45623 414.94987
v -530.00000 -108.80000 414.00000
v -529.53402 -108.45623 413.05013
v -529.24604 -107.55623 412.46307
v -529.24604 -106.44377 412.46307
v -529.53402 -105.54377 413.05013
v -477.00000 -105.20000 440.00000
v -477.46598 -105.54377 440.94987
v -477.75396 -106.44377 441.53693
v -477.75396 -107.55623 441.53693
v -477.46598 -108.45623 440.94987
v -477.00000 -108.80000 440.00000
v -476.53402 -108.45623 439.05013
v -476.24604 -107.55623 438.46307
v -476.24604 -106.44377 438.46307
v -476.53402 -105.54377 439.05013
f 2501 2503 2502
f 2511 2512 2513
f 2501 2504 2503
f 2511 2513 2514
f 2501 2505 2504
f 2511 2514 2515
f 2501 2506 2505
f 2511 2515 2516
f 2501 2507 2506
f 2511 2516 2517
f 2501 2508 2507
f 2511 2517 2518
f 2501 2509 2508
f 2511 2518 2519
f 2501 2510 2509
f 2511 2519 2520
f 2501 2502 2512
f 2501 2512 2511
f 2502 2503 2513
f 2502 2513 2512
f 2503 2504 2514
f 2503 2514 2513
f 2504 2505 2515
f 2504 2515 2514
f 2505 2506 2516
f 2505 2516 2515
f 2506 2507 2517
f 2506 2517 2516
f 2507 2508 2518
f 2507 2518 2517
f 2508 2509 2519
f 2508 2519 2518
f 2509 2510 2520
f 2509 2520 2519
f 2510 2501 2511
f 2510 2511 2520
o Truss_diagonal_132
usemtl Metal
v -477.00000 -131.20000 414.00000
v -477.46598 -131.54377 414.94987
v -477.75396 -132.44377 415.53693
v -477.75396 -133.55623 415.53693
v -477.46598 -134.45623 414.94987
v -477.00000 -134.80000 414.00000
v -476.53402 -134.45623 413.05013
v -476.24604 -133.55623 412.46307
v -476.24604 -132.44377 412.46307
v -476.53402 -131.54377 413.05013
v -424.00000 -131.20000 440.00000
v -424.46598 -131.54377 440.94987
v -424.75396 -132.44377 441.53693
v -424.75396 -133.55623 441.53693
v -424.46598 -134.45623 440.94987
v -424.00000 -134.80000 440.00000
v -423.53402 -134.45623 439.05013
v -423.24604 -133.55623 438.46307
v -423.24604 -132.44377 438.46307
v -423.53402 -131.54377 439.05013
f 2521 2523 2522
f 2531 2532 2533
f 2521 2524 2523
f 2531 2533 2534
f 2521 2525 2524
f 2531 2534 2535
f 2521 2526 2525
f 2531 2535 2536
f 2521 2527 2526
f 2531 2536 2537
f 2521 2528 2527
f 2531 2537 2538
f 2521 2529 2528
f 2531 2538 2539
f 2521 2530 2529
f 2531 2539 2540
f 2521 2522 2532
f 2521 2532 2531
f 2522 2523 2533
f 2522 2533 2532
f 2523 2524 2534
f 2523 2534 2533
f 2524 2525 2535
f 2524 2535 2534
f 2525 2526 2536
f 2525 2536 2535
f 2526 2527 2537
f 2526 2537 2536
f 2527 2528 2538
f 2527 2538 2537
f 2528 2529 2539
f 2528 2539 2538
f 2529 2530 2540
f 2529 2540 2539
f 2530 2521 2531
f 2530 2531 2540
o Truss_diagonal_133
usemtl Metal
v -477.00000 -105.20000 414.00000
v -477.46598 -105.54377 414.94987
v -477.75396 -106.44377 415.53693
v -477.75396 -107.55623 415.53693
v -477.46598 -108.45623 414.94987
v -477.00000 -108.80000 414.00000
v -476.53402 -108.45623 413.05013
v -476.24604 -107.55623 412.46307
v -476.24604 -106.44377 412.46307
v -476.53402 -105.54377 413.05013
v -424.00000 -105.20000 440.00000
v -424.46598 -105.54377 440.94987
v -424.75396 -106.44377 441.53693
v -424.75396 -107.55623 441.53693
v -424.46598 -108.45623 440.94987
v -424.00000 -108.80000 440.00000
v -423.53402 -108.45623 439.05013
v -423.24604 -107.55623 438.46307
v -423.24604 -106.44377 438.46307
v -423.53402 -105.54377 439.05013
f 2541 2543 2542
f 2551 2552 2553
f 2541 2544 2543
f 2551 2553 2554
f 2541 2545 2544
f 2551 2554 2555
f 2541 2546 2545
f 2551 2555 2556
f 2541 2547 2546
f 2551 2556 2557
f 2541 2548 2547
f 2551 2557 2558
f 2541 2549 2548
f 2551 2558 2559
f 2541 2550 2549
f 2551 2559 2560
f 2541 2542 2552
f 2541 2552 2551
f 2542 2543 2553
f 2542 2553 2552
f 2543 2544 2554
f 2543 2554 2553
f 2544 2545 2555
f 2544 2555 2554
f 2545 2546 2556
f 2545 2556 2555
f 2546 2547 2557
f 2546 2557 2556
f 2547 2548 2558
f 2547 2558 2557
f 2548 2549 2559
f 2548 2559 2558
f 2549 2550 2560
f 2549 2560 2559
f 2550 2541 2551
f 2550 2551 2560
o Truss_diagonal_134
usemtl Metal
v -424.00000 -131.20000 414.00000
v -424.46598 -131.54377 414.94987
v -424.75396 -132.44377 415.53693
v -424.75396 -133.55623 415.53693
v -424.46598 -134.45623 414.94987
v -424.00000 -134.80000 414.00000
v -423.53402 -134.45623 413.05013
v -423.24604 -133.55623 412.46307
v -423.24604 -132.44377 412.46307
v -423.53402 -131.54377 413.05013
v -371.00000 -131.20000 440.00000
v -371.46598 -131.54377 440.94987
v -371.75396 -132.44377 441.53693
v -371.75396 -133.55623 441.53693
v -371.46598 -134.45623 440.94987
v -371.00000 -134.80000 440.00000
v -370.53402 -134.45623 439.05013
v -370.24604 -133.55623 438.46307
v -370.24604 -132.44377 438.46307
v -370.53402 -131.54377 439.05013
f 2561 2563 2562
f 2571 2572 2573
f 2561 2564 2563
f 2571 2573 2574
f 2561 2565 2564
f 2571 2574 2575
f 2561 2566 2565
f 2571 2575 2576
f 2561 2567 2566
f 2571 2576 2577
f 2561 2568 2567
f 2571 2577 2578
f 2561 2569 2568
f 2571 2578 2579
f 2561 2570 2569
f 2571 2579 2580
f 2561 2562 2572
f 2561 2572 2571
f 2562 2563 2573
f 2562 2573 2572
f 2563 2564 2574
f 2563 2574 2573
f 2564 2565 2575
f 2564 2575 2574
f 2565 2566 2576
f 2565 2576 2575
f 2566 2567 2577
f 2566 2577 2576
f 2567 2568 2578
f 2567 2578 2577
f 2568 2569 2579
f 2568 2579 2578
f 2569 2570 2580
f 2569 2580 2579
f 2570 2561 2571
f 2570 2571 2580
o Truss_diagonal_135
usemtl Metal
v -424.00000 -105.20000 414.00000
v -424.46598 -105.54377 414.94987
v -424.75396 -106.44377 415.53693
v -424.75396 -107.55623 415.53693
v -424.46598 -108.45623 414.94987
v -424.00000 -108.80000 414.00000
v -423.53402 -108.45623 413.05013
v -423.24604 -107.55623 412.46307
v -423.24604 -106.44377 412.46307
v -423.53402 -105.54377 413.05013
v -371.00000 -105.20000 440.00000
v -371.46598 -105.54377 440.94987
v -371.75396 -106.44377 441.53693
v -371.75396 -107.55623 441.53693
v -371.46598 -108.45623 440.94987
v -371.00000 -108.80000 440.00000
v -370.53402 -108.45623 439.05013
v -370.24604 -107.55623 438.46307
v -370.24604 -106.44377 438.46307
v -370.53402 -105.54377 439.05013
f 2581 2583 2582
f 2591 2592 2593
f 2581 2584 2583
f 2591 2593 2594
f 2581 2585 2584
f 2591 2594 2595
f 2581 2586 2585
f 2591 2595 2596
f 2581 2587 2586
f 2591 2596 2597
f 2581 2588 2587
f 2591 2597 2598
f 2581 2589 2588
f 2591 2598 2599
f 2581 2590 2589
f 2591 2599 2600
f 2581 2582 2592
f 2581 2592 2591
f 2582 2583 2593
f 2582 2593 2592
f 2583 2584 2594
f 2583 2594 2593
f 2584 2585 2595
f 2584 2595 2594
f 2585 2586 2596
f 2585 2596 2595
f 2586 2587 2597
f 2586 2597 2596
f 2587 2588 2598
f 2587 2598 2597
f 2588 2589 2599
f 2588 2599 2598
f 2589 2590 2600
f 2589 2600 2599
f 2590 2581 2591
f 2590 2591 2600
o Truss_diagonal_136
usemtl Metal
v -371.00000 -131.20000 414.00000
v -371.46598 -131.54377 414.94987
v -371.75396 -132.44377 415.53693
v -371.75396 -133.55623 415.53693
v -371.46598 -134.45623 414.94987
v -371.00000 -134.80000 414.00000
v -370.53402 -134.45623 413.05013
v -370.24604 -133.55623 412.46307
v -370.24604 -132.44377 412.46307
v -370.53402 -131.54377 413.05013
v -318.00000 -131.20000 440.00000
v -318.46598 -131.54377 440.94987
v -318.75396 -132.44377 441.53693
v -318.75396 -133.55623 441.53693
v -318.46598 -134.45623 440.94987
v -318.00000 -134.80000 440.00000
v -317.53402 -134.45623 439.05013
v -317.24604 -133.55623 438.46307
v -317.24604 -132.44377 438.46307
v -317.53402 -131.54377 439.05013
f 2601 2603 2602
f 2611 2612 2613
f 2601 2604 2603
f 2611 2613 2614
f 2601 2605 2604
f 2611 2614 2615
f 2601 2606 2605
f 2611 2615 2616
f 2601 2607 2606
f 2611 2616 2617
f 2601 2608 2607
f 2611 2617 2618
f 2601 2609 2608
f 2611 2618 2619
f 2601 2610 2609
f 2611 2619 2620
f 2601 2602 2612
f 2601 2612 2611
f 2602 2603 2613
f 2602 2613 2612
f 2603 2604 2614
f 2603 2614 2613
f 2604 2605 2615
f 2604 2615 2614
f 2605 2606 2616
f 2605 2616 2615
f 2606 2607 2617
f 2606 2617 2616
f 2607 2608 2618
f 2607 2618 2617
f 2608 2609 2619
f 2608 2619 2618
f 2609 2610 2620
f 2609 2620 2619
f 2610 2601 2611
f 2610 2611 2620
o Truss_diagonal_137
usemtl Metal
v -371.00000 -105.20000 414.00000
v -371.46598 -105.54377 414.94987
v -371.75396 -106.44377 415.53693
v -371.75396 -107.55623 415.53693
v -371.46598 -108.45623 414.94987
v -371.00000 -108.80000 414.00000
v -370.53402 -108.45623 413.05013
v -370.24604 -107.55623 412.46307
v -370.24604 -106.44377 412.46307
v -370.53402 -105.54377 413.05013
v -318.00000 -105.20000 440.00000
v -318.46598 -105.54377 440.94987
v -318.75396 -106.44377 441.53693
v -318.75396 -107.55623 441.53693
v -318.46598 -108.45623 440.94987
v -318.00000 -108.80000 440.00000
v -317.53402 -108.45623 439.05013
v -317.24604 -107.55623 438.46307
v -317.24604 -106.44377 438.46307
v -317.53402 -105.54377 439.05013
f 2621 2623 2622
f 2631 2632 2633
f 2621 2624 2623
f 2631 2633 2634
f 2621 2625 2624
f 2631 2634 2635
f 2621 2626 2625
f 2631 2635 2636
f 2621 2627 2626
f 2631 2636 2637
f 2621 2628 2627
f 2631 2637 2638
f 2621 2629 2628
f 2631 2638 2639
f 2621 2630 2629
f 2631 2639 2640
f 2621 2622 2632
f 2621 2632 2631
f 2622 2623 2633
f 2622 2633 2632
f 2623 2624 2634
f 2623 2634 2633
f 2624 2625 2635
f 2624 2635 2634
f 2625 2626 2636
f 2625 2636 2635
f 2626 2627 2637
f 2626 2637 2636
f 2627 2628 2638
f 2627 2638 2637
f 2628 2629 2639
f 2628 2639 2638
f 2629 2630 2640
f 2629 2640 2639
f 2630 2621 2631
f 2630 2631 2640
o Truss_diagonal_138
usemtl Metal
v -318.00000 -131.20000 414.00000
v -318.46598 -131.54377 414.94987
v -318.75396 -132.44377 415.53693
v -318.75396 -133.55623 415.53693
v -318.46598 -134.45623 414.94987
v -318.00000 -134.80000 414.00000
v -317.53402 -134.45623 413.05013
v -317.24604 -133.55623 412.46307
v -317.24604 -132.44377 412.46307
v -317.53402 -131.54377 413.05013
v -265.00000 -131.20000 440.00000
v -265.46598 -131.54377 440.94987
v -265.75396 -132.44377 441.53693
v -265.75396 -133.55623 441.53693
v -265.46598 -134.45623 440.94987
v -265.00000 -134.80000 440.00000
v -264.53402 -134.45623 439.05013
v -264.24604 -133.55623 438.46307
v -264.24604 -132.44377 438.46307
v -264.53402 -131.54377 439.05013
f 2641 2643 2642
f 2651 2652 2653
f 2641 2644 2643
f 2651 2653 2654
f 2641 2645 2644
f 2651 2654 2655
f 2641 2646 2645
f 2651 2655 2656
f 2641 2647 2646
f 2651 2656 2657
f 2641 2648 2647
f 2651 2657 2658
f 2641 2649 2648
f 2651 2658 2659
f 2641 2650 2649
f 2651 2659 2660
f 2641 2642 2652
f 2641 2652 2651
f 2642 2643 2653
f 2642 2653 2652
f 2643 2644 2654
f 2643 2654 2653
f 2644 2645 2655
f 2644 2655 2654
f 2645 2646 2656
f 2645 2656 2655
f 2646 2647 2657
f 2646 2657 2656
f 2647 2648 2658
f 2647 2658 2657
f 2648 2649 2659
f 2648 2659 2658
f 2649 2650 2660
f 2649 2660 2659
f 2650 2641 2651
f 2650 2651 2660
o Truss_diagonal_139
usemtl Metal
v -318.00000 -105.20000 414.00000
v -318.46598 -105.54377 414.94987
v -318.75396 -106.44377 415.53693
v -318.75396 -107.55623 415.53693
v -318.46598 -108.45623 414.94987
v -318.00000 -108.80000 414.00000
v -317.53402 -108.45623 413.05013
v -317.24604 -107.55623 412.46307
v -317.24604 -106.44377 412.46307
v -317.53402 -105.54377 413.05013
v -265.00000 -105.20000 440.00000
v -265.46598 -105.54377 440.94987
v -265.75396 -106.44377 441.53693
v -265.75396 -107.55623 441.53693
v -265.46598 -108.45623 440.94987
v -265.00000 -108.80000 440.00000
v -264.53402 -108.45623 439.05013
v -264.24604 -107.55623 438.46307
v -264.24604 -106.44377 438.46307
v -264.53402 -105.54377 439.05013
f 2661 2663 2662
f 2671 2672 2673
f 2661 2664 2663
f 2671 2673 2674
f 2661 2665 2664
f 2671 2674 2675
f 2661 2666 2665
f 2671 2675 2676
f 2661 2667 2666
f 2671 2676 2677
f 2661 2668 2667
f 2671 2677 2678
f 2661 2669 2668
f 2671 2678 2679
f 2661 2670 2669
f 2671 2679 2680
f 2661 2662 2672
f 2661 2672 2671
f 2662 2663 2673
f 2662 2673 2672
f 2663 2664 2674
f 2663 2674 2673
f 2664 2665 2675
f 2664 2675 2674
f 2665 2666 2676
f 2665 2676 2675
f 2666 2667 2677
f 2666 2677 2676
f 2667 2668 2678
f 2667 2678 2677
f 2668 2669 2679
f 2668 2679 2678
f 2669 2670 2680
f 2669 2680 2679
f 2670 2661 2671
f 2670 2671 2680
o Truss_diagonal_140
usemtl Metal
v -265.00000 -131.20000 414.00000
v -265.46598 -131.54377 414.94987
v -265.75396 -132.44377 415.53693
v -265.75396 -133.55623 415.53693
v -265.46598 -134.45623 414.94987
v -265.00000 -134.80000 414.00000
v -264.53402 -134.45623 413.05013
v -264.24604 -133.55623 412.46307
v -264.24604 -132.44377 412.46307
v -264.53402 -131.54377 413.05013
v -212.00000 -131.20000 440.00000
v -212.46598 -131.54377 440.94987
v -212.75396 -132.44377 441.53693
v -212.75396 -133.55623 441.53693
v -212.46598 -134.45623 440.94987
v -212.00000 -134.80000 440.00000
v -211.53402 -134.45623 439.05013
v -211.24604 -133.55623 438.46307
v -211.24604 -132.44377 438.46307
v -211.53402 -131.54377 439.05013
f 2681 2683 2682
f 2691 2692 2693
f 2681 2684 2683
f 2691 2693 2694
f 2681 2685 2684
f 2691 2694 2695
f 2681 2686 2685
f 2691 2695 2696
f 2681 2687 2686
f 2691 2696 2697
f 2681 2688 2687
f 2691 2697 2698
f 2681 2689 2688
f 2691 2698 2699
f 2681 2690 2689
f 2691 2699 2700
f 2681 2682 2692
f 2681 2692 2691
f 2682 2683 2693
f 2682 2693 2692
f 2683 2684 2694
f 2683 2694 2693
f 2684 2685 2695
f 2684 2695 2694
f 2685 2686 2696
f 2685 2696 2695
f 2686 2687 2697
f 2686 2697 2696
f 2687 2688 2698
f 2687 2698 2697
f 2688 2689 2699
f 2688 2699 2698
f 2689 2690 2700
f 2689 2700 2699
f 2690 2681 2691
f 2690 2691 2700
o Truss_diagonal_141
usemtl Metal
v -265.00000 -105.20000 414.00000
v -265.46598 -105.54377 414.94987
v -265.75396 -106.44377 415.53693
v -265.75396 -107.55623 415.53693
v -265.46598 -108.45623 414.94987
v -265.00000 -108.80000 414.00000
v -264.53402 -108.45623 413.05013
v -264.24604 -107.55623 412.46307
v -264.24604 -106.44377 412.46307
v -264.53402 -105.54377 413.05013
v -212.00000 -105.20000 440.00000
v -212.46598 -105.54377 440.94987
v -212.75396 -106.44377 441.53693
v -212.75396 -107.55623 441.53693
v -212.46598 -108.45623 440.94987
v -212.00000 -108.80000 440.00000
v -211.53402 -108.45623 439.05013
v -211.24604 -107.55623 438.46307
v -211.24604 -106.44377 438.46307
v -211.53402 -105.54377 439.05013
f 2701 2703 2702
f 2711 2712 2713
f 2701 2704 2703
f 2711 2713 2714
f 2701 2705 2704
f 2711 2714 2715
f 2701 2706 2705
f 2711 2715 2716
f 2701 2707 2706
f 2711 2716 2717
f 2701 2708 2707
f 2711 2717 2718
f 2701 2709 2708
f 2711 2718 2719
f 2701 2710 2709
f 2711 2719 2720
f 2701 2702 2712
f 2701 2712 2711
f 2702 2703 2713
f 2702 2713 2712
f 2703 2704 2714
f 2703 2714 2713
f 2704 2705 2715
f 2704 2715 2714
f 2705 2706 2716
f 2705 2716 2715
f 2706 2707 2717
f 2706 2717 2716
f 2707 2708 2718
f 2707 2718 2717
f 2708 2709 2719
f 2708 2719 2718
f 2709 2710 2720
f 2709 2720 2719
f 2710 2701 2711
f 2710 2711 2720
o Truss_diagonal_142
usemtl Metal
v -212.00000 -131.20000 414.00000
v -212.46598 -131.54377 414.94987
v -212.75396 -132.44377 415.53693
v -212.75396 -133.55623 415.53693
v -212.46598 -134.45623 414.94987
v -212.00000 -134.80000 414.00000
v -211.53402 -134.45623 413.05013
v -211.24604 -133.55623 412.46307
v -211.24604 -132.44377 412.46307
v -211.53402 -131.54377 413.05013
v -159.00000 -131.20000 440.00000
v -159.46598 -131.54377 440.94987
v -159.75396 -132.44377 441.53693
v -159.75396 -133.55623 441.53693
v -159.46598 -134.45623 440.94987
v -159.00000 -134.80000 440.00000
v -158.53402 -134.45623 439.05013
v -158.24604 -133.55623 438.46307
v -158.24604 -132.44377 438.46307
v -158.53402 -131.54377 439.05013
f 2721 2723 2722
f 2731 2732 2733
f 2721 2724 2723
f 2731 2733 2734
f 2721 2725 2724
f 2731 2734 2735
f 2721 2726 2725
f 2731 2735 2736
f 2721 2727 2726
f 2731 2736 2737
f 2721 2728 2727
f 2731 2737 2738
f 2721 2729 2728
f 2731 2738 2739
f 2721 2730 2729
f 2731 2739 2740
f 2721 2722 2732
f 2721 2732 2731
f 2722 2723 2733
f 2722 2733 2732
f 2723 2724 2734
f 2723 2734 2733
f 2724 2725 2735
f 2724 2735 2734
f 2725 2726 2736
f 2725 2736 2735
f 2726 2727 2737
f 2726 2737 2736
f 2727 2728 2738
f 2727 2738 2737
f 2728 2729 2739
f 2728 2739 2738
f 2729 2730 2740
f 2729 2740 2739
f 2730 2721 2731
f 2730 2731 2740
o Truss_diagonal_143
usemtl Metal
v -212.00000 -105.20000 414.00000
v -212.46598 -105.54377 414.94987
v -212.75396 -106.44377 415.53693
v -212.75396 -107.55623 415.53693
v -212.46598 -108.45623 414.94987
v -212.00000 -108.80000 414.00000
v -211.53402 -108.45623 413.05013
v -211.24604 -107.55623 412.46307
v -211.24604 -106.44377 412.46307
v -211.53402 -105.54377 413.05013
v -159.00000 -105.20000 440.00000
v -159.46598 -105.54377 440.94987
v -159.75396 -106.44377 441.53693
v -159.75396 -107.55623 441.53693
v -159.46598 -108.45623 440.94987
v -159.00000 -108.80000 440.00000
v -158.53402 -108.45623 439.05013
v -158.24604 -107.55623 438.46307
v -158.24604 -106.44377 438.46307
v -158.53402 -105.54377 439.05013
f 2741 2743 2742
f 2751 2752 2753
f 2741 2744 2743
f 2751 2753 2754
f 2741 2745 2744
f 2751 2754 2755
f 2741 2746 2745
f 2751 2755 2756
f 2741 2747 2746
f 2751 2756 2757
f 2741 2748 2747
f 2751 2757 2758
f 2741 2749 2748
f 2751 2758 2759
f 2741 2750 2749
f 2751 2759 2760
f 2741 2742 2752
f 2741 2752 2751
f 2742 2743 2753
f 2742 2753 2752
f 2743 2744 2754
f 2743 2754 2753
f 2744 2745 2755
f 2744 2755 2754
f 2745 2746 2756
f 2745 2756 2755
f 2746 2747 2757
f 2746 2757 2756
f 2747 2748 2758
f 2747 2758 2757
f 2748 2749 2759
f 2748 2759 2758
f 2749 2750 2760
f 2749 2760 2759
f 2750 2741 2751
f 2750 2751 2760
o Truss_diagonal_144
usemtl Metal
v -159.00000 -131.20000 414.00000
v -159.46598 -131.54377 414.94987
v -159.75396 -132.44377 415.53693
v -159.75396 -133.55623 415.53693
v -159.46598 -134.45623 414.94987
v -159.00000 -134.80000 414.00000
v -158.53402 -134.45623 413.05013
v -158.24604 -133.55623 412.46307
v -158.24604 -132.44377 412.46307
v -158.53402 -131.54377 413.05013
v -106.00000 -131.20000 440.00000
v -106.46598 -131.54377 440.94987
v -106.75396 -132.44377 441.53693
v -106.75396 -133.55623 441.53693
v -106.46598 -134.45623 440.94987
v -106.00000 -134.80000 440.00000
v -105.53402 -134.45623 439.05013
v -105.24604 -133.55623 438.46307
v -105.24604 -132.44377 438.46307
v -105.53402 -131.54377 439.05013
f 2761 2763 2762
f 2771 2772 2773
f 2761 2764 2763
f 2771 2773 2774
f 2761 2765 2764
f 2771 2774 2775
f 2761 2766 2765
f 2771 2775 2776
f 2761 2767 2766
f 2771 2776 2777
f 2761 2768 2767
f 2771 2777 2778
f 2761 2769 2768
f 2771 2778 2779
f 2761 2770 2769
f 2771 2779 2780
f 2761 2762 2772
f 2761 2772 2771
f 2762 2763 2773
f 2762 2773 2772
f 2763 2764 2774
f 2763 2774 2773
f 2764 2765 2775
f 2764 2775 2774
f 2765 2766 2776
f 2765 2776 2775
f 2766 2767 2777
f 2766 2777 2776
f 2767 2768 2778
f 2767 2778 2777
f 2768 2769 2779
f 2768 2779 2778
f 2769 2770 2780
f 2769 2780 2779
f 2770 2761 2771
f 2770 2771 2780
o Truss_diagonal_145
usemtl Metal
v -159.00000 -105.20000 414.00000
v -159.46598 -105.54377 414.94987
v -159.75396 -106.44377 415.53693
v -159.75396 -107.55623 415.53693
v -159.46598 -108.45623 414.94987
v -159.00000 -108.80000 414.00000
v -158.53402 -108.45623 413.05013
v -158.24604 -107.55623 412.46307
v -158.24604 -106.44377 412.46307
v -158.53402 -105.54377 413.05013
v -106.00000 -105.20000 440.00000
v -106.46598 -105.54377 440.94987
v -106.75396 -106.44377 441.53693
v -106.75396 -107.55623 441.53693
v -106.46598 -108.45623 440.94987
v -106.00000 -108.80000 440.00000
v -105.53402 -108.45623 439.05013
v -105.24604 -107.55623 438.46307
v -105.24604 -106.44377 438.46307
v -105.53402 -105.54377 439.05013
f 2781 2783 2782
f 2791 2792 2793
f 2781 2784 2783
f 2791 2793 2794
f 2781 2785 2784
f 2791 2794 2795
f 2781 2786 2785
f 2791 2795 2796
f 2781 2787 2786
f 2791 2796 2797
f 2781 2788 2787
f 2791 2797 2798
f 2781 2789 2788
f 2791 2798 2799
f 2781 2790 2789
f 2791 2799 2800
f 2781 2782 2792
f 2781 2792 2791
f 2782 2783 2793
f 2782 2793 2792
f 2783 2784 2794
f 2783 2794 2793
f 2784 2785 2795
f 2784 2795 2794
f 2785 2786 2796
f 2785 2796 2795
f 2786 2787 2797
f 2786 2797 2796
f 2787 2788 2798
f 2787 2798 2797
f 2788 2789 2799
f 2788 2799 2798
f 2789 2790 2800
f 2789 2800 2799
f 2790 2781 2791
f 2790 2791 2800
o Truss_diagonal_146
usemtl Metal
v -106.00000 -131.20000 414.00000
v -106.46598 -131.54377 414.94987
v -106.75396 -132.44377 415.53693
v -106.75396 -133.55623 415.53693
v -106.46598 -134.45623 414.94987
v -106.00000 -134.80000 414.00000
v -105.53402 -134.45623 413.05013
v -105.24604 -133.55623 412.46307
v -105.24604 -132.44377 412.46307
v -105.53402 -131.54377 413.05013
v -53.00000 -131.20000 440.00000
v -53.46598 -131.54377 440.94987
v -53.75396 -132.44377 441.53693
v -53.75396 -133.55623 441.53693
v -53.46598 -134.45623 440.94987
v -53.00000 -134.80000 440.00000
v -52.53402 -134.45623 439.05013
v -52.24604 -133.55623 438.46307
v -52.24604 -132.44377 438.46307
v -52.53402 -131.54377 439.05013
f 2801 2803 2802
f 2811 2812 2813
f 2801 2804 2803
f 2811 2813 2814
f 2801 2805 2804
f 2811 2814 2815
f 2801 2806 2805
f 2811 2815 2816
f 2801 2807 2806
f 2811 2816 2817
f 2801 2808 2807
f 2811 2817 2818
f 2801 2809 2808
f 2811 2818 2819
f 2801 2810 2809
f 2811 2819 2820
f 2801 2802 2812
f 2801 2812 2811
f 2802 2803 2813
f 2802 2813 2812
f 2803 2804 2814
f 2803 2814 2813
f 2804 2805 2815
f 2804 2815 2814
f 2805 2806 2816
f 2805 2816 2815
f 2806 2807 2817
f 2806 2817 2816
f 2807 2808 2818
f 2807 2818 2817
f 2808 2809 2819
f 2808 2819 2818
f 2809 2810 2820
f 2809 2820 2819
f 2810 2801 2811
f 2810 2811 2820
o Truss_diagonal_147
usemtl Metal
v -106.00000 -105.20000 414.00000
v -106.46598 -105.54377 414.94987
v -106.75396 -106.44377 415.53693
v -106.75396 -107.55623 415.53693
v -106.46598 -108.45623 414.94987
v -106.00000 -108.80000 414.00000
v -105.53402 -108.45623 413.05013
v -105.24604 -107.55623 412.46307
v -105.24604 -106.44377 412.46307
v -105.53402 -105.54377 413.05013
v -53.00000 -105.20000 440.00000
v -53.46598 -105.54377 440.94987
v -53.75396 -106.44377 441.53693
v -53.75396 -107.55623 441.53693
v -53.46598 -108.45623 440.94987
v -53.00000 -108.80000 440.00000
v -52.53402 -108.45623 439.05013
v -52.24604 -107.55623 438.46307
v -52.24604 -106.44377 438.46307
v -52.53402 -105.54377 439.05013
f 2821 2823 2822
f 2831 2832 2833
f 2821 2824 2823
f 2831 2833 2834
f 2821 2825 2824
f 2831 2834 2835
f 2821 2826 2825
f 2831 2835 2836
f 2821 2827 2826
f 2831 2836 2837
f 2821 2828 2827
f 2831 2837 2838
f 2821 2829 2828
f 2831 2838 2839
f 2821 2830 2829
f 2831 2839 2840
f 2821 2822 2832
f 2821 2832 2831
f 2822 2823 2833
f 2822 2833 2832
f 2823 2824 2834
f 2823 2834 2833
f 2824 2825 2835
f 2824 2835 2834
f 2825 2826 2836
f 2825 2836 2835
f 2826 2827 2837
f 2826 2837 2836
f 2827 2828 2838
f 2827 2838 2837
f 2828 2829 2839
f 2828 2839 2838
f 2829 2830 2840
f 2829 2840 2839
f 2830 2821 2831
f 2830 2831 2840
o Truss_diagonal_148
usemtl Metal
v -53.00000 -131.20000 414.00000
v -53.46598 -131.54377 414.94987
v -53.75396 -132.44377 415.53693
v -53.75396 -133.55623 415.53693
v -53.46598 -134.45623 414.94987
v -53.00000 -134.80000 414.00000
v -52.53402 -134.45623 413.05013
v -52.24604 -133.55623 412.46307
v -52.24604 -132.44377 412.46307
v -52.53402 -131.54377 413.05013
v 0.00000 -131.20000 440.00000
v -0.46598 -131.54377 440.94987
v -0.75396 -132.44377 441.53693
v -0.75396 -133.55623 441.53693
v -0.46598 -134.45623 440.94987
v -0.00000 -134.80000 440.00000
v 0.46598 -134.45623 439.05013
v 0.75396 -133.55623 438.46307
v 0.75396 -132.44377 438.46307
v 0.46598 -131.54377 439.05013
f 2841 2843 2842
f 2851 2852 2853
f 2841 2844 2843
f 2851 2853 2854
f 2841 2845 2844
f 2851 2854 2855
f 2841 2846 2845
f 2851 2855 2856
f 2841 2847 2846
f 2851 2856 2857
f 2841 2848 2847
f 2851 2857 2858
f 2841 2849 2848
f 2851 2858 2859
f 2841 2850 2849
f 2851 2859 2860
f 2841 2842 2852
f 2841 2852 2851
f 2842 2843 2853
f 2842 2853 2852
f 2843 2844 2854
f 2843 2854 2853
f 2844 2845 2855
f 2844 2855 2854
f 2845 2846 2856
f 2845 2856 2855
f 2846 2847 2857
f 2846 2857 2856
f 2847 2848 2858
f 2847 2858 2857
f 2848 2849 2859
f 2848 2859 2858
f 2849 2850 2860
f 2849 2860 2859
f 2850 2841 2851
f 2850 2851 2860
o Truss_diagonal_149
usemtl Metal
v -53.00000 -105.20000 414.00000
v -53.46598 -105.54377 414.94987
v -53.75396 -106.44377 415.53693
v -53.75396 -107.55623 415.53693
v -53.46598 -108.45623 414.94987
v -53.00000 -108.80000 414.00000
v -52.53402 -108.45623 413.05013
v -52.24604 -107.55623 412.46307
v -52.24604 -106.44377 412.46307
v -52.53402 -105.54377 413.05013
v 0.00000 -105.20000 440.00000
v -0.46598 -105.54377 440.94987
v -0.75396 -106.44377 441.53693
v -0.75396 -107.55623 441.53693
v -0.46598 -108.45623 440.94987
v -0.00000 -108.80000 440.00000
v 0.46598 -108.45623 439.05013
v 0.75396 -107.55623 438.46307
v 0.75396 -106.44377 438.46307
v 0.46598 -105.54377 439.05013
f 2861 2863 2862
f 2871 2872 2873
f 2861 2864 2863
f 2871 2873 2874
f 2861 2865 2864
f 2871 2874 2875
f 2861 2866 2865
f 2871 2875 2876
f 2861 2867 2866
f 2871 2876 2877
f 2861 2868 2867
f 2871 2877 2878
f 2861 2869 2868
f 2871 2878 2879
f 2861 2870 2869
f 2871 2879 2880
f 2861 2862 2872
f 2861 2872 2871
f 2862 2863 2873
f 2862 2873 2872
f 2863 2864 2874
f 2863 2874 2873
f 2864 2865 2875
f 2864 2875 2874
f 2865 2866 2876
f 2865 2876 2875
f 2866 2867 2877
f 2866 2877 2876
f 2867 2868 2878
f 2867 2878 2877
f 2868 2869 2879
f 2868 2879 2878
f 2869 2870 2880
f 2869 2880 2879
f 2870 2861 2871
f 2870 2871 2880
o Truss_diagonal_150
usemtl Metal
v 0.00000 -131.20000 414.00000
v -0.46598 -131.54377 414.94987
v -0.75396 -132.44377 415.53693
v -0.75396 -133.55623 415.53693
v -0.46598 -134.45623 414.94987
v -0.00000 -134.80000 414.00000
v 0.46598 -134.45623 413.05013
v 0.75396 -133.55623 412.46307
v 0.75396 -132.44377 412.46307
v 0.46598 -131.54377 413.05013
v 53.00000 -131.20000 440.00000
v 52.53402 -131.54377 440.94987
v 52.24604 -132.44377 441.53693
v 52.24604 -133.55623 441.53693
v 52.53402 -134.45623 440.94987
v 53.00000 -134.80000 440.00000
v 53.46598 -134.45623 439.05013
v 53.75396 -133.55623 438.46307
v 53.75396 -132.44377 438.46307
v 53.46598 -131.54377 439.05013
f 2881 2883 2882
f 2891 2892 2893
f 2881 2884 2883
f 2891 2893 2894
f 2881 2885 2884
f 2891 2894 2895
f 2881 2886 2885
f 2891 2895 2896
f 2881 2887 2886
f 2891 2896 2897
f 2881 2888 2887
f 2891 2897 2898
f 2881 2889 2888
f 2891 2898 2899
f 2881 2890 2889
f 2891 2899 2900
f 2881 2882 2892
f 2881 2892 2891
f 2882 2883 2893
f 2882 2893 2892
f 2883 2884 2894
f 2883 2894 2893
f 2884 2885 2895
f 2884 2895 2894
f 2885 2886 2896
f 2885 2896 2895
f 2886 2887 2897
f 2886 2897 2896
f 2887 2888 2898
f 2887 2898 2897
f 2888 2889 2899
f 2888 2899 2898
f 2889 2890 2900
f 2889 2900 2899
f 2890 2881 2891
f 2890 2891 2900
o Truss_diagonal_151
usemtl Metal
v 0.00000 -105.20000 414.00000
v -0.46598 -105.54377 414.94987
v -0.75396 -106.44377 415.53693
v -0.75396 -107.55623 415.53693
v -0.46598 -108.45623 414.94987
v -0.00000 -108.80000 414.00000
v 0.46598 -108.45623 413.05013
v 0.75396 -107.55623 412.46307
v 0.75396 -106.44377 412.46307
v 0.46598 -105.54377 413.05013
v 53.00000 -105.20000 440.00000
v 52.53402 -105.54377 440.94987
v 52.24604 -106.44377 441.53693
v 52.24604 -107.55623 441.53693
v 52.53402 -108.45623 440.94987
v 53.00000 -108.80000 440.00000
v 53.46598 -108.45623 439.05013
v 53.75396 -107.55623 438.46307
v 53.75396 -106.44377 438.46307
v 53.46598 -105.54377 439.05013
f 2901 2903 2902
f 2911 2912 2913
f 2901 2904 2903
f 2911 2913 2914
f 2901 2905 2904
f 2911 2914 2915
f 2901 2906 2905
f 2911 2915 2916
f 2901 2907 2906
f 2911 2916 2917
f 2901 2908 2907
f 2911 2917 2918
f 2901 2909 2908
f 2911 2918 2919
f 2901 2910 2909
f 2911 2919 2920
f 2901 2902 2912
f 2901 2912 2911
f 2902 2903 2913
f 2902 2913 2912
f 2903 2904 2914
f 2903 2914 2913
f 2904 2905 2915
f 2904 2915 2914
f 2905 2906 2916
f 2905 2916 2915
f 2906 2907 2917
f 2906 2917 2916
f 2907 2908 2918
f 2907 2918 2917
f 2908 2909 2919
f 2908 2919 2918
f 2909 2910 2920
f 2909 2920 2919
f 2910 2901 2911
f 2910 2911 2920
o Truss_diagonal_152
usemtl Metal
v 53.00000 -131.20000 414.00000
v 52.53402 -131.54377 414.94987
v 52.24604 -132.44377 415.53693
v 52.24604 -133.55623 415.53693
v 52.53402 -134.45623 414.94987
v 53.00000 -134.80000 414.00000
v 53.46598 -134.45623 413.05013
v 53.75396 -133.55623 412.46307
v 53.75396 -132.44377 412.46307
v 53.46598 -131.54377 413.05013
v 106.00000 -131.20000 440.00000
v 105.53402 -131.54377 440.94987
v 105.24604 -132.44377 441.53693
v 105.24604 -133.55623 441.53693
v 105.53402 -134.45623 440.94987
v 106.00000 -134.80000 440.00000
v 106.46598 -134.45623 439.05013
v 106.75396 -133.55623 438.46307
v 106.75396 -132.44377 438.46307
v 106.46598 -131.54377 439.05013
f 2921 2923 2922
f 2931 2932 2933
f 2921 2924 2923
f 2931 2933 2934
f 2921 2925 2924
f 2931 2934 2935
f 2921 2926 2925
f 2931 2935 2936
f 2921 2927 2926
f 2931 2936 2937
f 2921 2928 2927
f 2931 2937 2938
f 2921 2929 2928
f 2931 2938 2939
f 2921 2930 2929
f 2931 2939 2940
f 2921 2922 2932
f 2921 2932 2931
f 2922 2923 2933
f 2922 2933 2932
f 2923 2924 2934
f 2923 2934 2933
f 2924 2925 2935
f 2924 2935 2934
f 2925 2926 2936
f 2925 2936 2935
f 2926 2927 2937
f 2926 2937 2936
f 2927 2928 2938
f 2927 2938 2937
f 2928 2929 2939
f 2928 2939 2938
f 2929 2930 2940
f 2929 2940 2939
f 2930 2921 2931
f 2930 2931 2940
o Truss_diagonal_153
usemtl Metal
v 53.00000 -105.20000 414.00000
v 52.53402 -105.54377 414.94987
v 52.24604 -106.44377 415.53693
v 52.24604 -107.55623 415.53693
v 52.53402 -108.45623 414.94987
v 53.00000 -108.80000 414.00000
v 53.46598 -108.45623 413.05013
v 53.75396 -107.55623 412.46307
v 53.75396 -106.44377 412.46307
v 53.46598 -105.54377 413.05013
v 106.00000 -105.20000 440.00000
v 105.53402 -105.54377 440.94987
v 105.24604 -106.44377 441.53693
v 105.24604 -107.55623 441.53693
v 105.53402 -108.45623 440.94987
v 106.00000 -108.80000 440.00000
v 106.46598 -108.45623 439.05013
v 106.75396 -107.55623 438.46307
v 106.75396 -106.44377 438.46307
v 106.46598 -105.54377 439.05013
f 2941 2943 2942
f 2951 2952 2953
f 2941 2944 2943
f 2951 2953 2954
f 2941 2945 2944
f 2951 2954 2955
f 2941 2946 2945
f 2951 2955 2956
f 2941 2947 2946
f 2951 2956 2957
f 2941 2948 2947
f 2951 2957 2958
f 2941 2949 2948
f 2951 2958 2959
f 2941 2950 2949
f 2951 2959 2960
f 2941 2942 2952
f 2941 2952 2951
f 2942 2943 2953
f 2942 2953 2952
f 2943 2944 2954
f 2943 2954 2953
f 2944 2945 2955
f 2944 2955 2954
f 2945 2946 2956
f 2945 2956 2955
f 2946 2947 2957
f 2946 2957 2956
f 2947 2948 2958
f 2947 2958 2957
f 2948 2949 2959
f 2948 2959 2958
f 2949 2950 2960
f 2949 2960 2959
f 2950 2941 2951
f 2950 2951 2960
o Truss_diagonal_154
usemtl Metal
v 106.00000 -131.20000 414.00000
v 105.53402 -131.54377 414.94987
v 105.24604 -132.44377 415.53693
v 105.24604 -133.55623 415.53693
v 105.53402 -134.45623 414.94987
v 106.00000 -134.80000 414.00000
v 106.46598 -134.45623 413.05013
v 106.75396 -133.55623 412.46307
v 106.75396 -132.44377 412.46307
v 106.46598 -131.54377 413.05013
v 159.00000 -131.20000 440.00000
v 158.53402 -131.54377 440.94987
v 158.24604 -132.44377 441.53693
v 158.24604 -133.55623 441.53693
v 158.53402 -134.45623 440.94987
v 159.00000 -134.80000 440.00000
v 159.46598 -134.45623 439.05013
v 159.75396 -133.55623 438.46307
v 159.75396 -132.44377 438.46307
v 159.46598 -131.54377 439.05013
f 2961 2963 2962
f 2971 2972 2973
f 2961 2964 2963
f 2971 2973 2974
f 2961 2965 2964
f 2971 2974 2975
f 2961 2966 2965
f 2971 2975 2976
f 2961 2967 2966
f 2971 2976 2977
f 2961 2968 2967
f 2971 2977 2978
f 2961 2969 2968
f 2971 2978 2979
f 2961 2970 2969
f 2971 2979 2980
f 2961 2962 2972
f 2961 2972 2971
f 2962 2963 2973
f 2962 2973 2972
f 2963 2964 2974
f 2963 2974 2973
f 2964 2965 2975
f 2964 2975 2974
f 2965 2966 2976
f 2965 2976 2975
f 2966 2967 2977
f 2966 2977 2976
f 2967 2968 2978
f 2967 2978 2977
f 2968 2969 2979
f 2968 2979 2978
f 2969 2970 2980
f 2969 2980 2979
f 2970 2961 2971
f 2970 2971 2980
o Truss_diagonal_155
usemtl Metal
v 106.00000 -105.20000 414.00000
v 105.53402 -105.54377 414.94987
v 105.24604 -106.44377 415.53693
v 105.24604 -107.55623 415.53693
v 105.53402 -108.45623 414.94987
v 106.00000 -108.80000 414.00000
v 106.46598 -108.45623 413.05013
v 106.75396 -107.55623 412.46307
v 106.75396 -106.44377 412.46307
v 106.46598 -105.54377 413.05013
v 159.00000 -105.20000 440.00000
v 158.53402 -105.54377 440.94987
v 158.24604 -106.44377 441.53693
v 158.24604 -107.55623 441.53693
v 158.53402 -108.45623 440.94987
v 159.00000 -108.80000 440.00000
v 159.46598 -108.45623 439.05013
v 159.75396 -107.55623 438.46307
v 159.75396 -106.44377 438.46307
v 159.46598 -105.54377 439.05013
f 2981 2983 2982
f 2991 2992 2993
f 2981 2984 2983
f 2991 2993 2994
f 2981 2985 2984
f 2991 2994 2995
f 2981 2986 2985
f 2991 2995 2996
f 2981 2987 2986
f 2991 2996 2997
f 2981 2988 2987
f 2991 2997 2998
f 2981 2989 2988
f 2991 2998 2999
f 2981 2990 2989
f 2991 2999 3000
f 2981 2982 2992
f 2981 2992 2991
f 2982 2983 2993
f 2982 2993 2992
f 2983 2984 2994
f 2983 2994 2993
f 2984 2985 2995
f 2984 2995 2994
f 2985 2986 2996
f 2985 2996 2995
f 2986 2987 2997
f 2986 2997 2996
f 2987 2988 2998
f 2987 2998 2997
f 2988 2989 2999
f 2988 2999 2998
f 2989 2990 3000
f 2989 3000 2999
f 2990 2981 2991
f 2990 2991 3000
o Truss_diagonal_156
usemtl Metal
v 159.00000 -131.20000 414.00000
v 158.53402 -131.54377 414.94987
v 158.24604 -132.44377 415.53693
v 158.24604 -133.55623 415.53693
v 158.53402 -134.45623 414.94987
v 159.00000 -134.80000 414.00000
v 159.46598 -134.45623 413.05013
v 159.75396 -133.55623 412.46307
v 159.75396 -132.44377 412.46307
v 159.46598 -131.54377 413.05013
v 212.00000 -131.20000 440.00000
v 211.53402 -131.54377 440.94987
v 211.24604 -132.44377 441.53693
v 211.24604 -133.55623 441.53693
v 211.53402 -134.45623 440.94987
v 212.00000 -134.80000 440.00000
v 212.46598 -134.45623 439.05013
v 212.75396 -133.55623 438.46307
v 212.75396 -132.44377 438.46307
v 212.46598 -131.54377 439.05013
f 3001 3003 3002
f 3011 3012 3013
f 3001 3004 3003
f 3011 3013 3014
f 3001 3005 3004
f 3011 3014 3015
f 3001 3006 3005
f 3011 3015 3016
f 3001 3007 3006
f 3011 3016 3017
f 3001 3008 3007
f 3011 3017 3018
f 3001 3009 3008
f 3011 3018 3019
f 3001 3010 3009
f 3011 3019 3020
f 3001 3002 3012
f 3001 3012 3011
f 3002 3003 3013
f 3002 3013 3012
f 3003 3004 3014
f 3003 3014 3013
f 3004 3005 3015
f 3004 3015 3014
f 3005 3006 3016
f 3005 3016 3015
f 3006 3007 3017
f 3006 3017 3016
f 3007 3008 3018
f 3007 3018 3017
f 3008 3009 3019
f 3008 3019 3018
f 3009 3010 3020
f 3009 3020 3019
f 3010 3001 3011
f 3010 3011 3020
o Truss_diagonal_157
usemtl Metal
v 159.00000 -105.20000 414.00000
v 158.53402 -105.54377 414.94987
v 158.24604 -106.44377 415.53693
v 158.24604 -107.55623 415.53693
v 158.53402 -108.45623 414.94987
v 159.00000 -108.80000 414.00000
v 159.46598 -108.45623 413.05013
v 159.75396 -107.55623 412.46307
v 159.75396 -106.44377 412.46307
v 159.46598 -105.54377 413.05013
v 212.00000 -105.20000 440.00000
v 211.53402 -105.54377 440.94987
v 211.24604 -106.44377 441.53693
v 211.24604 -107.55623 441.53693
v 211.53402 -108.45623 440.94987
v 212.00000 -108.80000 440.00000
v 212.46598 -108.45623 439.05013
v 212.75396 -107.55623 438.46307
v 212.75396 -106.44377 438.46307
v 212.46598 -105.54377 439.05013
f 3021 3023 3022
f 3031 3032 3033
f 3021 3024 3023
f 3031 3033 3034
f 3021 3025 3024
f 3031 3034 3035
f 3021 3026 3025
f 3031 3035 3036
f 3021 3027 3026
f 3031 3036 3037
f 3021 3028 3027
f 3031 3037 3038
f 3021 3029 3028
f 3031 3038 3039
f 3021 3030 3029
f 3031 3039 3040
f 3021 3022 3032
f 3021 3032 3031
f 3022 3023 3033
f 3022 3033 3032
f 3023 3024 3034
f 3023 3034 3033
f 3024 3025 3035
f 3024 3035 3034
f 3025 3026 3036
f 3025 3036 3035
f 3026 3027 3037
f 3026 3037 3036
f 3027 3028 3038
f 3027 3038 3037
f 3028 3029 3039
f 3028 3039 3038
f 3029 3030 3040
f 3029 3040 3039
f 3030 3021 3031
f 3030 3031 3040
o Truss_diagonal_158
usemtl Metal
v 212.00000 -131.20000 414.00000
v 211.53402 -131.54377 414.94987
v 211.24604 -132.44377 415.53693
v 211.24604 -133.55623 415.53693
v 211.53402 -134.45623 414.94987
v 212.00000 -134.80000 414.00000
v 212.46598 -134.45623 413.05013
v 212.75396 -133.55623 412.46307
v 212.75396 -132.44377 412.46307
v 212.46598 -131.54377 413.05013
v 265.00000 -131.20000 440.00000
v 264.53402 -131.54377 440.94987
v 264.24604 -132.44377 441.53693
v 264.24604 -133.55623 441.53693
v 264.53402 -134.45623 440.94987
v 265.00000 -134.80000 440.00000
v 265.46598 -134.45623 439.05013
v 265.75396 -133.55623 438.46307
v 265.75396 -132.44377 438.46307
v 265.46598 -131.54377 439.05013
f 3041 3043 3042
f 3051 3052 3053
f 3041 3044 3043
f 3051 3053 3054
f 3041 3045 3044
f 3051 3054 3055
f 3041 3046 3045
f 3051 3055 3056
f 3041 3047 3046
f 3051 3056 3057
f 3041 3048 3047
f 3051 3057 3058
f 3041 3049 3048
f 3051 3058 3059
f 3041 3050 3049
f 3051 3059 3060
f 3041 3042 3052
f 3041 3052 3051
f 3042 3043 3053
f 3042 3053 3052
f 3043 3044 3054
f 3043 3054 3053
f 3044 3045 3055
f 3044 3055 3054
f 3045 3046 3056
f 3045 3056 3055
f 3046 3047 3057
f 3046 3057 3056
f 3047 3048 3058
f 3047 3058 3057
f 3048 3049 3059
f 3048 3059 3058
f 3049 3050 3060
f 3049 3060 3059
f 3050 3041 3051
f 3050 3051 3060
o Truss_diagonal_159
usemtl Metal
v 212.00000 -105.20000 414.00000
v 211.53402 -105.54377 414.94987
v 211.24604 -106.44377 415.53693
v 211.24604 -107.55623 415.53693
v 211.53402 -108.45623 414.94987
v 212.00000 -108.80000 414.00000
v 212.46598 -108.45623 413.05013
v 212.75396 -107.55623 412.46307
v 212.75396 -106.44377 412.46307
v 212.46598 -105.54377 413.05013
v 265.00000 -105.20000 440.00000
v 264.53402 -105.54377 440.94987
v 264.24604 -106.44377 441.53693
v 264.24604 -107.55623 441.53693
v 264.53402 -108.45623 440.94987
v 265.00000 -108.80000 440.00000
v 265.46598 -108.45623 439.05013
v 265.75396 -107.55623 438.46307
v 265.75396 -106.44377 438.46307
v 265.46598 -105.54377 439.05013
f 3061 3063 3062
f 3071 3072 3073
f 3061 3064 3063
f 3071 3073 3074
f 3061 3065 3064
f 3071 3074 3075
f 3061 3066 3065
f 3071 3075 3076
f 3061 3067 3066
f 3071 3076 3077
f 3061 3068 3067
f 3071 3077 3078
f 3061 3069 3068
f 3071 3078 3079
f 3061 3070 3069
f 3071 3079 3080
f 3061 3062 3072
f 3061 3072 3071
f 3062 3063 3073
f 3062 3073 3072
f 3063 3064 3074
f 3063 3074 3073
f 3064 3065 3075
f 3064 3075 3074
f 3065 3066 3076
f 3065 3076 3075
f 3066 3067 3077
f 3066 3077 3076
f 3067 3068 3078
f 3067 3078 3077
f 3068 3069 3079
f 3068 3079 3078
f 3069 3070 3080
f 3069 3080 3079
f 3070 3061 3071
f 3070 3071 3080
o Truss_diagonal_160
usemtl Metal
v 265.00000 -131.20000 414.00000
v 264.53402 -131.54377 414.94987
v 264.24604 -132.44377 415.53693
v 264.24604 -133.55623 415.53693
v 264.53402 -134.45623 414.94987
v 265.00000 -134.80000 414.00000
v 265.46598 -134.45623 413.05013
v 265.75396 -133.55623 412.46307
v 265.75396 -132.44377 412.46307
v 265.46598 -131.54377 413.05013
v 318.00000 -131.20000 440.00000
v 317.53402 -131.54377 440.94987
v 317.24604 -132.44377 441.53693
v 317.24604 -133.55623 441.53693
v 317.53402 -134.45623 440.94987
v 318.00000 -134.80000 440.00000
v 318.46598 -134.45623 439.05013
v 318.75396 -133.55623 438.46307
v 318.75396 -132.44377 438.46307
v 318.46598 -131.54377 439.05013
f 3081 3083 3082
f 3091 3092 3093
f 3081 3084 3083
f 3091 3093 3094
f 3081 3085 3084
f 3091 3094 3095
f 3081 3086 3085
f 3091 3095 3096
f 3081 3087 3086
f 3091 3096 3097
f 3081 3088 3087
f 3091 3097 3098
f 3081 3089 3088
f 3091 3098 3099
f 3081 3090 3089
f 3091 3099 3100
f 3081 3082 3092
f 3081 3092 3091
f 3082 3083 3093
f 3082 3093 3092
f 3083 3084 3094
f 3083 3094 3093
f 3084 3085 3095
f 3084 3095 3094
f 3085 3086 3096
f 3085 3096 3095
f 3086 3087 3097
f 3086 3097 3096
f 3087 3088 3098
f 3087 3098 3097
f 3088 3089 3099
f 3088 3099 3098
f 3089 3090 3100
f 3089 3100 3099
f 3090 3081 3091
f 3090 3091 3100
o Truss_diagonal_161
usemtl Metal
v 265.00000 -105.20000 414.00000
v 264.53402 -105.54377 414.94987
v 264.24604 -106.44377 415.53693
v 264.24604 -107.55623 415.53693
v 264.53402 -108.45623 414.94987
v 265.00000 -108.80000 414.00000
v 265.46598 -108.45623 413.05013
v 265.75396 -107.55623 412.46307
v 265.75396 -106.44377 412.46307
v 265.46598 -105.54377 413.05013
v 318.00000 -105.20000 440.00000
v 317.53402 -105.54377 440.94987
v 317.24604 -106.44377 441.53693
v 317.24604 -107.55623 441.53693
v 317.53402 -108.45623 440.94987
v 318.00000 -108.80000 440.00000
v 318.46598 -108.45623 439.05013
v 318.75396 -107.55623 438.46307
v 318.75396 -106.44377 438.46307
v 318.46598 -105.54377 439.05013
f 3101 3103 3102
f 3111 3112 3113
f 3101 3104 3103
f 3111 3113 3114
f 3101 3105 3104
f 3111 3114 3115
f 3101 3106 3105
f 3111 3115 3116
f 3101 3107 3106
f 3111 3116 3117
f 3101 3108 3107
f 3111 3117 3118
f 3101 3109 3108
f 3111 3118 3119
f 3101 3110 3109
f 3111 3119 3120
f 3101 3102 3112
f 3101 3112 3111
f 3102 3103 3113
f 3102 3113 3112
f 3103 3104 3114
f 3103 3114 3113
f 3104 3105 3115
f 3104 3115 3114
f 3105 3106 3116
f 3105 3116 3115
f 3106 3107 3117
f 3106 3117 3116
f 3107 3108 3118
f 3107 3118 3117
f 3108 3109 3119
f 3108 3119 3118
f 3109 3110 3120
f 3109 3120 3119
f 3110 3101 3111
f 3110 3111 3120
o Truss_diagonal_162
usemtl Metal
v 318.00000 -131.20000 414.00000
v 317.53402 -131.54377 414.94987
v 317.24604 -132.44377 415.53693
v 317.24604 -133.55623 415.53693
v 317.53402 -134.45623 414.94987
v 318.00000 -134.80000 414.00000
v 318.46598 -134.45623 413.05013
v 318.75396 -133.55623 412.46307
v 318.75396 -132.44377 412.46307
v 318.46598 -131.54377 413.05013
v 371.00000 -131.20000 440.00000
v 370.53402 -131.54377 440.94987
v 370.24604 -132.44377 441.53693
v 370.24604 -133.55623 441.53693
v 370.53402 -134.45623 440.94987
v 371.00000 -134.80000 440.00000
v 371.46598 -134.45623 439.05013
v 371.75396 -133.55623 438.46307
v 371.75396 -132.44377 438.46307
v 371.46598 -131.54377 439.05013
f 3121 3123 3122
f 3131 3132 3133
f 3121 3124 3123
f 3131 3133 3134
f 3121 3125 3124
f 3131 3134 3135
f 3121 3126 3125
f 3131 3135 3136
f 3121 3127 3126
f 3131 3136 3137
f 3121 3128 3127
f 3131 3137 3138
f 3121 3129 3128
f 3131 3138 3139
f 3121 3130 3129
f 3131 3139 3140
f 3121 3122 3132
f 3121 3132 3131
f 3122 3123 3133
f 3122 3133 3132
f 3123 3124 3134
f 3123 3134 3133
f 3124 3125 3135
f 3124 3135 3134
f 3125 3126 3136
f 3125 3136 3135
f 3126 3127 3137
f 3126 3137 3136
f 3127 3128 3138
f 3127 3138 3137
f 3128 3129 3139
f 3128 3139 3138
f 3129 3130 3140
f 3129 3140 3139
f 3130 3121 3131
f 3130 3131 3140
o Truss_diagonal_163
usemtl Metal
v 318.00000 -105.20000 414.00000
v 317.53402 -105.54377 414.94987
v 317.24604 -106.44377 415.53693
v 317.24604 -107.55623 415.53693
v 317.53402 -108.45623 414.94987
v 318.00000 -108.80000 414.00000
v 318.46598 -108.45623 413.05013
v 318.75396 -107.55623 412.46307
v 318.75396 -106.44377 412.46307
v 318.46598 -105.54377 413.05013
v 371.00000 -105.20000 440.00000
v 370.53402 -105.54377 440.94987
v 370.24604 -106.44377 441.53693
v 370.24604 -107.55623 441.53693
v 370.53402 -108.45623 440.94987
v 371.00000 -108.80000 440.00000
v 371.46598 -108.45623 439.05013
v 371.75396 -107.55623 438.46307
v 371.75396 -106.44377 438.46307
v 371.46598 -105.54377 439.05013
f 3141 3143 3142
f 3151 3152 3153
f 3141 3144 3143
f 3151 3153 3154
f 3141 3145 3144
f 3151 3154 3155
f 3141 3146 3145
f 3151 3155 3156
f 3141 3147 3146
f 3151 3156 3157
f 3141 3148 3147
f 3151 3157 3158
f 3141 3149 3148
f 3151 3158 3159
f 3141 3150 3149
f 3151 3159 3160
f 3141 3142 3152
f 3141 3152 3151
f 3142 3143 3153
f 3142 3153 3152
f 3143 3144 3154
f 3143 3154 3153
f 3144 3145 3155
f 3144 3155 3154
f 3145 3146 3156
f 3145 3156 3155
f 3146 3147 3157
f 3146 3157 3156
f 3147 3148 3158
f 3147 3158 3157
f 3148 3149 3159
f 3148 3159 3158
f 3149 3150 3160
f 3149 3160 3159
f 3150 3141 3151
f 3150 3151 3160
o Truss_diagonal_164
usemtl Metal
v 371.00000 -131.20000 414.00000
v 370.53402 -131.54377 414.94987
v 370.24604 -132.44377 415.53693
v 370.24604 -133.55623 415.53693
v 370.53402 -134.45623 414.94987
v 371.00000 -134.80000 414.00000
v 371.46598 -134.45623 413.05013
v 371.75396 -133.55623 412.46307
v 371.75396 -132.44377 412.46307
v 371.46598 -131.54377 413.05013
v 424.00000 -131.20000 440.00000
v 423.53402 -131.54377 440.94987
v 423.24604 -132.44377 441.53693
v 423.24604 -133.55623 441.53693
v 423.53402 -134.45623 440.94987
v 424.00000 -134.80000 440.00000
v 424.46598 -134.45623 439.05013
v 424.75396 -133.55623 438.46307
v 424.75396 -132.44377 438.46307
v 424.46598 -131.54377 439.05013
f 3161 3163 3162
f 3171 3172 3173
f 3161 3164 3163
f 3171 3173 3174
f 3161 3165 3164
f 3171 3174 3175
f 3161 3166 3165
f 3171 3175 3176
f 3161 3167 3166
f 3171 3176 3177
f 3161 3168 3167
f 3171 3177 3178
f 3161 3169 3168
f 3171 3178 3179
f 3161 3170 3169
f 3171 3179 3180
f 3161 3162 3172
f 3161 3172 3171
f 3162 3163 3173
f 3162 3173 3172
f 3163 3164 3174
f 3163 3174 3173
f 3164 3165 3175
f 3164 3175 3174
f 3165 3166 3176
f 3165 3176 3175
f 3166 3167 3177
f 3166 3177 3176
f 3167 3168 3178
f 3167 3178 3177
f 3168 3169 3179
f 3168 3179 3178
f 3169 3170 3180
f 3169 3180 3179
f 3170 3161 3171
f 3170 3171 3180
o Truss_diagonal_165
usemtl Metal
v 371.00000 -105.20000 414.00000
v 370.53402 -105.54377 414.94987
v 370.24604 -106.44377 415.53693
v 370.24604 -107.55623 415.53693
v 370.53402 -108.45623 414.94987
v 371.00000 -108.80000 414.00000
v 371.46598 -108.45623 413.05013
v 371.75396 -107.55623 412.46307
v 371.75396 -106.44377 412.46307
v 371.46598 -105.54377 413.05013
v 424.00000 -105.20000 440.00000
v 423.53402 -105.54377 440.94987
v 423.24604 -106.44377 441.53693
v 423.24604 -107.55623 441.53693
v 423.53402 -108.45623 440.94987
v 424.00000 -108.80000 440.00000
v 424.46598 -108.45623 439.05013
v 424.75396 -107.55623 438.46307
v 424.75396 -106.44377 438.46307
v 424.46598 -105.54377 439.05013
f 3181 3183 3182
f 3191 3192 3193
f 3181 3184 3183
f 3191 3193 3194
f 3181 3185 3184
f 3191 3194 3195
f 3181 3186 3185
f 3191 3195 3196
f 3181 3187 3186
f 3191 3196 3197
f 3181 3188 3187
f 3191 3197 3198
f 3181 3189 3188
f 3191 3198 3199
f 3181 3190 3189
f 3191 3199 3200
f 3181 3182 3192
f 3181 3192 3191
f 3182 3183 3193
f 3182 3193 3192
f 3183 3184 3194
f 3183 3194 3193
f 3184 3185 3195
f 3184 3195 3194
f 3185 3186 3196
f 3185 3196 3195
f 3186 3187 3197
f 3186 3197 3196
f 3187 3188 3198
f 3187 3198 3197
f 3188 3189 3199
f 3188 3199 3198
f 3189 3190 3200
f 3189 3200 3199
f 3190 3181 3191
f 3190 3191 3200
o Truss_diagonal_166
usemtl Metal
v 424.00000 -131.20000 414.00000
v 423.53402 -131.54377 414.94987
v 423.24604 -132.44377 415.53693
v 423.24604 -133.55623 415.53693
v 423.53402 -134.45623 414.94987
v 424.00000 -134.80000 414.00000
v 424.46598 -134.45623 413.05013
v 424.75396 -133.55623 412.46307
v 424.75396 -132.44377 412.46307
v 424.46598 -131.54377 413.05013
v 477.00000 -131.20000 440.00000
v 476.53402 -131.54377 440.94987
v 476.24604 -132.44377 441.53693
v 476.24604 -133.55623 441.53693
v 476.53402 -134.45623 440.94987
v 477.00000 -134.80000 440.00000
v 477.46598 -134.45623 439.05013
v 477.75396 -133.55623 438.46307
v 477.75396 -132.44377 438.46307
v 477.46598 -131.54377 439.05013
f 3201 3203 3202
f 3211 3212 3213
f 3201 3204 3203
f 3211 3213 3214
f 3201 3205 3204
f 3211 3214 3215
f 3201 3206 3205
f 3211 3215 3216
f 3201 3207 3206
f 3211 3216 3217
f 3201 3208 3207
f 3211 3217 3218
f 3201 3209 3208
f 3211 3218 3219
f 3201 3210 3209
f 3211 3219 3220
f 3201 3202 3212
f 3201 3212 3211
f 3202 3203 3213
f 3202 3213 3212
f 3203 3204 3214
f 3203 3214 3213
f 3204 3205 3215
f 3204 3215 3214
f 3205 3206 3216
f 3205 3216 3215
f 3206 3207 3217
f 3206 3217 3216
f 3207 3208 3218
f 3207 3218 3217
f 3208 3209 3219
f 3208 3219 3218
f 3209 3210 3220
f 3209 3220 3219
f 3210 3201 3211
f 3210 3211 3220
o Truss_diagonal_167
usemtl Metal
v 424.00000 -105.20000 414.00000
v 423.53402 -105.54377 414.94987
v 423.24604 -106.44377 415.53693
v 423.24604 -107.55623 415.53693
v 423.53402 -108.45623 414.94987
v 424.00000 -108.80000 414.00000
v 424.46598 -108.45623 413.05013
v 424.75396 -107.55623 412.46307
v 424.75396 -106.44377 412.46307
v 424.46598 -105.54377 413.05013
v 477.00000 -105.20000 440.00000
v 476.53402 -105.54377 440.94987
v 476.24604 -106.44377 441.53693
v 476.24604 -107.55623 441.53693
v 476.53402 -108.45623 440.94987
v 477.00000 -108.80000 440.00000
v 477.46598 -108.45623 439.05013
v 477.75396 -107.55623 438.46307
v 477.75396 -106.44377 438.46307
v 477.46598 -105.54377 439.05013
f 3221 3223 3222
f 3231 3232 3233
f 3221 3224 3223
f 3231 3233 3234
f 3221 3225 3224
f 3231 3234 3235
f 3221 3226 3225
f 3231 3235 3236
f 3221 3227 3226
f 3231 3236 3237
f 3221 3228 3227
f 3231 3237 3238
f 3221 3229 3228
f 3231 3238 3239
f 3221 3230 3229
f 3231 3239 3240
f 3221 3222 3232
f 3221 3232 3231
f 3222 3223 3233
f 3222 3233 3232
f 3223 3224 3234
f 3223 3234 3233
f 3224 3225 3235
f 3224 3235 3234
f 3225 3226 3236
f 3225 3236 3235
f 3226 3227 3237
f 3226 3237 3236
f 3227 3228 3238
f 3227 3238 3237
f 3228 3229 3239
f 3228 3239 3238
f 3229 3230 3240
f 3229 3240 3239
f 3230 3221 3231
f 3230 3231 3240
o Truss_diagonal_168
usemtl Metal
v 477.00000 -131.20000 414.00000
v 476.53402 -131.54377 414.94987
v 476.24604 -132.44377 415.53693
v 476.24604 -133.55623 415.53693
v 476.53402 -134.45623 414.94987
v 477.00000 -134.80000 414.00000
v 477.46598 -134.45623 413.05013
v 477.75396 -133.55623 412.46307
v 477.75396 -132.44377 412.46307
v 477.46598 -131.54377 413.05013
v 530.00000 -131.20000 440.00000
v 529.53402 -131.54377 440.94987
v 529.24604 -132.44377 441.53693
v 529.24604 -133.55623 441.53693
v 529.53402 -134.45623 440.94987
v 530.00000 -134.80000 440.00000
v 530.46598 -134.45623 439.05013
v 530.75396 -133.55623 438.46307
v 530.75396 -132.44377 438.46307
v 530.46598 -131.54377 439.05013
f 3241 3243 3242
f 3251 3252 3253
f 3241 3244 3243
f 3251 3253 3254
f 3241 3245 3244
f 3251 3254 3255
f 3241 3246 3245
f 3251 3255 3256
f 3241 3247 3246
f 3251 3256 3257
f 3241 3248 3247
f 3251 3257 3258
f 3241 3249 3248
f 3251 3258 3259
f 3241 3250 3249
f 3251 3259 3260
f 3241 3242 3252
f 3241 3252 3251
f 3242 3243 3253
f 3242 3253 3252
f 3243 3244 3254
f 3243 3254 3253
f 3244 3245 3255
f 3244 3255 3254
f 3245 3246 3256
f 3245 3256 3255
f 3246 3247 3257
f 3246 3257 3256
f 3247 3248 3258
f 3247 3258 3257
f 3248 3249 3259
f 3248 3259 3258
f 3249 3250 3260
f 3249 3260 3259
f 3250 3241 3251
f 3250 3251 3260
o Truss_diagonal_169
usemtl Metal
v 477.00000 -105.20000 414.00000
v 476.53402 -105.54377 414.94987
v 476.24604 -106.44377 415.53693
v 476.24604 -107.55623 415.53693
v 476.53402 -108.45623 414.94987
v 477.00000 -108.80000 414.00000
v 477.46598 -108.45623 413.05013
v 477.75396 -107.55623 412.46307
v 477.75396 -106.44377 412.46307
v 477.46598 -105.54377 413.05013
v 530.00000 -105.20000 440.00000
v 529.53402 -105.54377 440.94987
v 529.24604 -106.44377 441.53693
v 529.24604 -107.55623 441.53693
v 529.53402 -108.45623 440.94987
v 530.00000 -108.80000 440.00000
v 530.46598 -108.45623 439.05013
v 530.75396 -107.55623 438.46307
v 530.75396 -106.44377 438.46307
v 530.46598 -105.54377 439.05013
f 3261 3263 3262
f 3271 3272 3273
f 3261 3264 3263
f 3271 3273 3274
f 3261 3265 3264
f 3271 3274 3275
f 3261 3266 3265
f 3271 3275 3276
f 3261 3267 3266
f 3271 3276 3277
f 3261 3268 3267
f 3271 3277 3278
f 3261 3269 3268
f 3271 3278 3279
f 3261 3270 3269
f 3271 3279 3280
f 3261 3262 3272
f 3261 3272 3271
f 3262 3263 3273
f 3262 3273 3272
f 3263 3264 3274
f 3263 3274 3273
f 3264 3265 3275
f 3264 3275 3274
f 3265 3266 3276
f 3265 3276 3275
f 3266 3267 3277
f 3266 3277 3276
f 3267 3268 3278
f 3267 3278 3277
f 3268 3269 3279
f 3268 3279 3278
f 3269 3270 3280
f 3269 3280 3279
f 3270 3261 3271
f 3270 3271 3280
o Lamp_hanger_170
usemtl Dark
v -380.00000 -117.00000 414.00000
v -378.23664 -117.57295 414.00000
v -377.14683 -119.07295 414.00000
v -377.14683 -120.92705 414.00000
v -378.23664 -122.42705 414.00000
v -380.00000 -123.00000 414.00000
v -381.76336 -122.42705 414.00000
v -382.85317 -120.92705 414.00000
v -382.85317 -119.07295 414.00000
v -381.76336 -117.57295 414.00000
v -380.00000 -117.00000 386.00000
v -378.23664 -117.57295 386.00000
v -377.14683 -119.07295 386.00000
v -377.14683 -120.92705 386.00000
v -378.23664 -122.42705 386.00000
v -380.00000 -123.00000 386.00000
v -381.76336 -122.42705 386.00000
v -382.85317 -120.92705 386.00000
v -382.85317 -119.07295 386.00000
v -381.76336 -117.57295 386.00000
f 3281 3283 3282
f 3291 3292 3293
f 3281 3284 3283
f 3291 3293 3294
f 3281 3285 3284
f 3291 3294 3295
f 3281 3286 3285
f 3291 3295 3296
f 3281 3287 3286
f 3291 3296 3297
f 3281 3288 3287
f 3291 3297 3298
f 3281 3289 3288
f 3291 3298 3299
f 3281 3290 3289
f 3291 3299 3300
f 3281 3282 3292
f 3281 3292 3291
f 3282 3283 3293
f 3282 3293 3292
f 3283 3284 3294
f 3283 3294 3293
f 3284 3285 3295
f 3284 3295 3294
f 3285 3286 3296
f 3285 3296 3295
f 3286 3287 3297
f 3286 3297 3296
f 3287 3288 3298
f 3287 3298 3297
f 3288 3289 3299
f 3288 3299 3298
f 3289 3290 3300
f 3289 3300 3299
f 3290 3281 3291
f 3290 3291 3300
o Studio_softbox_171
usemtl Dark
v -409.00000 -143.00000 369.00000
v -351.00000 -143.00000 369.00000
v -351.00000 -97.00000 369.00000
v -409.00000 -97.00000 369.00000
v -409.00000 -143.00000 387.00000
v -351.00000 -143.00000 387.00000
v -351.00000 -97.00000 387.00000
v -409.00000 -97.00000 387.00000
f 3301 3303 3302
f 3301 3304 3303
f 3305 3306 3307
f 3305 3307 3308
f 3301 3302 3306
f 3301 3306 3305
f 3302 3303 3307
f 3302 3307 3306
f 3303 3304 3308
f 3303 3308 3307
f 3304 3301 3305
f 3304 3305 3308
o Softbox_diffuser_172
usemtl Light
v -405.00000 -139.50000 367.00000
v -355.00000 -139.50000 367.00000
v -355.00000 -100.50000 367.00000
v -405.00000 -100.50000 367.00000
v -405.00000 -139.50000 369.00000
v -355.00000 -139.50000 369.00000
v -355.00000 -100.50000 369.00000
v -405.00000 -100.50000 369.00000
f 3309 3311 3310
f 3309 3312 3311
f 3313 3314 3315
f 3313 3315 3316
f 3309 3310 3314
f 3309 3314 3313
f 3310 3311 3315
f 3310 3315 3314
f 3311 3312 3316
f 3311 3316 3315
f 3312 3309 3313
f 3312 3313 3316
o Lamp_hanger_173
usemtl Dark
v -190.00000 -117.00000 414.00000
v -188.23664 -117.57295 414.00000
v -187.14683 -119.07295 414.00000
v -187.14683 -120.92705 414.00000
v -188.23664 -122.42705 414.00000
v -190.00000 -123.00000 414.00000
v -191.76336 -122.42705 414.00000
v -192.85317 -120.92705 414.00000
v -192.85317 -119.07295 414.00000
v -191.76336 -117.57295 414.00000
v -190.00000 -117.00000 386.00000
v -188.23664 -117.57295 386.00000
v -187.14683 -119.07295 386.00000
v -187.14683 -120.92705 386.00000
v -188.23664 -122.42705 386.00000
v -190.00000 -123.00000 386.00000
v -191.76336 -122.42705 386.00000
v -192.85317 -120.92705 386.00000
v -192.85317 -119.07295 386.00000
v -191.76336 -117.57295 386.00000
f 3317 3319 3318
f 3327 3328 3329
f 3317 3320 3319
f 3327 3329 3330
f 3317 3321 3320
f 3327 3330 3331
f 3317 3322 3321
f 3327 3331 3332
f 3317 3323 3322
f 3327 3332 3333
f 3317 3324 3323
f 3327 3333 3334
f 3317 3325 3324
f 3327 3334 3335
f 3317 3326 3325
f 3327 3335 3336
f 3317 3318 3328
f 3317 3328 3327
f 3318 3319 3329
f 3318 3329 3328
f 3319 3320 3330
f 3319 3330 3329
f 3320 3321 3331
f 3320 3331 3330
f 3321 3322 3332
f 3321 3332 3331
f 3322 3323 3333
f 3322 3333 3332
f 3323 3324 3334
f 3323 3334 3333
f 3324 3325 3335
f 3324 3335 3334
f 3325 3326 3336
f 3325 3336 3335
f 3326 3317 3327
f 3326 3327 3336
o Studio_softbox_174
usemtl Dark
v -219.00000 -143.00000 369.00000
v -161.00000 -143.00000 369.00000
v -161.00000 -97.00000 369.00000
v -219.00000 -97.00000 369.00000
v -219.00000 -143.00000 387.00000
v -161.00000 -143.00000 387.00000
v -161.00000 -97.00000 387.00000
v -219.00000 -97.00000 387.00000
f 3337 3339 3338
f 3337 3340 3339
f 3341 3342 3343
f 3341 3343 3344
f 3337 3338 3342
f 3337 3342 3341
f 3338 3339 3343
f 3338 3343 3342
f 3339 3340 3344
f 3339 3344 3343
f 3340 3337 3341
f 3340 3341 3344
o Softbox_diffuser_175
usemtl Light
v -215.00000 -139.50000 367.00000
v -165.00000 -139.50000 367.00000
v -165.00000 -100.50000 367.00000
v -215.00000 -100.50000 367.00000
v -215.00000 -139.50000 369.00000
v -165.00000 -139.50000 369.00000
v -165.00000 -100.50000 369.00000
v -215.00000 -100.50000 369.00000
f 3345 3347 3346
f 3345 3348 3347
f 3349 3350 3351
f 3349 3351 3352
f 3345 3346 3350
f 3345 3350 3349
f 3346 3347 3351
f 3346 3351 3350
f 3347 3348 3352
f 3347 3352 3351
f 3348 3345 3349
f 3348 3349 3352
o Lamp_hanger_176
usemtl Dark
v 0.00000 -117.00000 414.00000
v 1.76336 -117.57295 414.00000
v 2.85317 -119.07295 414.00000
v 2.85317 -120.92705 414.00000
v 1.76336 -122.42705 414.00000
v 0.00000 -123.00000 414.00000
v -1.76336 -122.42705 414.00000
v -2.85317 -120.92705 414.00000
v -2.85317 -119.07295 414.00000
v -1.76336 -117.57295 414.00000
v 0.00000 -117.00000 386.00000
v 1.76336 -117.57295 386.00000
v 2.85317 -119.07295 386.00000
v 2.85317 -120.92705 386.00000
v 1.76336 -122.42705 386.00000
v 0.00000 -123.00000 386.00000
v -1.76336 -122.42705 386.00000
v -2.85317 -120.92705 386.00000
v -2.85317 -119.07295 386.00000
v -1.76336 -117.57295 386.00000
f 3353 3355 3354
f 3363 3364 3365
f 3353 3356 3355
f 3363 3365 3366
f 3353 3357 3356
f 3363 3366 3367
f 3353 3358 3357
f 3363 3367 3368
f 3353 3359 3358
f 3363 3368 3369
f 3353 3360 3359
f 3363 3369 3370
f 3353 3361 3360
f 3363 3370 3371
f 3353 3362 3361
f 3363 3371 3372
f 3353 3354 3364
f 3353 3364 3363
f 3354 3355 3365
f 3354 3365 3364
f 3355 3356 3366
f 3355 3366 3365
f 3356 3357 3367
f 3356 3367 3366
f 3357 3358 3368
f 3357 3368 3367
f 3358 3359 3369
f 3358 3369 3368
f 3359 3360 3370
f 3359 3370 3369
f 3360 3361 3371
f 3360 3371 3370
f 3361 3362 3372
f 3361 3372 3371
f 3362 3353 3363
f 3362 3363 3372
o Studio_softbox_177
usemtl Dark
v -29.00000 -143.00000 369.00000
v 29.00000 -143.00000 369.00000
v 29.00000 -97.00000 369.00000
v -29.00000 -97.00000 369.00000
v -29.00000 -143.00000 387.00000
v 29.00000 -143.00000 387.00000
v 29.00000 -97.00000 387.00000
v -29.00000 -97.00000 387.00000
f 3373 3375 3374
f 3373 3376 3375
f 3377 3378 3379
f 3377 3379 3380
f 3373 3374 3378
f 3373 3378 3377
f 3374 3375 3379
f 3374 3379 3378
f 3375 3376 3380
f 3375 3380 3379
f 3376 3373 3377
f 3376 3377 3380
o Softbox_diffuser_178
usemtl Light
v -25.00000 -139.50000 367.00000
v 25.00000 -139.50000 367.00000
v 25.00000 -100.50000 367.00000
v -25.00000 -100.50000 367.00000
v -25.00000 -139.50000 369.00000
v 25.00000 -139.50000 369.00000
v 25.00000 -100.50000 369.00000
v -25.00000 -100.50000 369.00000
f 3381 3383 3382
f 3381 3384 3383
f 3385 3386 3387
f 3385 3387 3388
f 3381 3382 3386
f 3381 3386 3385
f 3382 3383 3387
f 3382 3387 3386
f 3383 3384 3388
f 3383 3388 3387
f 3384 3381 3385
f 3384 3385 3388
o Lamp_hanger_179
usemtl Dark
v 190.00000 -117.00000 414.00000
v 191.76336 -117.57295 414.00000
v 192.85317 -119.07295 414.00000
v 192.85317 -120.92705 414.00000
v 191.76336 -122.42705 414.00000
v 190.00000 -123.00000 414.00000
v 188.23664 -122.42705 414.00000
v 187.14683 -120.92705 414.00000
v 187.14683 -119.07295 414.00000
v 188.23664 -117.57295 414.00000
v 190.00000 -117.00000 386.00000
v 191.76336 -117.57295 386.00000
v 192.85317 -119.07295 386.00000
v 192.85317 -120.92705 386.00000
v 191.76336 -122.42705 386.00000
v 190.00000 -123.00000 386.00000
v 188.23664 -122.42705 386.00000
v 187.14683 -120.92705 386.00000
v 187.14683 -119.07295 386.00000
v 188.23664 -117.57295 386.00000
f 3389 3391 3390
f 3399 3400 3401
f 3389 3392 3391
f 3399 3401 3402
f 3389 3393 3392
f 3399 3402 3403
f 3389 3394 3393
f 3399 3403 3404
f 3389 3395 3394
f 3399 3404 3405
f 3389 3396 3395
f 3399 3405 3406
f 3389 3397 3396
f 3399 3406 3407
f 3389 3398 3397
f 3399 3407 3408
f 3389 3390 3400
f 3389 3400 3399
f 3390 3391 3401
f 3390 3401 3400
f 3391 3392 3402
f 3391 3402 3401
f 3392 3393 3403
f 3392 3403 3402
f 3393 3394 3404
f 3393 3404 3403
f 3394 3395 3405
f 3394 3405 3404
f 3395 3396 3406
f 3395 3406 3405
f 3396 3397 3407
f 3396 3407 3406
f 3397 3398 3408
f 3397 3408 3407
f 3398 3389 3399
f 3398 3399 3408
o Studio_softbox_180
usemtl Dark
v 161.00000 -143.00000 369.00000
v 219.00000 -143.00000 369.00000
v 219.00000 -97.00000 369.00000
v 161.00000 -97.00000 369.00000
v 161.00000 -143.00000 387.00000
v 219.00000 -143.00000 387.00000
v 219.00000 -97.00000 387.00000
v 161.00000 -97.00000 387.00000
f 3409 3411 3410
f 3409 3412 3411
f 3413 3414 3415
f 3413 3415 3416
f 3409 3410 3414
f 3409 3414 3413
f 3410 3411 3415
f 3410 3415 3414
f 3411 3412 3416
f 3411 3416 3415
f 3412 3409 3413
f 3412 3413 3416
o Softbox_diffuser_181
usemtl Light
v 165.00000 -139.50000 367.00000
v 215.00000 -139.50000 367.00000
v 215.00000 -100.50000 367.00000
v 165.00000 -100.50000 367.00000
v 165.00000 -139.50000 369.00000
v 215.00000 -139.50000 369.00000
v 215.00000 -100.50000 369.00000
v 165.00000 -100.50000 369.00000
f 3417 3419 3418
f 3417 3420 3419
f 3421 3422 3423
f 3421 3423 3424
f 3417 3418 3422
f 3417 3422 3421
f 3418 3419 3423
f 3418 3423 3422
f 3419 3420 3424
f 3419 3424 3423
f 3420 3417 3421
f 3420 3421 3424
o Lamp_hanger_182
usemtl Dark
v 380.00000 -117.00000 414.00000
v 381.76336 -117.57295 414.00000
v 382.85317 -119.07295 414.00000
v 382.85317 -120.92705 414.00000
v 381.76336 -122.42705 414.00000
v 380.00000 -123.00000 414.00000
v 378.23664 -122.42705 414.00000
v 377.14683 -120.92705 414.00000
v 377.14683 -119.07295 414.00000
v 378.23664 -117.57295 414.00000
v 380.00000 -117.00000 386.00000
v 381.76336 -117.57295 386.00000
v 382.85317 -119.07295 386.00000
v 382.85317 -120.92705 386.00000
v 381.76336 -122.42705 386.00000
v 380.00000 -123.00000 386.00000
v 378.23664 -122.42705 386.00000
v 377.14683 -120.92705 386.00000
v 377.14683 -119.07295 386.00000
v 378.23664 -117.57295 386.00000
f 3425 3427 3426
f 3435 3436 3437
f 3425 3428 3427
f 3435 3437 3438
f 3425 3429 3428
f 3435 3438 3439
f 3425 3430 3429
f 3435 3439 3440
f 3425 3431 3430
f 3435 3440 3441
f 3425 3432 3431
f 3435 3441 3442
f 3425 3433 3432
f 3435 3442 3443
f 3425 3434 3433
f 3435 3443 3444
f 3425 3426 3436
f 3425 3436 3435
f 3426 3427 3437
f 3426 3437 3436
f 3427 3428 3438
f 3427 3438 3437
f 3428 3429 3439
f 3428 3439 3438
f 3429 3430 3440
f 3429 3440 3439
f 3430 3431 3441
f 3430 3441 3440
f 3431 3432 3442
f 3431 3442 3441
f 3432 3433 3443
f 3432 3443 3442
f 3433 3434 3444
f 3433 3444 3443
f 3434 3425 3435
f 3434 3435 3444
o Studio_softbox_183
usemtl Dark
v 351.00000 -143.00000 369.00000
v 409.00000 -143.00000 369.00000
v 409.00000 -97.00000 369.00000
v 351.00000 -97.00000 369.00000
v 351.00000 -143.00000 387.00000
v 409.00000 -143.00000 387.00000
v 409.00000 -97.00000 387.00000
v 351.00000 -97.00000 387.00000
f 3445 3447 3446
f 3445 3448 3447
f 3449 3450 3451
f 3449 3451 3452
f 3445 3446 3450
f 3445 3450 3449
f 3446 3447 3451
f 3446 3451 3450
f 3447 3448 3452
f 3447 3452 3451
f 3448 3445 3449
f 3448 3449 3452
o Softbox_diffuser_184
usemtl Light
v 355.00000 -139.50000 367.00000
v 405.00000 -139.50000 367.00000
v 405.00000 -100.50000 367.00000
v 355.00000 -100.50000 367.00000
v 355.00000 -139.50000 369.00000
v 405.00000 -139.50000 369.00000
v 405.00000 -100.50000 369.00000
v 355.00000 -100.50000 369.00000
f 3453 3455 3454
f 3453 3456 3455
f 3457 3458 3459
f 3457 3459 3460
f 3453 3454 3458
f 3453 3458 3457
f 3454 3455 3459
f 3454 3459 3458
f 3455 3456 3460
f 3455 3460 3459
f 3456 3453 3457
f 3456 3457 3460
o Truss_chord_185
usemtl Metal
v -530.00000 210.00000 414.00000
v -530.00000 209.42705 415.76336
v -530.00000 207.92705 416.85317
v -530.00000 206.07295 416.85317
v -530.00000 204.57295 415.76336
v -530.00000 204.00000 414.00000
v -530.00000 204.57295 412.23664
v -530.00000 206.07295 411.14683
v -530.00000 207.92705 411.14683
v -530.00000 209.42705 412.23664
v 530.00000 210.00000 414.00000
v 530.00000 209.42705 415.76336
v 530.00000 207.92705 416.85317
v 530.00000 206.07295 416.85317
v 530.00000 204.57295 415.76336
v 530.00000 204.00000 414.00000
v 530.00000 204.57295 412.23664
v 530.00000 206.07295 411.14683
v 530.00000 207.92705 411.14683
v 530.00000 209.42705 412.23664
f 3461 3463 3462
f 3471 3472 3473
f 3461 3464 3463
f 3471 3473 3474
f 3461 3465 3464
f 3471 3474 3475
f 3461 3466 3465
f 3471 3475 3476
f 3461 3467 3466
f 3471 3476 3477
f 3461 3468 3467
f 3471 3477 3478
f 3461 3469 3468
f 3471 3478 3479
f 3461 3470 3469
f 3471 3479 3480
f 3461 3462 3472
f 3461 3472 3471
f 3462 3463 3473
f 3462 3473 3472
f 3463 3464 3474
f 3463 3474 3473
f 3464 3465 3475
f 3464 3475 3474
f 3465 3466 3476
f 3465 3476 3475
f 3466 3467 3477
f 3466 3477 3476
f 3467 3468 3478
f 3467 3478 3477
f 3468 3469 3479
f 3468 3479 3478
f 3469 3470 3480
f 3469 3480 3479
f 3470 3461 3471
f 3470 3471 3480
o Truss_chord_186
usemtl Metal
v -530.00000 210.00000 440.00000
v -530.00000 209.42705 441.76336
v -530.00000 207.92705 442.85317
v -530.00000 206.07295 442.85317
v -530.00000 204.57295 441.76336
v -530.00000 204.00000 440.00000
v -530.00000 204.57295 438.23664
v -530.00000 206.07295 437.14683
v -530.00000 207.92705 437.14683
v -530.00000 209.42705 438.23664
v 530.00000 210.00000 440.00000
v 530.00000 209.42705 441.76336
v 530.00000 207.92705 442.85317
v 530.00000 206.07295 442.85317
v 530.00000 204.57295 441.76336
v 530.00000 204.00000 440.00000
v 530.00000 204.57295 438.23664
v 530.00000 206.07295 437.14683
v 530.00000 207.92705 437.14683
v 530.00000 209.42705 438.23664
f 3481 3483 3482
f 3491 3492 3493
f 3481 3484 3483
f 3491 3493 3494
f 3481 3485 3484
f 3491 3494 3495
f 3481 3486 3485
f 3491 3495 3496
f 3481 3487 3486
f 3491 3496 3497
f 3481 3488 3487
f 3491 3497 3498
f 3481 3489 3488
f 3491 3498 3499
f 3481 3490 3489
f 3491 3499 3500
f 3481 3482 3492
f 3481 3492 3491
f 3482 3483 3493
f 3482 3493 3492
f 3483 3484 3494
f 3483 3494 3493
f 3484 3485 3495
f 3484 3495 3494
f 3485 3486 3496
f 3485 3496 3495
f 3486 3487 3497
f 3486 3497 3496
f 3487 3488 3498
f 3487 3498 3497
f 3488 3489 3499
f 3488 3499 3498
f 3489 3490 3500
f 3489 3500 3499
f 3490 3481 3491
f 3490 3491 3500
o Truss_chord_187
usemtl Metal
v -530.00000 236.00000 414.00000
v -530.00000 235.42705 415.76336
v -530.00000 233.92705 416.85317
v -530.00000 232.07295 416.85317
v -530.00000 230.57295 415.76336
v -530.00000 230.00000 414.00000
v -530.00000 230.57295 412.23664
v -530.00000 232.07295 411.14683
v -530.00000 233.92705 411.14683
v -530.00000 235.42705 412.23664
v 530.00000 236.00000 414.00000
v 530.00000 235.42705 415.76336
v 530.00000 233.92705 416.85317
v 530.00000 232.07295 416.85317
v 530.00000 230.57295 415.76336
v 530.00000 230.00000 414.00000
v 530.00000 230.57295 412.23664
v 530.00000 232.07295 411.14683
v 530.00000 233.92705 411.14683
v 530.00000 235.42705 412.23664
f 3501 3503 3502
f 3511 3512 3513
f 3501 3504 3503
f 3511 3513 3514
f 3501 3505 3504
f 3511 3514 3515
f 3501 3506 3505
f 3511 3515 3516
f 3501 3507 3506
f 3511 3516 3517
f 3501 3508 3507
f 3511 3517 3518
f 3501 3509 3508
f 3511 3518 3519
f 3501 3510 3509
f 3511 3519 3520
f 3501 3502 3512
f 3501 3512 3511
f 3502 3503 3513
f 3502 3513 3512
f 3503 3504 3514
f 3503 3514 3513
f 3504 3505 3515
f 3504 3515 3514
f 3505 3506 3516
f 3505 3516 3515
f 3506 3507 3517
f 3506 3517 3516
f 3507 3508 3518
f 3507 3518 3517
f 3508 3509 3519
f 3508 3519 3518
f 3509 3510 3520
f 3509 3520 3519
f 3510 3501 3511
f 3510 3511 3520
o Truss_chord_188
usemtl Metal
v -530.00000 236.00000 440.00000
v -530.00000 235.42705 441.76336
v -530.00000 233.92705 442.85317
v -530.00000 232.07295 442.85317
v -530.00000 230.57295 441.76336
v -530.00000 230.00000 440.00000
v -530.00000 230.57295 438.23664
v -530.00000 232.07295 437.14683
v -530.00000 233.92705 437.14683
v -530.00000 235.42705 438.23664
v 530.00000 236.00000 440.00000
v 530.00000 235.42705 441.76336
v 530.00000 233.92705 442.85317
v 530.00000 232.07295 442.85317
v 530.00000 230.57295 441.76336
v 530.00000 230.00000 440.00000
v 530.00000 230.57295 438.23664
v 530.00000 232.07295 437.14683
v 530.00000 233.92705 437.14683
v 530.00000 235.42705 438.23664
f 3521 3523 3522
f 3531 3532 3533
f 3521 3524 3523
f 3531 3533 3534
f 3521 3525 3524
f 3531 3534 3535
f 3521 3526 3525
f 3531 3535 3536
f 3521 3527 3526
f 3531 3536 3537
f 3521 3528 3527
f 3531 3537 3538
f 3521 3529 3528
f 3531 3538 3539
f 3521 3530 3529
f 3531 3539 3540
f 3521 3522 3532
f 3521 3532 3531
f 3522 3523 3533
f 3522 3533 3532
f 3523 3524 3534
f 3523 3534 3533
f 3524 3525 3535
f 3524 3535 3534
f 3525 3526 3536
f 3525 3536 3535
f 3526 3527 3537
f 3526 3537 3536
f 3527 3528 3538
f 3527 3538 3537
f 3528 3529 3539
f 3528 3539 3538
f 3529 3530 3540
f 3529 3540 3539
f 3530 3521 3531
f 3530 3531 3540
o Truss_diagonal_189
usemtl Metal
v -530.00000 208.80000 414.00000
v -530.46598 208.45623 414.94987
v -530.75396 207.55623 415.53693
v -530.75396 206.44377 415.53693
v -530.46598 205.54377 414.94987
v -530.00000 205.20000 414.00000
v -529.53402 205.54377 413.05013
v -529.24604 206.44377 412.46307
v -529.24604 207.55623 412.46307
v -529.53402 208.45623 413.05013
v -477.00000 208.80000 440.00000
v -477.46598 208.45623 440.94987
v -477.75396 207.55623 441.53693
v -477.75396 206.44377 441.53693
v -477.46598 205.54377 440.94987
v -477.00000 205.20000 440.00000
v -476.53402 205.54377 439.05013
v -476.24604 206.44377 438.46307
v -476.24604 207.55623 438.46307
v -476.53402 208.45623 439.05013
f 3541 3543 3542
f 3551 3552 3553
f 3541 3544 3543
f 3551 3553 3554
f 3541 3545 3544
f 3551 3554 3555
f 3541 3546 3545
f 3551 3555 3556
f 3541 3547 3546
f 3551 3556 3557
f 3541 3548 3547
f 3551 3557 3558
f 3541 3549 3548
f 3551 3558 3559
f 3541 3550 3549
f 3551 3559 3560
f 3541 3542 3552
f 3541 3552 3551
f 3542 3543 3553
f 3542 3553 3552
f 3543 3544 3554
f 3543 3554 3553
f 3544 3545 3555
f 3544 3555 3554
f 3545 3546 3556
f 3545 3556 3555
f 3546 3547 3557
f 3546 3557 3556
f 3547 3548 3558
f 3547 3558 3557
f 3548 3549 3559
f 3548 3559 3558
f 3549 3550 3560
f 3549 3560 3559
f 3550 3541 3551
f 3550 3551 3560
o Truss_diagonal_190
usemtl Metal
v -530.00000 234.80000 414.00000
v -530.46598 234.45623 414.94987
v -530.75396 233.55623 415.53693
v -530.75396 232.44377 415.53693
v -530.46598 231.54377 414.94987
v -530.00000 231.20000 414.00000
v -529.53402 231.54377 413.05013
v -529.24604 232.44377 412.46307
v -529.24604 233.55623 412.46307
v -529.53402 234.45623 413.05013
v -477.00000 234.80000 440.00000
v -477.46598 234.45623 440.94987
v -477.75396 233.55623 441.53693
v -477.75396 232.44377 441.53693
v -477.46598 231.54377 440.94987
v -477.00000 231.20000 440.00000
v -476.53402 231.54377 439.05013
v -476.24604 232.44377 438.46307
v -476.24604 233.55623 438.46307
v -476.53402 234.45623 439.05013
f 3561 3563 3562
f 3571 3572 3573
f 3561 3564 3563
f 3571 3573 3574
f 3561 3565 3564
f 3571 3574 3575
f 3561 3566 3565
f 3571 3575 3576
f 3561 3567 3566
f 3571 3576 3577
f 3561 3568 3567
f 3571 3577 3578
f 3561 3569 3568
f 3571 3578 3579
f 3561 3570 3569
f 3571 3579 3580
f 3561 3562 3572
f 3561 3572 3571
f 3562 3563 3573
f 3562 3573 3572
f 3563 3564 3574
f 3563 3574 3573
f 3564 3565 3575
f 3564 3575 3574
f 3565 3566 3576
f 3565 3576 3575
f 3566 3567 3577
f 3566 3577 3576
f 3567 3568 3578
f 3567 3578 3577
f 3568 3569 3579
f 3568 3579 3578
f 3569 3570 3580
f 3569 3580 3579
f 3570 3561 3571
f 3570 3571 3580
o Truss_diagonal_191
usemtl Metal
v -477.00000 208.80000 414.00000
v -477.46598 208.45623 414.94987
v -477.75396 207.55623 415.53693
v -477.75396 206.44377 415.53693
v -477.46598 205.54377 414.94987
v -477.00000 205.20000 414.00000
v -476.53402 205.54377 413.05013
v -476.24604 206.44377 412.46307
v -476.24604 207.55623 412.46307
v -476.53402 208.45623 413.05013
v -424.00000 208.80000 440.00000
v -424.46598 208.45623 440.94987
v -424.75396 207.55623 441.53693
v -424.75396 206.44377 441.53693
v -424.46598 205.54377 440.94987
v -424.00000 205.20000 440.00000
v -423.53402 205.54377 439.05013
v -423.24604 206.44377 438.46307
v -423.24604 207.55623 438.46307
v -423.53402 208.45623 439.05013
f 3581 3583 3582
f 3591 3592 3593
f 3581 3584 3583
f 3591 3593 3594
f 3581 3585 3584
f 3591 3594 3595
f 3581 3586 3585
f 3591 3595 3596
f 3581 3587 3586
f 3591 3596 3597
f 3581 3588 3587
f 3591 3597 3598
f 3581 3589 3588
f 3591 3598 3599
f 3581 3590 3589
f 3591 3599 3600
f 3581 3582 3592
f 3581 3592 3591
f 3582 3583 3593
f 3582 3593 3592
f 3583 3584 3594
f 3583 3594 3593
f 3584 3585 3595
f 3584 3595 3594
f 3585 3586 3596
f 3585 3596 3595
f 3586 3587 3597
f 3586 3597 3596
f 3587 3588 3598
f 3587 3598 3597
f 3588 3589 3599
f 3588 3599 3598
f 3589 3590 3600
f 3589 3600 3599
f 3590 3581 3591
f 3590 3591 3600
o Truss_diagonal_192
usemtl Metal
v -477.00000 234.80000 414.00000
v -477.46598 234.45623 414.94987
v -477.75396 233.55623 415.53693
v -477.75396 232.44377 415.53693
v -477.46598 231.54377 414.94987
v -477.00000 231.20000 414.00000
v -476.53402 231.54377 413.05013
v -476.24604 232.44377 412.46307
v -476.24604 233.55623 412.46307
v -476.53402 234.45623 413.05013
v -424.00000 234.80000 440.00000
v -424.46598 234.45623 440.94987
v -424.75396 233.55623 441.53693
v -424.75396 232.44377 441.53693
v -424.46598 231.54377 440.94987
v -424.00000 231.20000 440.00000
v -423.53402 231.54377 439.05013
v -423.24604 232.44377 438.46307
v -423.24604 233.55623 438.46307
v -423.53402 234.45623 439.05013
f 3601 3603 3602
f 3611 3612 3613
f 3601 3604 3603
f 3611 3613 3614
f 3601 3605 3604
f 3611 3614 3615
f 3601 3606 3605
f 3611 3615 3616
f 3601 3607 3606
f 3611 3616 3617
f 3601 3608 3607
f 3611 3617 3618
f 3601 3609 3608
f 3611 3618 3619
f 3601 3610 3609
f 3611 3619 3620
f 3601 3602 3612
f 3601 3612 3611
f 3602 3603 3613
f 3602 3613 3612
f 3603 3604 3614
f 3603 3614 3613
f 3604 3605 3615
f 3604 3615 3614
f 3605 3606 3616
f 3605 3616 3615
f 3606 3607 3617
f 3606 3617 3616
f 3607 3608 3618
f 3607 3618 3617
f 3608 3609 3619
f 3608 3619 3618
f 3609 3610 3620
f 3609 3620 3619
f 3610 3601 3611
f 3610 3611 3620
o Truss_diagonal_193
usemtl Metal
v -424.00000 208.80000 414.00000
v -424.46598 208.45623 414.94987
v -424.75396 207.55623 415.53693
v -424.75396 206.44377 415.53693
v -424.46598 205.54377 414.94987
v -424.00000 205.20000 414.00000
v -423.53402 205.54377 413.05013
v -423.24604 206.44377 412.46307
v -423.24604 207.55623 412.46307
v -423.53402 208.45623 413.05013
v -371.00000 208.80000 440.00000
v -371.46598 208.45623 440.94987
v -371.75396 207.55623 441.53693
v -371.75396 206.44377 441.53693
v -371.46598 205.54377 440.94987
v -371.00000 205.20000 440.00000
v -370.53402 205.54377 439.05013
v -370.24604 206.44377 438.46307
v -370.24604 207.55623 438.46307
v -370.53402 208.45623 439.05013
f 3621 3623 3622
f 3631 3632 3633
f 3621 3624 3623
f 3631 3633 3634
f 3621 3625 3624
f 3631 3634 3635
f 3621 3626 3625
f 3631 3635 3636
f 3621 3627 3626
f 3631 3636 3637
f 3621 3628 3627
f 3631 3637 3638
f 3621 3629 3628
f 3631 3638 3639
f 3621 3630 3629
f 3631 3639 3640
f 3621 3622 3632
f 3621 3632 3631
f 3622 3623 3633
f 3622 3633 3632
f 3623 3624 3634
f 3623 3634 3633
f 3624 3625 3635
f 3624 3635 3634
f 3625 3626 3636
f 3625 3636 3635
f 3626 3627 3637
f 3626 3637 3636
f 3627 3628 3638
f 3627 3638 3637
f 3628 3629 3639
f 3628 3639 3638
f 3629 3630 3640
f 3629 3640 3639
f 3630 3621 3631
f 3630 3631 3640
o Truss_diagonal_194
usemtl Metal
v -424.00000 234.80000 414.00000
v -424.46598 234.45623 414.94987
v -424.75396 233.55623 415.53693
v -424.75396 232.44377 415.53693
v -424.46598 231.54377 414.94987
v -424.00000 231.20000 414.00000
v -423.53402 231.54377 413.05013
v -423.24604 232.44377 412.46307
v -423.24604 233.55623 412.46307
v -423.53402 234.45623 413.05013
v -371.00000 234.80000 440.00000
v -371.46598 234.45623 440.94987
v -371.75396 233.55623 441.53693
v -371.75396 232.44377 441.53693
v -371.46598 231.54377 440.94987
v -371.00000 231.20000 440.00000
v -370.53402 231.54377 439.05013
v -370.24604 232.44377 438.46307
v -370.24604 233.55623 438.46307
v -370.53402 234.45623 439.05013
f 3641 3643 3642
f 3651 3652 3653
f 3641 3644 3643
f 3651 3653 3654
f 3641 3645 3644
f 3651 3654 3655
f 3641 3646 3645
f 3651 3655 3656
f 3641 3647 3646
f 3651 3656 3657
f 3641 3648 3647
f 3651 3657 3658
f 3641 3649 3648
f 3651 3658 3659
f 3641 3650 3649
f 3651 3659 3660
f 3641 3642 3652
f 3641 3652 3651
f 3642 3643 3653
f 3642 3653 3652
f 3643 3644 3654
f 3643 3654 3653
f 3644 3645 3655
f 3644 3655 3654
f 3645 3646 3656
f 3645 3656 3655
f 3646 3647 3657
f 3646 3657 3656
f 3647 3648 3658
f 3647 3658 3657
f 3648 3649 3659
f 3648 3659 3658
f 3649 3650 3660
f 3649 3660 3659
f 3650 3641 3651
f 3650 3651 3660
o Truss_diagonal_195
usemtl Metal
v -371.00000 208.80000 414.00000
v -371.46598 208.45623 414.94987
v -371.75396 207.55623 415.53693
v -371.75396 206.44377 415.53693
v -371.46598 205.54377 414.94987
v -371.00000 205.20000 414.00000
v -370.53402 205.54377 413.05013
v -370.24604 206.44377 412.46307
v -370.24604 207.55623 412.46307
v -370.53402 208.45623 413.05013
v -318.00000 208.80000 440.00000
v -318.46598 208.45623 440.94987
v -318.75396 207.55623 441.53693
v -318.75396 206.44377 441.53693
v -318.46598 205.54377 440.94987
v -318.00000 205.20000 440.00000
v -317.53402 205.54377 439.05013
v -317.24604 206.44377 438.46307
v -317.24604 207.55623 438.46307
v -317.53402 208.45623 439.05013
f 3661 3663 3662
f 3671 3672 3673
f 3661 3664 3663
f 3671 3673 3674
f 3661 3665 3664
f 3671 3674 3675
f 3661 3666 3665
f 3671 3675 3676
f 3661 3667 3666
f 3671 3676 3677
f 3661 3668 3667
f 3671 3677 3678
f 3661 3669 3668
f 3671 3678 3679
f 3661 3670 3669
f 3671 3679 3680
f 3661 3662 3672
f 3661 3672 3671
f 3662 3663 3673
f 3662 3673 3672
f 3663 3664 3674
f 3663 3674 3673
f 3664 3665 3675
f 3664 3675 3674
f 3665 3666 3676
f 3665 3676 3675
f 3666 3667 3677
f 3666 3677 3676
f 3667 3668 3678
f 3667 3678 3677
f 3668 3669 3679
f 3668 3679 3678
f 3669 3670 3680
f 3669 3680 3679
f 3670 3661 3671
f 3670 3671 3680
o Truss_diagonal_196
usemtl Metal
v -371.00000 234.80000 414.00000
v -371.46598 234.45623 414.94987
v -371.75396 233.55623 415.53693
v -371.75396 232.44377 415.53693
v -371.46598 231.54377 414.94987
v -371.00000 231.20000 414.00000
v -370.53402 231.54377 413.05013
v -370.24604 232.44377 412.46307
v -370.24604 233.55623 412.46307
v -370.53402 234.45623 413.05013
v -318.00000 234.80000 440.00000
v -318.46598 234.45623 440.94987
v -318.75396 233.55623 441.53693
v -318.75396 232.44377 441.53693
v -318.46598 231.54377 440.94987
v -318.00000 231.20000 440.00000
v -317.53402 231.54377 439.05013
v -317.24604 232.44377 438.46307
v -317.24604 233.55623 438.46307
v -317.53402 234.45623 439.05013
f 3681 3683 3682
f 3691 3692 3693
f 3681 3684 3683
f 3691 3693 3694
f 3681 3685 3684
f 3691 3694 3695
f 3681 3686 3685
f 3691 3695 3696
f 3681 3687 3686
f 3691 3696 3697
f 3681 3688 3687
f 3691 3697 3698
f 3681 3689 3688
f 3691 3698 3699
f 3681 3690 3689
f 3691 3699 3700
f 3681 3682 3692
f 3681 3692 3691
f 3682 3683 3693
f 3682 3693 3692
f 3683 3684 3694
f 3683 3694 3693
f 3684 3685 3695
f 3684 3695 3694
f 3685 3686 3696
f 3685 3696 3695
f 3686 3687 3697
f 3686 3697 3696
f 3687 3688 3698
f 3687 3698 3697
f 3688 3689 3699
f 3688 3699 3698
f 3689 3690 3700
f 3689 3700 3699
f 3690 3681 3691
f 3690 3691 3700
o Truss_diagonal_197
usemtl Metal
v -318.00000 208.80000 414.00000
v -318.46598 208.45623 414.94987
v -318.75396 207.55623 415.53693
v -318.75396 206.44377 415.53693
v -318.46598 205.54377 414.94987
v -318.00000 205.20000 414.00000
v -317.53402 205.54377 413.05013
v -317.24604 206.44377 412.46307
v -317.24604 207.55623 412.46307
v -317.53402 208.45623 413.05013
v -265.00000 208.80000 440.00000
v -265.46598 208.45623 440.94987
v -265.75396 207.55623 441.53693
v -265.75396 206.44377 441.53693
v -265.46598 205.54377 440.94987
v -265.00000 205.20000 440.00000
v -264.53402 205.54377 439.05013
v -264.24604 206.44377 438.46307
v -264.24604 207.55623 438.46307
v -264.53402 208.45623 439.05013
f 3701 3703 3702
f 3711 3712 3713
f 3701 3704 3703
f 3711 3713 3714
f 3701 3705 3704
f 3711 3714 3715
f 3701 3706 3705
f 3711 3715 3716
f 3701 3707 3706
f 3711 3716 3717
f 3701 3708 3707
f 3711 3717 3718
f 3701 3709 3708
f 3711 3718 3719
f 3701 3710 3709
f 3711 3719 3720
f 3701 3702 3712
f 3701 3712 3711
f 3702 3703 3713
f 3702 3713 3712
f 3703 3704 3714
f 3703 3714 3713
f 3704 3705 3715
f 3704 3715 3714
f 3705 3706 3716
f 3705 3716 3715
f 3706 3707 3717
f 3706 3717 3716
f 3707 3708 3718
f 3707 3718 3717
f 3708 3709 3719
f 3708 3719 3718
f 3709 3710 3720
f 3709 3720 3719
f 3710 3701 3711
f 3710 3711 3720
o Truss_diagonal_198
usemtl Metal
v -318.00000 234.80000 414.00000
v -318.46598 234.45623 414.94987
v -318.75396 233.55623 415.53693
v -318.75396 232.44377 415.53693
v -318.46598 231.54377 414.94987
v -318.00000 231.20000 414.00000
v -317.53402 231.54377 413.05013
v -317.24604 232.44377 412.46307
v -317.24604 233.55623 412.46307
v -317.53402 234.45623 413.05013
v -265.00000 234.80000 440.00000
v -265.46598 234.45623 440.94987
v -265.75396 233.55623 441.53693
v -265.75396 232.44377 441.53693
v -265.46598 231.54377 440.94987
v -265.00000 231.20000 440.00000
v -264.53402 231.54377 439.05013
v -264.24604 232.44377 438.46307
v -264.24604 233.55623 438.46307
v -264.53402 234.45623 439.05013
f 3721 3723 3722
f 3731 3732 3733
f 3721 3724 3723
f 3731 3733 3734
f 3721 3725 3724
f 3731 3734 3735
f 3721 3726 3725
f 3731 3735 3736
f 3721 3727 3726
f 3731 3736 3737
f 3721 3728 3727
f 3731 3737 3738
f 3721 3729 3728
f 3731 3738 3739
f 3721 3730 3729
f 3731 3739 3740
f 3721 3722 3732
f 3721 3732 3731
f 3722 3723 3733
f 3722 3733 3732
f 3723 3724 3734
f 3723 3734 3733
f 3724 3725 3735
f 3724 3735 3734
f 3725 3726 3736
f 3725 3736 3735
f 3726 3727 3737
f 3726 3737 3736
f 3727 3728 3738
f 3727 3738 3737
f 3728 3729 3739
f 3728 3739 3738
f 3729 3730 3740
f 3729 3740 3739
f 3730 3721 3731
f 3730 3731 3740
o Truss_diagonal_199
usemtl Metal
v -265.00000 208.80000 414.00000
v -265.46598 208.45623 414.94987
v -265.75396 207.55623 415.53693
v -265.75396 206.44377 415.53693
v -265.46598 205.54377 414.94987
v -265.00000 205.20000 414.00000
v -264.53402 205.54377 413.05013
v -264.24604 206.44377 412.46307
v -264.24604 207.55623 412.46307
v -264.53402 208.45623 413.05013
v -212.00000 208.80000 440.00000
v -212.46598 208.45623 440.94987
v -212.75396 207.55623 441.53693
v -212.75396 206.44377 441.53693
v -212.46598 205.54377 440.94987
v -212.00000 205.20000 440.00000
v -211.53402 205.54377 439.05013
v -211.24604 206.44377 438.46307
v -211.24604 207.55623 438.46307
v -211.53402 208.45623 439.05013
f 3741 3743 3742
f 3751 3752 3753
f 3741 3744 3743
f 3751 3753 3754
f 3741 3745 3744
f 3751 3754 3755
f 3741 3746 3745
f 3751 3755 3756
f 3741 3747 3746
f 3751 3756 3757
f 3741 3748 3747
f 3751 3757 3758
f 3741 3749 3748
f 3751 3758 3759
f 3741 3750 3749
f 3751 3759 3760
f 3741 3742 3752
f 3741 3752 3751
f 3742 3743 3753
f 3742 3753 3752
f 3743 3744 3754
f 3743 3754 3753
f 3744 3745 3755
f 3744 3755 3754
f 3745 3746 3756
f 3745 3756 3755
f 3746 3747 3757
f 3746 3757 3756
f 3747 3748 3758
f 3747 3758 3757
f 3748 3749 3759
f 3748 3759 3758
f 3749 3750 3760
f 3749 3760 3759
f 3750 3741 3751
f 3750 3751 3760
o Truss_diagonal_200
usemtl Metal
v -265.00000 234.80000 414.00000
v -265.46598 234.45623 414.94987
v -265.75396 233.55623 415.53693
v -265.75396 232.44377 415.53693
v -265.46598 231.54377 414.94987
v -265.00000 231.20000 414.00000
v -264.53402 231.54377 413.05013
v -264.24604 232.44377 412.46307
v -264.24604 233.55623 412.46307
v -264.53402 234.45623 413.05013
v -212.00000 234.80000 440.00000
v -212.46598 234.45623 440.94987
v -212.75396 233.55623 441.53693
v -212.75396 232.44377 441.53693
v -212.46598 231.54377 440.94987
v -212.00000 231.20000 440.00000
v -211.53402 231.54377 439.05013
v -211.24604 232.44377 438.46307
v -211.24604 233.55623 438.46307
v -211.53402 234.45623 439.05013
f 3761 3763 3762
f 3771 3772 3773
f 3761 3764 3763
f 3771 3773 3774
f 3761 3765 3764
f 3771 3774 3775
f 3761 3766 3765
f 3771 3775 3776
f 3761 3767 3766
f 3771 3776 3777
f 3761 3768 3767
f 3771 3777 3778
f 3761 3769 3768
f 3771 3778 3779
f 3761 3770 3769
f 3771 3779 3780
f 3761 3762 3772
f 3761 3772 3771
f 3762 3763 3773
f 3762 3773 3772
f 3763 3764 3774
f 3763 3774 3773
f 3764 3765 3775
f 3764 3775 3774
f 3765 3766 3776
f 3765 3776 3775
f 3766 3767 3777
f 3766 3777 3776
f 3767 3768 3778
f 3767 3778 3777
f 3768 3769 3779
f 3768 3779 3778
f 3769 3770 3780
f 3769 3780 3779
f 3770 3761 3771
f 3770 3771 3780
o Truss_diagonal_201
usemtl Metal
v -212.00000 208.80000 414.00000
v -212.46598 208.45623 414.94987
v -212.75396 207.55623 415.53693
v -212.75396 206.44377 415.53693
v -212.46598 205.54377 414.94987
v -212.00000 205.20000 414.00000
v -211.53402 205.54377 413.05013
v -211.24604 206.44377 412.46307
v -211.24604 207.55623 412.46307
v -211.53402 208.45623 413.05013
v -159.00000 208.80000 440.00000
v -159.46598 208.45623 440.94987
v -159.75396 207.55623 441.53693
v -159.75396 206.44377 441.53693
v -159.46598 205.54377 440.94987
v -159.00000 205.20000 440.00000
v -158.53402 205.54377 439.05013
v -158.24604 206.44377 438.46307
v -158.24604 207.55623 438.46307
v -158.53402 208.45623 439.05013
f 3781 3783 3782
f 3791 3792 3793
f 3781 3784 3783
f 3791 3793 3794
f 3781 3785 3784
f 3791 3794 3795
f 3781 3786 3785
f 3791 3795 3796
f 3781 3787 3786
f 3791 3796 3797
f 3781 3788 3787
f 3791 3797 3798
f 3781 3789 3788
f 3791 3798 3799
f 3781 3790 3789
f 3791 3799 3800
f 3781 3782 3792
f 3781 3792 3791
f 3782 3783 3793
f 3782 3793 3792
f 3783 3784 3794
f 3783 3794 3793
f 3784 3785 3795
f 3784 3795 3794
f 3785 3786 3796
f 3785 3796 3795
f 3786 3787 3797
f 3786 3797 3796
f 3787 3788 3798
f 3787 3798 3797
f 3788 3789 3799
f 3788 3799 3798
f 3789 3790 3800
f 3789 3800 3799
f 3790 3781 3791
f 3790 3791 3800
o Truss_diagonal_202
usemtl Metal
v -212.00000 234.80000 414.00000
v -212.46598 234.45623 414.94987
v -212.75396 233.55623 415.53693
v -212.75396 232.44377 415.53693
v -212.46598 231.54377 414.94987
v -212.00000 231.20000 414.00000
v -211.53402 231.54377 413.05013
v -211.24604 232.44377 412.46307
v -211.24604 233.55623 412.46307
v -211.53402 234.45623 413.05013
v -159.00000 234.80000 440.00000
v -159.46598 234.45623 440.94987
v -159.75396 233.55623 441.53693
v -159.75396 232.44377 441.53693
v -159.46598 231.54377 440.94987
v -159.00000 231.20000 440.00000
v -158.53402 231.54377 439.05013
v -158.24604 232.44377 438.46307
v -158.24604 233.55623 438.46307
v -158.53402 234.45623 439.05013
f 3801 3803 3802
f 3811 3812 3813
f 3801 3804 3803
f 3811 3813 3814
f 3801 3805 3804
f 3811 3814 3815
f 3801 3806 3805
f 3811 3815 3816
f 3801 3807 3806
f 3811 3816 3817
f 3801 3808 3807
f 3811 3817 3818
f 3801 3809 3808
f 3811 3818 3819
f 3801 3810 3809
f 3811 3819 3820
f 3801 3802 3812
f 3801 3812 3811
f 3802 3803 3813
f 3802 3813 3812
f 3803 3804 3814
f 3803 3814 3813
f 3804 3805 3815
f 3804 3815 3814
f 3805 3806 3816
f 3805 3816 3815
f 3806 3807 3817
f 3806 3817 3816
f 3807 3808 3818
f 3807 3818 3817
f 3808 3809 3819
f 3808 3819 3818
f 3809 3810 3820
f 3809 3820 3819
f 3810 3801 3811
f 3810 3811 3820
o Truss_diagonal_203
usemtl Metal
v -159.00000 208.80000 414.00000
v -159.46598 208.45623 414.94987
v -159.75396 207.55623 415.53693
v -159.75396 206.44377 415.53693
v -159.46598 205.54377 414.94987
v -159.00000 205.20000 414.00000
v -158.53402 205.54377 413.05013
v -158.24604 206.44377 412.46307
v -158.24604 207.55623 412.46307
v -158.53402 208.45623 413.05013
v -106.00000 208.80000 440.00000
v -106.46598 208.45623 440.94987
v -106.75396 207.55623 441.53693
v -106.75396 206.44377 441.53693
v -106.46598 205.54377 440.94987
v -106.00000 205.20000 440.00000
v -105.53402 205.54377 439.05013
v -105.24604 206.44377 438.46307
v -105.24604 207.55623 438.46307
v -105.53402 208.45623 439.05013
f 3821 3823 3822
f 3831 3832 3833
f 3821 3824 3823
f 3831 3833 3834
f 3821 3825 3824
f 3831 3834 3835
f 3821 3826 3825
f 3831 3835 3836
f 3821 3827 3826
f 3831 3836 3837
f 3821 3828 3827
f 3831 3837 3838
f 3821 3829 3828
f 3831 3838 3839
f 3821 3830 3829
f 3831 3839 3840
f 3821 3822 3832
f 3821 3832 3831
f 3822 3823 3833
f 3822 3833 3832
f 3823 3824 3834
f 3823 3834 3833
f 3824 3825 3835
f 3824 3835 3834
f 3825 3826 3836
f 3825 3836 3835
f 3826 3827 3837
f 3826 3837 3836
f 3827 3828 3838
f 3827 3838 3837
f 3828 3829 3839
f 3828 3839 3838
f 3829 3830 3840
f 3829 3840 3839
f 3830 3821 3831
f 3830 3831 3840
o Truss_diagonal_204
usemtl Metal
v -159.00000 234.80000 414.00000
v -159.46598 234.45623 414.94987
v -159.75396 233.55623 415.53693
v -159.75396 232.44377 415.53693
v -159.46598 231.54377 414.94987
v -159.00000 231.20000 414.00000
v -158.53402 231.54377 413.05013
v -158.24604 232.44377 412.46307
v -158.24604 233.55623 412.46307
v -158.53402 234.45623 413.05013
v -106.00000 234.80000 440.00000
v -106.46598 234.45623 440.94987
v -106.75396 233.55623 441.53693
v -106.75396 232.44377 441.53693
v -106.46598 231.54377 440.94987
v -106.00000 231.20000 440.00000
v -105.53402 231.54377 439.05013
v -105.24604 232.44377 438.46307
v -105.24604 233.55623 438.46307
v -105.53402 234.45623 439.05013
f 3841 3843 3842
f 3851 3852 3853
f 3841 3844 3843
f 3851 3853 3854
f 3841 3845 3844
f 3851 3854 3855
f 3841 3846 3845
f 3851 3855 3856
f 3841 3847 3846
f 3851 3856 3857
f 3841 3848 3847
f 3851 3857 3858
f 3841 3849 3848
f 3851 3858 3859
f 3841 3850 3849
f 3851 3859 3860
f 3841 3842 3852
f 3841 3852 3851
f 3842 3843 3853
f 3842 3853 3852
f 3843 3844 3854
f 3843 3854 3853
f 3844 3845 3855
f 3844 3855 3854
f 3845 3846 3856
f 3845 3856 3855
f 3846 3847 3857
f 3846 3857 3856
f 3847 3848 3858
f 3847 3858 3857
f 3848 3849 3859
f 3848 3859 3858
f 3849 3850 3860
f 3849 3860 3859
f 3850 3841 3851
f 3850 3851 3860
o Truss_diagonal_205
usemtl Metal
v -106.00000 208.80000 414.00000
v -106.46598 208.45623 414.94987
v -106.75396 207.55623 415.53693
v -106.75396 206.44377 415.53693
v -106.46598 205.54377 414.94987
v -106.00000 205.20000 414.00000
v -105.53402 205.54377 413.05013
v -105.24604 206.44377 412.46307
v -105.24604 207.55623 412.46307
v -105.53402 208.45623 413.05013
v -53.00000 208.80000 440.00000
v -53.46598 208.45623 440.94987
v -53.75396 207.55623 441.53693
v -53.75396 206.44377 441.53693
v -53.46598 205.54377 440.94987
v -53.00000 205.20000 440.00000
v -52.53402 205.54377 439.05013
v -52.24604 206.44377 438.46307
v -52.24604 207.55623 438.46307
v -52.53402 208.45623 439.05013
f 3861 3863 3862
f 3871 3872 3873
f 3861 3864 3863
f 3871 3873 3874
f 3861 3865 3864
f 3871 3874 3875
f 3861 3866 3865
f 3871 3875 3876
f 3861 3867 3866
f 3871 3876 3877
f 3861 3868 3867
f 3871 3877 3878
f 3861 3869 3868
f 3871 3878 3879
f 3861 3870 3869
f 3871 3879 3880
f 3861 3862 3872
f 3861 3872 3871
f 3862 3863 3873
f 3862 3873 3872
f 3863 3864 3874
f 3863 3874 3873
f 3864 3865 3875
f 3864 3875 3874
f 3865 3866 3876
f 3865 3876 3875
f 3866 3867 3877
f 3866 3877 3876
f 3867 3868 3878
f 3867 3878 3877
f 3868 3869 3879
f 3868 3879 3878
f 3869 3870 3880
f 3869 3880 3879
f 3870 3861 3871
f 3870 3871 3880
o Truss_diagonal_206
usemtl Metal
v -106.00000 234.80000 414.00000
v -106.46598 234.45623 414.94987
v -106.75396 233.55623 415.53693
v -106.75396 232.44377 415.53693
v -106.46598 231.54377 414.94987
v -106.00000 231.20000 414.00000
v -105.53402 231.54377 413.05013
v -105.24604 232.44377 412.46307
v -105.24604 233.55623 412.46307
v -105.53402 234.45623 413.05013
v -53.00000 234.80000 440.00000
v -53.46598 234.45623 440.94987
v -53.75396 233.55623 441.53693
v -53.75396 232.44377 441.53693
v -53.46598 231.54377 440.94987
v -53.00000 231.20000 440.00000
v -52.53402 231.54377 439.05013
v -52.24604 232.44377 438.46307
v -52.24604 233.55623 438.46307
v -52.53402 234.45623 439.05013
f 3881 3883 3882
f 3891 3892 3893
f 3881 3884 3883
f 3891 3893 3894
f 3881 3885 3884
f 3891 3894 3895
f 3881 3886 3885
f 3891 3895 3896
f 3881 3887 3886
f 3891 3896 3897
f 3881 3888 3887
f 3891 3897 3898
f 3881 3889 3888
f 3891 3898 3899
f 3881 3890 3889
f 3891 3899 3900
f 3881 3882 3892
f 3881 3892 3891
f 3882 3883 3893
f 3882 3893 3892
f 3883 3884 3894
f 3883 3894 3893
f 3884 3885 3895
f 3884 3895 3894
f 3885 3886 3896
f 3885 3896 3895
f 3886 3887 3897
f 3886 3897 3896
f 3887 3888 3898
f 3887 3898 3897
f 3888 3889 3899
f 3888 3899 3898
f 3889 3890 3900
f 3889 3900 3899
f 3890 3881 3891
f 3890 3891 3900
o Truss_diagonal_207
usemtl Metal
v -53.00000 208.80000 414.00000
v -53.46598 208.45623 414.94987
v -53.75396 207.55623 415.53693
v -53.75396 206.44377 415.53693
v -53.46598 205.54377 414.94987
v -53.00000 205.20000 414.00000
v -52.53402 205.54377 413.05013
v -52.24604 206.44377 412.46307
v -52.24604 207.55623 412.46307
v -52.53402 208.45623 413.05013
v 0.00000 208.80000 440.00000
v -0.46598 208.45623 440.94987
v -0.75396 207.55623 441.53693
v -0.75396 206.44377 441.53693
v -0.46598 205.54377 440.94987
v -0.00000 205.20000 440.00000
v 0.46598 205.54377 439.05013
v 0.75396 206.44377 438.46307
v 0.75396 207.55623 438.46307
v 0.46598 208.45623 439.05013
f 3901 3903 3902
f 3911 3912 3913
f 3901 3904 3903
f 3911 3913 3914
f 3901 3905 3904
f 3911 3914 3915
f 3901 3906 3905
f 3911 3915 3916
f 3901 3907 3906
f 3911 3916 3917
f 3901 3908 3907
f 3911 3917 3918
f 3901 3909 3908
f 3911 3918 3919
f 3901 3910 3909
f 3911 3919 3920
f 3901 3902 3912
f 3901 3912 3911
f 3902 3903 3913
f 3902 3913 3912
f 3903 3904 3914
f 3903 3914 3913
f 3904 3905 3915
f 3904 3915 3914
f 3905 3906 3916
f 3905 3916 3915
f 3906 3907 3917
f 3906 3917 3916
f 3907 3908 3918
f 3907 3918 3917
f 3908 3909 3919
f 3908 3919 3918
f 3909 3910 3920
f 3909 3920 3919
f 3910 3901 3911
f 3910 3911 3920
o Truss_diagonal_208
usemtl Metal
v -53.00000 234.80000 414.00000
v -53.46598 234.45623 414.94987
v -53.75396 233.55623 415.53693
v -53.75396 232.44377 415.53693
v -53.46598 231.54377 414.94987
v -53.00000 231.20000 414.00000
v -52.53402 231.54377 413.05013
v -52.24604 232.44377 412.46307
v -52.24604 233.55623 412.46307
v -52.53402 234.45623 413.05013
v 0.00000 234.80000 440.00000
v -0.46598 234.45623 440.94987
v -0.75396 233.55623 441.53693
v -0.75396 232.44377 441.53693
v -0.46598 231.54377 440.94987
v -0.00000 231.20000 440.00000
v 0.46598 231.54377 439.05013
v 0.75396 232.44377 438.46307
v 0.75396 233.55623 438.46307
v 0.46598 234.45623 439.05013
f 3921 3923 3922
f 3931 3932 3933
f 3921 3924 3923
f 3931 3933 3934
f 3921 3925 3924
f 3931 3934 3935
f 3921 3926 3925
f 3931 3935 3936
f 3921 3927 3926
f 3931 3936 3937
f 3921 3928 3927
f 3931 3937 3938
f 3921 3929 3928
f 3931 3938 3939
f 3921 3930 3929
f 3931 3939 3940
f 3921 3922 3932
f 3921 3932 3931
f 3922 3923 3933
f 3922 3933 3932
f 3923 3924 3934
f 3923 3934 3933
f 3924 3925 3935
f 3924 3935 3934
f 3925 3926 3936
f 3925 3936 3935
f 3926 3927 3937
f 3926 3937 3936
f 3927 3928 3938
f 3927 3938 3937
f 3928 3929 3939
f 3928 3939 3938
f 3929 3930 3940
f 3929 3940 3939
f 3930 3921 3931
f 3930 3931 3940
o Truss_diagonal_209
usemtl Metal
v 0.00000 208.80000 414.00000
v -0.46598 208.45623 414.94987
v -0.75396 207.55623 415.53693
v -0.75396 206.44377 415.53693
v -0.46598 205.54377 414.94987
v -0.00000 205.20000 414.00000
v 0.46598 205.54377 413.05013
v 0.75396 206.44377 412.46307
v 0.75396 207.55623 412.46307
v 0.46598 208.45623 413.05013
v 53.00000 208.80000 440.00000
v 52.53402 208.45623 440.94987
v 52.24604 207.55623 441.53693
v 52.24604 206.44377 441.53693
v 52.53402 205.54377 440.94987
v 53.00000 205.20000 440.00000
v 53.46598 205.54377 439.05013
v 53.75396 206.44377 438.46307
v 53.75396 207.55623 438.46307
v 53.46598 208.45623 439.05013
f 3941 3943 3942
f 3951 3952 3953
f 3941 3944 3943
f 3951 3953 3954
f 3941 3945 3944
f 3951 3954 3955
f 3941 3946 3945
f 3951 3955 3956
f 3941 3947 3946
f 3951 3956 3957
f 3941 3948 3947
f 3951 3957 3958
f 3941 3949 3948
f 3951 3958 3959
f 3941 3950 3949
f 3951 3959 3960
f 3941 3942 3952
f 3941 3952 3951
f 3942 3943 3953
f 3942 3953 3952
f 3943 3944 3954
f 3943 3954 3953
f 3944 3945 3955
f 3944 3955 3954
f 3945 3946 3956
f 3945 3956 3955
f 3946 3947 3957
f 3946 3957 3956
f 3947 3948 3958
f 3947 3958 3957
f 3948 3949 3959
f 3948 3959 3958
f 3949 3950 3960
f 3949 3960 3959
f 3950 3941 3951
f 3950 3951 3960
o Truss_diagonal_210
usemtl Metal
v 0.00000 234.80000 414.00000
v -0.46598 234.45623 414.94987
v -0.75396 233.55623 415.53693
v -0.75396 232.44377 415.53693
v -0.46598 231.54377 414.94987
v -0.00000 231.20000 414.00000
v 0.46598 231.54377 413.05013
v 0.75396 232.44377 412.46307
v 0.75396 233.55623 412.46307
v 0.46598 234.45623 413.05013
v 53.00000 234.80000 440.00000
v 52.53402 234.45623 440.94987
v 52.24604 233.55623 441.53693
v 52.24604 232.44377 441.53693
v 52.53402 231.54377 440.94987
v 53.00000 231.20000 440.00000
v 53.46598 231.54377 439.05013
v 53.75396 232.44377 438.46307
v 53.75396 233.55623 438.46307
v 53.46598 234.45623 439.05013
f 3961 3963 3962
f 3971 3972 3973
f 3961 3964 3963
f 3971 3973 3974
f 3961 3965 3964
f 3971 3974 3975
f 3961 3966 3965
f 3971 3975 3976
f 3961 3967 3966
f 3971 3976 3977
f 3961 3968 3967
f 3971 3977 3978
f 3961 3969 3968
f 3971 3978 3979
f 3961 3970 3969
f 3971 3979 3980
f 3961 3962 3972
f 3961 3972 3971
f 3962 3963 3973
f 3962 3973 3972
f 3963 3964 3974
f 3963 3974 3973
f 3964 3965 3975
f 3964 3975 3974
f 3965 3966 3976
f 3965 3976 3975
f 3966 3967 3977
f 3966 3977 3976
f 3967 3968 3978
f 3967 3978 3977
f 3968 3969 3979
f 3968 3979 3978
f 3969 3970 3980
f 3969 3980 3979
f 3970 3961 3971
f 3970 3971 3980
o Truss_diagonal_211
usemtl Metal
v 53.00000 208.80000 414.00000
v 52.53402 208.45623 414.94987
v 52.24604 207.55623 415.53693
v 52.24604 206.44377 415.53693
v 52.53402 205.54377 414.94987
v 53.00000 205.20000 414.00000
v 53.46598 205.54377 413.05013
v 53.75396 206.44377 412.46307
v 53.75396 207.55623 412.46307
v 53.46598 208.45623 413.05013
v 106.00000 208.80000 440.00000
v 105.53402 208.45623 440.94987
v 105.24604 207.55623 441.53693
v 105.24604 206.44377 441.53693
v 105.53402 205.54377 440.94987
v 106.00000 205.20000 440.00000
v 106.46598 205.54377 439.05013
v 106.75396 206.44377 438.46307
v 106.75396 207.55623 438.46307
v 106.46598 208.45623 439.05013
f 3981 3983 3982
f 3991 3992 3993
f 3981 3984 3983
f 3991 3993 3994
f 3981 3985 3984
f 3991 3994 3995
f 3981 3986 3985
f 3991 3995 3996
f 3981 3987 3986
f 3991 3996 3997
f 3981 3988 3987
f 3991 3997 3998
f 3981 3989 3988
f 3991 3998 3999
f 3981 3990 3989
f 3991 3999 4000
f 3981 3982 3992
f 3981 3992 3991
f 3982 3983 3993
f 3982 3993 3992
f 3983 3984 3994
f 3983 3994 3993
f 3984 3985 3995
f 3984 3995 3994
f 3985 3986 3996
f 3985 3996 3995
f 3986 3987 3997
f 3986 3997 3996
f 3987 3988 3998
f 3987 3998 3997
f 3988 3989 3999
f 3988 3999 3998
f 3989 3990 4000
f 3989 4000 3999
f 3990 3981 3991
f 3990 3991 4000
o Truss_diagonal_212
usemtl Metal
v 53.00000 234.80000 414.00000
v 52.53402 234.45623 414.94987
v 52.24604 233.55623 415.53693
v 52.24604 232.44377 415.53693
v 52.53402 231.54377 414.94987
v 53.00000 231.20000 414.00000
v 53.46598 231.54377 413.05013
v 53.75396 232.44377 412.46307
v 53.75396 233.55623 412.46307
v 53.46598 234.45623 413.05013
v 106.00000 234.80000 440.00000
v 105.53402 234.45623 440.94987
v 105.24604 233.55623 441.53693
v 105.24604 232.44377 441.53693
v 105.53402 231.54377 440.94987
v 106.00000 231.20000 440.00000
v 106.46598 231.54377 439.05013
v 106.75396 232.44377 438.46307
v 106.75396 233.55623 438.46307
v 106.46598 234.45623 439.05013
f 4001 4003 4002
f 4011 4012 4013
f 4001 4004 4003
f 4011 4013 4014
f 4001 4005 4004
f 4011 4014 4015
f 4001 4006 4005
f 4011 4015 4016
f 4001 4007 4006
f 4011 4016 4017
f 4001 4008 4007
f 4011 4017 4018
f 4001 4009 4008
f 4011 4018 4019
f 4001 4010 4009
f 4011 4019 4020
f 4001 4002 4012
f 4001 4012 4011
f 4002 4003 4013
f 4002 4013 4012
f 4003 4004 4014
f 4003 4014 4013
f 4004 4005 4015
f 4004 4015 4014
f 4005 4006 4016
f 4005 4016 4015
f 4006 4007 4017
f 4006 4017 4016
f 4007 4008 4018
f 4007 4018 4017
f 4008 4009 4019
f 4008 4019 4018
f 4009 4010 4020
f 4009 4020 4019
f 4010 4001 4011
f 4010 4011 4020
o Truss_diagonal_213
usemtl Metal
v 106.00000 208.80000 414.00000
v 105.53402 208.45623 414.94987
v 105.24604 207.55623 415.53693
v 105.24604 206.44377 415.53693
v 105.53402 205.54377 414.94987
v 106.00000 205.20000 414.00000
v 106.46598 205.54377 413.05013
v 106.75396 206.44377 412.46307
v 106.75396 207.55623 412.46307
v 106.46598 208.45623 413.05013
v 159.00000 208.80000 440.00000
v 158.53402 208.45623 440.94987
v 158.24604 207.55623 441.53693
v 158.24604 206.44377 441.53693
v 158.53402 205.54377 440.94987
v 159.00000 205.20000 440.00000
v 159.46598 205.54377 439.05013
v 159.75396 206.44377 438.46307
v 159.75396 207.55623 438.46307
v 159.46598 208.45623 439.05013
f 4021 4023 4022
f 4031 4032 4033
f 4021 4024 4023
f 4031 4033 4034
f 4021 4025 4024
f 4031 4034 4035
f 4021 4026 4025
f 4031 4035 4036
f 4021 4027 4026
f 4031 4036 4037
f 4021 4028 4027
f 4031 4037 4038
f 4021 4029 4028
f 4031 4038 4039
f 4021 4030 4029
f 4031 4039 4040
f 4021 4022 4032
f 4021 4032 4031
f 4022 4023 4033
f 4022 4033 4032
f 4023 4024 4034
f 4023 4034 4033
f 4024 4025 4035
f 4024 4035 4034
f 4025 4026 4036
f 4025 4036 4035
f 4026 4027 4037
f 4026 4037 4036
f 4027 4028 4038
f 4027 4038 4037
f 4028 4029 4039
f 4028 4039 4038
f 4029 4030 4040
f 4029 4040 4039
f 4030 4021 4031
f 4030 4031 4040
o Truss_diagonal_214
usemtl Metal
v 106.00000 234.80000 414.00000
v 105.53402 234.45623 414.94987
v 105.24604 233.55623 415.53693
v 105.24604 232.44377 415.53693
v 105.53402 231.54377 414.94987
v 106.00000 231.20000 414.00000
v 106.46598 231.54377 413.05013
v 106.75396 232.44377 412.46307
v 106.75396 233.55623 412.46307
v 106.46598 234.45623 413.05013
v 159.00000 234.80000 440.00000
v 158.53402 234.45623 440.94987
v 158.24604 233.55623 441.53693
v 158.24604 232.44377 441.53693
v 158.53402 231.54377 440.94987
v 159.00000 231.20000 440.00000
v 159.46598 231.54377 439.05013
v 159.75396 232.44377 438.46307
v 159.75396 233.55623 438.46307
v 159.46598 234.45623 439.05013
f 4041 4043 4042
f 4051 4052 4053
f 4041 4044 4043
f 4051 4053 4054
f 4041 4045 4044
f 4051 4054 4055
f 4041 4046 4045
f 4051 4055 4056
f 4041 4047 4046
f 4051 4056 4057
f 4041 4048 4047
f 4051 4057 4058
f 4041 4049 4048
f 4051 4058 4059
f 4041 4050 4049
f 4051 4059 4060
f 4041 4042 4052
f 4041 4052 4051
f 4042 4043 4053
f 4042 4053 4052
f 4043 4044 4054
f 4043 4054 4053
f 4044 4045 4055
f 4044 4055 4054
f 4045 4046 4056
f 4045 4056 4055
f 4046 4047 4057
f 4046 4057 4056
f 4047 4048 4058
f 4047 4058 4057
f 4048 4049 4059
f 4048 4059 4058
f 4049 4050 4060
f 4049 4060 4059
f 4050 4041 4051
f 4050 4051 4060
o Truss_diagonal_215
usemtl Metal
v 159.00000 208.80000 414.00000
v 158.53402 208.45623 414.94987
v 158.24604 207.55623 415.53693
v 158.24604 206.44377 415.53693
v 158.53402 205.54377 414.94987
v 159.00000 205.20000 414.00000
v 159.46598 205.54377 413.05013
v 159.75396 206.44377 412.46307
v 159.75396 207.55623 412.46307
v 159.46598 208.45623 413.05013
v 212.00000 208.80000 440.00000
v 211.53402 208.45623 440.94987
v 211.24604 207.55623 441.53693
v 211.24604 206.44377 441.53693
v 211.53402 205.54377 440.94987
v 212.00000 205.20000 440.00000
v 212.46598 205.54377 439.05013
v 212.75396 206.44377 438.46307
v 212.75396 207.55623 438.46307
v 212.46598 208.45623 439.05013
f 4061 4063 4062
f 4071 4072 4073
f 4061 4064 4063
f 4071 4073 4074
f 4061 4065 4064
f 4071 4074 4075
f 4061 4066 4065
f 4071 4075 4076
f 4061 4067 4066
f 4071 4076 4077
f 4061 4068 4067
f 4071 4077 4078
f 4061 4069 4068
f 4071 4078 4079
f 4061 4070 4069
f 4071 4079 4080
f 4061 4062 4072
f 4061 4072 4071
f 4062 4063 4073
f 4062 4073 4072
f 4063 4064 4074
f 4063 4074 4073
f 4064 4065 4075
f 4064 4075 4074
f 4065 4066 4076
f 4065 4076 4075
f 4066 4067 4077
f 4066 4077 4076
f 4067 4068 4078
f 4067 4078 4077
f 4068 4069 4079
f 4068 4079 4078
f 4069 4070 4080
f 4069 4080 4079
f 4070 4061 4071
f 4070 4071 4080
o Truss_diagonal_216
usemtl Metal
v 159.00000 234.80000 414.00000
v 158.53402 234.45623 414.94987
v 158.24604 233.55623 415.53693
v 158.24604 232.44377 415.53693
v 158.53402 231.54377 414.94987
v 159.00000 231.20000 414.00000
v 159.46598 231.54377 413.05013
v 159.75396 232.44377 412.46307
v 159.75396 233.55623 412.46307
v 159.46598 234.45623 413.05013
v 212.00000 234.80000 440.00000
v 211.53402 234.45623 440.94987
v 211.24604 233.55623 441.53693
v 211.24604 232.44377 441.53693
v 211.53402 231.54377 440.94987
v 212.00000 231.20000 440.00000
v 212.46598 231.54377 439.05013
v 212.75396 232.44377 438.46307
v 212.75396 233.55623 438.46307
v 212.46598 234.45623 439.05013
f 4081 4083 4082
f 4091 4092 4093
f 4081 4084 4083
f 4091 4093 4094
f 4081 4085 4084
f 4091 4094 4095
f 4081 4086 4085
f 4091 4095 4096
f 4081 4087 4086
f 4091 4096 4097
f 4081 4088 4087
f 4091 4097 4098
f 4081 4089 4088
f 4091 4098 4099
f 4081 4090 4089
f 4091 4099 4100
f 4081 4082 4092
f 4081 4092 4091
f 4082 4083 4093
f 4082 4093 4092
f 4083 4084 4094
f 4083 4094 4093
f 4084 4085 4095
f 4084 4095 4094
f 4085 4086 4096
f 4085 4096 4095
f 4086 4087 4097
f 4086 4097 4096
f 4087 4088 4098
f 4087 4098 4097
f 4088 4089 4099
f 4088 4099 4098
f 4089 4090 4100
f 4089 4100 4099
f 4090 4081 4091
f 4090 4091 4100
o Truss_diagonal_217
usemtl Metal
v 212.00000 208.80000 414.00000
v 211.53402 208.45623 414.94987
v 211.24604 207.55623 415.53693
v 211.24604 206.44377 415.53693
v 211.53402 205.54377 414.94987
v 212.00000 205.20000 414.00000
v 212.46598 205.54377 413.05013
v 212.75396 206.44377 412.46307
v 212.75396 207.55623 412.46307
v 212.46598 208.45623 413.05013
v 265.00000 208.80000 440.00000
v 264.53402 208.45623 440.94987
v 264.24604 207.55623 441.53693
v 264.24604 206.44377 441.53693
v 264.53402 205.54377 440.94987
v 265.00000 205.20000 440.00000
v 265.46598 205.54377 439.05013
v 265.75396 206.44377 438.46307
v 265.75396 207.55623 438.46307
v 265.46598 208.45623 439.05013
f 4101 4103 4102
f 4111 4112 4113
f 4101 4104 4103
f 4111 4113 4114
f 4101 4105 4104
f 4111 4114 4115
f 4101 4106 4105
f 4111 4115 4116
f 4101 4107 4106
f 4111 4116 4117
f 4101 4108 4107
f 4111 4117 4118
f 4101 4109 4108
f 4111 4118 4119
f 4101 4110 4109
f 4111 4119 4120
f 4101 4102 4112
f 4101 4112 4111
f 4102 4103 4113
f 4102 4113 4112
f 4103 4104 4114
f 4103 4114 4113
f 4104 4105 4115
f 4104 4115 4114
f 4105 4106 4116
f 4105 4116 4115
f 4106 4107 4117
f 4106 4117 4116
f 4107 4108 4118
f 4107 4118 4117
f 4108 4109 4119
f 4108 4119 4118
f 4109 4110 4120
f 4109 4120 4119
f 4110 4101 4111
f 4110 4111 4120
o Truss_diagonal_218
usemtl Metal
v 212.00000 234.80000 414.00000
v 211.53402 234.45623 414.94987
v 211.24604 233.55623 415.53693
v 211.24604 232.44377 415.53693
v 211.53402 231.54377 414.94987
v 212.00000 231.20000 414.00000
v 212.46598 231.54377 413.05013
v 212.75396 232.44377 412.46307
v 212.75396 233.55623 412.46307
v 212.46598 234.45623 413.05013
v 265.00000 234.80000 440.00000
v 264.53402 234.45623 440.94987
v 264.24604 233.55623 441.53693
v 264.24604 232.44377 441.53693
v 264.53402 231.54377 440.94987
v 265.00000 231.20000 440.00000
v 265.46598 231.54377 439.05013
v 265.75396 232.44377 438.46307
v 265.75396 233.55623 438.46307
v 265.46598 234.45623 439.05013
f 4121 4123 4122
f 4131 4132 4133
f 4121 4124 4123
f 4131 4133 4134
f 4121 4125 4124
f 4131 4134 4135
f 4121 4126 4125
f 4131 4135 4136
f 4121 4127 4126
f 4131 4136 4137
f 4121 4128 4127
f 4131 4137 4138
f 4121 4129 4128
f 4131 4138 4139
f 4121 4130 4129
f 4131 4139 4140
f 4121 4122 4132
f 4121 4132 4131
f 4122 4123 4133
f 4122 4133 4132
f 4123 4124 4134
f 4123 4134 4133
f 4124 4125 4135
f 4124 4135 4134
f 4125 4126 4136
f 4125 4136 4135
f 4126 4127 4137
f 4126 4137 4136
f 4127 4128 4138
f 4127 4138 4137
f 4128 4129 4139
f 4128 4139 4138
f 4129 4130 4140
f 4129 4140 4139
f 4130 4121 4131
f 4130 4131 4140
o Truss_diagonal_219
usemtl Metal
v 265.00000 208.80000 414.00000
v 264.53402 208.45623 414.94987
v 264.24604 207.55623 415.53693
v 264.24604 206.44377 415.53693
v 264.53402 205.54377 414.94987
v 265.00000 205.20000 414.00000
v 265.46598 205.54377 413.05013
v 265.75396 206.44377 412.46307
v 265.75396 207.55623 412.46307
v 265.46598 208.45623 413.05013
v 318.00000 208.80000 440.00000
v 317.53402 208.45623 440.94987
v 317.24604 207.55623 441.53693
v 317.24604 206.44377 441.53693
v 317.53402 205.54377 440.94987
v 318.00000 205.20000 440.00000
v 318.46598 205.54377 439.05013
v 318.75396 206.44377 438.46307
v 318.75396 207.55623 438.46307
v 318.46598 208.45623 439.05013
f 4141 4143 4142
f 4151 4152 4153
f 4141 4144 4143
f 4151 4153 4154
f 4141 4145 4144
f 4151 4154 4155
f 4141 4146 4145
f 4151 4155 4156
f 4141 4147 4146
f 4151 4156 4157
f 4141 4148 4147
f 4151 4157 4158
f 4141 4149 4148
f 4151 4158 4159
f 4141 4150 4149
f 4151 4159 4160
f 4141 4142 4152
f 4141 4152 4151
f 4142 4143 4153
f 4142 4153 4152
f 4143 4144 4154
f 4143 4154 4153
f 4144 4145 4155
f 4144 4155 4154
f 4145 4146 4156
f 4145 4156 4155
f 4146 4147 4157
f 4146 4157 4156
f 4147 4148 4158
f 4147 4158 4157
f 4148 4149 4159
f 4148 4159 4158
f 4149 4150 4160
f 4149 4160 4159
f 4150 4141 4151
f 4150 4151 4160
o Truss_diagonal_220
usemtl Metal
v 265.00000 234.80000 414.00000
v 264.53402 234.45623 414.94987
v 264.24604 233.55623 415.53693
v 264.24604 232.44377 415.53693
v 264.53402 231.54377 414.94987
v 265.00000 231.20000 414.00000
v 265.46598 231.54377 413.05013
v 265.75396 232.44377 412.46307
v 265.75396 233.55623 412.46307
v 265.46598 234.45623 413.05013
v 318.00000 234.80000 440.00000
v 317.53402 234.45623 440.94987
v 317.24604 233.55623 441.53693
v 317.24604 232.44377 441.53693
v 317.53402 231.54377 440.94987
v 318.00000 231.20000 440.00000
v 318.46598 231.54377 439.05013
v 318.75396 232.44377 438.46307
v 318.75396 233.55623 438.46307
v 318.46598 234.45623 439.05013
f 4161 4163 4162
f 4171 4172 4173
f 4161 4164 4163
f 4171 4173 4174
f 4161 4165 4164
f 4171 4174 4175
f 4161 4166 4165
f 4171 4175 4176
f 4161 4167 4166
f 4171 4176 4177
f 4161 4168 4167
f 4171 4177 4178
f 4161 4169 4168
f 4171 4178 4179
f 4161 4170 4169
f 4171 4179 4180
f 4161 4162 4172
f 4161 4172 4171
f 4162 4163 4173
f 4162 4173 4172
f 4163 4164 4174
f 4163 4174 4173
f 4164 4165 4175
f 4164 4175 4174
f 4165 4166 4176
f 4165 4176 4175
f 4166 4167 4177
f 4166 4177 4176
f 4167 4168 4178
f 4167 4178 4177
f 4168 4169 4179
f 4168 4179 4178
f 4169 4170 4180
f 4169 4180 4179
f 4170 4161 4171
f 4170 4171 4180
o Truss_diagonal_221
usemtl Metal
v 318.00000 208.80000 414.00000
v 317.53402 208.45623 414.94987
v 317.24604 207.55623 415.53693
v 317.24604 206.44377 415.53693
v 317.53402 205.54377 414.94987
v 318.00000 205.20000 414.00000
v 318.46598 205.54377 413.05013
v 318.75396 206.44377 412.46307
v 318.75396 207.55623 412.46307
v 318.46598 208.45623 413.05013
v 371.00000 208.80000 440.00000
v 370.53402 208.45623 440.94987
v 370.24604 207.55623 441.53693
v 370.24604 206.44377 441.53693
v 370.53402 205.54377 440.94987
v 371.00000 205.20000 440.00000
v 371.46598 205.54377 439.05013
v 371.75396 206.44377 438.46307
v 371.75396 207.55623 438.46307
v 371.46598 208.45623 439.05013
f 4181 4183 4182
f 4191 4192 4193
f 4181 4184 4183
f 4191 4193 4194
f 4181 4185 4184
f 4191 4194 4195
f 4181 4186 4185
f 4191 4195 4196
f 4181 4187 4186
f 4191 4196 4197
f 4181 4188 4187
f 4191 4197 4198
f 4181 4189 4188
f 4191 4198 4199
f 4181 4190 4189
f 4191 4199 4200
f 4181 4182 4192
f 4181 4192 4191
f 4182 4183 4193
f 4182 4193 4192
f 4183 4184 4194
f 4183 4194 4193
f 4184 4185 4195
f 4184 4195 4194
f 4185 4186 4196
f 4185 4196 4195
f 4186 4187 4197
f 4186 4197 4196
f 4187 4188 4198
f 4187 4198 4197
f 4188 4189 4199
f 4188 4199 4198
f 4189 4190 4200
f 4189 4200 4199
f 4190 4181 4191
f 4190 4191 4200
o Truss_diagonal_222
usemtl Metal
v 318.00000 234.80000 414.00000
v 317.53402 234.45623 414.94987
v 317.24604 233.55623 415.53693
v 317.24604 232.44377 415.53693
v 317.53402 231.54377 414.94987
v 318.00000 231.20000 414.00000
v 318.46598 231.54377 413.05013
v 318.75396 232.44377 412.46307
v 318.75396 233.55623 412.46307
v 318.46598 234.45623 413.05013
v 371.00000 234.80000 440.00000
v 370.53402 234.45623 440.94987
v 370.24604 233.55623 441.53693
v 370.24604 232.44377 441.53693
v 370.53402 231.54377 440.94987
v 371.00000 231.20000 440.00000
v 371.46598 231.54377 439.05013
v 371.75396 232.44377 438.46307
v 371.75396 233.55623 438.46307
v 371.46598 234.45623 439.05013
f 4201 4203 4202
f 4211 4212 4213
f 4201 4204 4203
f 4211 4213 4214
f 4201 4205 4204
f 4211 4214 4215
f 4201 4206 4205
f 4211 4215 4216
f 4201 4207 4206
f 4211 4216 4217
f 4201 4208 4207
f 4211 4217 4218
f 4201 4209 4208
f 4211 4218 4219
f 4201 4210 4209
f 4211 4219 4220
f 4201 4202 4212
f 4201 4212 4211
f 4202 4203 4213
f 4202 4213 4212
f 4203 4204 4214
f 4203 4214 4213
f 4204 4205 4215
f 4204 4215 4214
f 4205 4206 4216
f 4205 4216 4215
f 4206 4207 4217
f 4206 4217 4216
f 4207 4208 4218
f 4207 4218 4217
f 4208 4209 4219
f 4208 4219 4218
f 4209 4210 4220
f 4209 4220 4219
f 4210 4201 4211
f 4210 4211 4220
o Truss_diagonal_223
usemtl Metal
v 371.00000 208.80000 414.00000
v 370.53402 208.45623 414.94987
v 370.24604 207.55623 415.53693
v 370.24604 206.44377 415.53693
v 370.53402 205.54377 414.94987
v 371.00000 205.20000 414.00000
v 371.46598 205.54377 413.05013
v 371.75396 206.44377 412.46307
v 371.75396 207.55623 412.46307
v 371.46598 208.45623 413.05013
v 424.00000 208.80000 440.00000
v 423.53402 208.45623 440.94987
v 423.24604 207.55623 441.53693
v 423.24604 206.44377 441.53693
v 423.53402 205.54377 440.94987
v 424.00000 205.20000 440.00000
v 424.46598 205.54377 439.05013
v 424.75396 206.44377 438.46307
v 424.75396 207.55623 438.46307
v 424.46598 208.45623 439.05013
f 4221 4223 4222
f 4231 4232 4233
f 4221 4224 4223
f 4231 4233 4234
f 4221 4225 4224
f 4231 4234 4235
f 4221 4226 4225
f 4231 4235 4236
f 4221 4227 4226
f 4231 4236 4237
f 4221 4228 4227
f 4231 4237 4238
f 4221 4229 4228
f 4231 4238 4239
f 4221 4230 4229
f 4231 4239 4240
f 4221 4222 4232
f 4221 4232 4231
f 4222 4223 4233
f 4222 4233 4232
f 4223 4224 4234
f 4223 4234 4233
f 4224 4225 4235
f 4224 4235 4234
f 4225 4226 4236
f 4225 4236 4235
f 4226 4227 4237
f 4226 4237 4236
f 4227 4228 4238
f 4227 4238 4237
f 4228 4229 4239
f 4228 4239 4238
f 4229 4230 4240
f 4229 4240 4239
f 4230 4221 4231
f 4230 4231 4240
o Truss_diagonal_224
usemtl Metal
v 371.00000 234.80000 414.00000
v 370.53402 234.45623 414.94987
v 370.24604 233.55623 415.53693
v 370.24604 232.44377 415.53693
v 370.53402 231.54377 414.94987
v 371.00000 231.20000 414.00000
v 371.46598 231.54377 413.05013
v 371.75396 232.44377 412.46307
v 371.75396 233.55623 412.46307
v 371.46598 234.45623 413.05013
v 424.00000 234.80000 440.00000
v 423.53402 234.45623 440.94987
v 423.24604 233.55623 441.53693
v 423.24604 232.44377 441.53693
v 423.53402 231.54377 440.94987
v 424.00000 231.20000 440.00000
v 424.46598 231.54377 439.05013
v 424.75396 232.44377 438.46307
v 424.75396 233.55623 438.46307
v 424.46598 234.45623 439.05013
f 4241 4243 4242
f 4251 4252 4253
f 4241 4244 4243
f 4251 4253 4254
f 4241 4245 4244
f 4251 4254 4255
f 4241 4246 4245
f 4251 4255 4256
f 4241 4247 4246
f 4251 4256 4257
f 4241 4248 4247
f 4251 4257 4258
f 4241 4249 4248
f 4251 4258 4259
f 4241 4250 4249
f 4251 4259 4260
f 4241 4242 4252
f 4241 4252 4251
f 4242 4243 4253
f 4242 4253 4252
f 4243 4244 4254
f 4243 4254 4253
f 4244 4245 4255
f 4244 4255 4254
f 4245 4246 4256
f 4245 4256 4255
f 4246 4247 4257
f 4246 4257 4256
f 4247 4248 4258
f 4247 4258 4257
f 4248 4249 4259
f 4248 4259 4258
f 4249 4250 4260
f 4249 4260 4259
f 4250 4241 4251
f 4250 4251 4260
o Truss_diagonal_225
usemtl Metal
v 424.00000 208.80000 414.00000
v 423.53402 208.45623 414.94987
v 423.24604 207.55623 415.53693
v 423.24604 206.44377 415.53693
v 423.53402 205.54377 414.94987
v 424.00000 205.20000 414.00000
v 424.46598 205.54377 413.05013
v 424.75396 206.44377 412.46307
v 424.75396 207.55623 412.46307
v 424.46598 208.45623 413.05013
v 477.00000 208.80000 440.00000
v 476.53402 208.45623 440.94987
v 476.24604 207.55623 441.53693
v 476.24604 206.44377 441.53693
v 476.53402 205.54377 440.94987
v 477.00000 205.20000 440.00000
v 477.46598 205.54377 439.05013
v 477.75396 206.44377 438.46307
v 477.75396 207.55623 438.46307
v 477.46598 208.45623 439.05013
f 4261 4263 4262
f 4271 4272 4273
f 4261 4264 4263
f 4271 4273 4274
f 4261 4265 4264
f 4271 4274 4275
f 4261 4266 4265
f 4271 4275 4276
f 4261 4267 4266
f 4271 4276 4277
f 4261 4268 4267
f 4271 4277 4278
f 4261 4269 4268
f 4271 4278 4279
f 4261 4270 4269
f 4271 4279 4280
f 4261 4262 4272
f 4261 4272 4271
f 4262 4263 4273
f 4262 4273 4272
f 4263 4264 4274
f 4263 4274 4273
f 4264 4265 4275
f 4264 4275 4274
f 4265 4266 4276
f 4265 4276 4275
f 4266 4267 4277
f 4266 4277 4276
f 4267 4268 4278
f 4267 4278 4277
f 4268 4269 4279
f 4268 4279 4278
f 4269 4270 4280
f 4269 4280 4279
f 4270 4261 4271
f 4270 4271 4280
o Truss_diagonal_226
usemtl Metal
v 424.00000 234.80000 414.00000
v 423.53402 234.45623 414.94987
v 423.24604 233.55623 415.53693
v 423.24604 232.44377 415.53693
v 423.53402 231.54377 414.94987
v 424.00000 231.20000 414.00000
v 424.46598 231.54377 413.05013
v 424.75396 232.44377 412.46307
v 424.75396 233.55623 412.46307
v 424.46598 234.45623 413.05013
v 477.00000 234.80000 440.00000
v 476.53402 234.45623 440.94987
v 476.24604 233.55623 441.53693
v 476.24604 232.44377 441.53693
v 476.53402 231.54377 440.94987
v 477.00000 231.20000 440.00000
v 477.46598 231.54377 439.05013
v 477.75396 232.44377 438.46307
v 477.75396 233.55623 438.46307
v 477.46598 234.45623 439.05013
f 4281 4283 4282
f 4291 4292 4293
f 4281 4284 4283
f 4291 4293 4294
f 4281 4285 4284
f 4291 4294 4295
f 4281 4286 4285
f 4291 4295 4296
f 4281 4287 4286
f 4291 4296 4297
f 4281 4288 4287
f 4291 4297 4298
f 4281 4289 4288
f 4291 4298 4299
f 4281 4290 4289
f 4291 4299 4300
f 4281 4282 4292
f 4281 4292 4291
f 4282 4283 4293
f 4282 4293 4292
f 4283 4284 4294
f 4283 4294 4293
f 4284 4285 4295
f 4284 4295 4294
f 4285 4286 4296
f 4285 4296 4295
f 4286 4287 4297
f 4286 4297 4296
f 4287 4288 4298
f 4287 4298 4297
f 4288 4289 4299
f 4288 4299 4298
f 4289 4290 4300
f 4289 4300 4299
f 4290 4281 4291
f 4290 4291 4300
o Truss_diagonal_227
usemtl Metal
v 477.00000 208.80000 414.00000
v 476.53402 208.45623 414.94987
v 476.24604 207.55623 415.53693
v 476.24604 206.44377 415.53693
v 476.53402 205.54377 414.94987
v 477.00000 205.20000 414.00000
v 477.46598 205.54377 413.05013
v 477.75396 206.44377 412.46307
v 477.75396 207.55623 412.46307
v 477.46598 208.45623 413.05013
v 530.00000 208.80000 440.00000
v 529.53402 208.45623 440.94987
v 529.24604 207.55623 441.53693
v 529.24604 206.44377 441.53693
v 529.53402 205.54377 440.94987
v 530.00000 205.20000 440.00000
v 530.46598 205.54377 439.05013
v 530.75396 206.44377 438.46307
v 530.75396 207.55623 438.46307
v 530.46598 208.45623 439.05013
f 4301 4303 4302
f 4311 4312 4313
f 4301 4304 4303
f 4311 4313 4314
f 4301 4305 4304
f 4311 4314 4315
f 4301 4306 4305
f 4311 4315 4316
f 4301 4307 4306
f 4311 4316 4317
f 4301 4308 4307
f 4311 4317 4318
f 4301 4309 4308
f 4311 4318 4319
f 4301 4310 4309
f 4311 4319 4320
f 4301 4302 4312
f 4301 4312 4311
f 4302 4303 4313
f 4302 4313 4312
f 4303 4304 4314
f 4303 4314 4313
f 4304 4305 4315
f 4304 4315 4314
f 4305 4306 4316
f 4305 4316 4315
f 4306 4307 4317
f 4306 4317 4316
f 4307 4308 4318
f 4307 4318 4317
f 4308 4309 4319
f 4308 4319 4318
f 4309 4310 4320
f 4309 4320 4319
f 4310 4301 4311
f 4310 4311 4320
o Truss_diagonal_228
usemtl Metal
v 477.00000 234.80000 414.00000
v 476.53402 234.45623 414.94987
v 476.24604 233.55623 415.53693
v 476.24604 232.44377 415.53693
v 476.53402 231.54377 414.94987
v 477.00000 231.20000 414.00000
v 477.46598 231.54377 413.05013
v 477.75396 232.44377 412.46307
v 477.75396 233.55623 412.46307
v 477.46598 234.45623 413.05013
v 530.00000 234.80000 440.00000
v 529.53402 234.45623 440.94987
v 529.24604 233.55623 441.53693
v 529.24604 232.44377 441.53693
v 529.53402 231.54377 440.94987
v 530.00000 231.20000 440.00000
v 530.46598 231.54377 439.05013
v 530.75396 232.44377 438.46307
v 530.75396 233.55623 438.46307
v 530.46598 234.45623 439.05013
f 4321 4323 4322
f 4331 4332 4333
f 4321 4324 4323
f 4331 4333 4334
f 4321 4325 4324
f 4331 4334 4335
f 4321 4326 4325
f 4331 4335 4336
f 4321 4327 4326
f 4331 4336 4337
f 4321 4328 4327
f 4331 4337 4338
f 4321 4329 4328
f 4331 4338 4339
f 4321 4330 4329
f 4331 4339 4340
f 4321 4322 4332
f 4321 4332 4331
f 4322 4323 4333
f 4322 4333 4332
f 4323 4324 4334
f 4323 4334 4333
f 4324 4325 4335
f 4324 4335 4334
f 4325 4326 4336
f 4325 4336 4335
f 4326 4327 4337
f 4326 4337 4336
f 4327 4328 4338
f 4327 4338 4337
f 4328 4329 4339
f 4328 4339 4338
f 4329 4330 4340
f 4329 4340 4339
f 4330 4321 4331
f 4330 4331 4340
o Lamp_hanger_229
usemtl Dark
v -380.00000 223.00000 414.00000
v -378.23664 222.42705 414.00000
v -377.14683 220.92705 414.00000
v -377.14683 219.07295 414.00000
v -378.23664 217.57295 414.00000
v -380.00000 217.00000 414.00000
v -381.76336 217.57295 414.00000
v -382.85317 219.07295 414.00000
v -382.85317 220.92705 414.00000
v -381.76336 222.42705 414.00000
v -380.00000 223.00000 386.00000
v -378.23664 222.42705 386.00000
v -377.14683 220.92705 386.00000
v -377.14683 219.07295 386.00000
v -378.23664 217.57295 386.00000
v -380.00000 217.00000 386.00000
v -381.76336 217.57295 386.00000
v -382.85317 219.07295 386.00000
v -382.85317 220.92705 386.00000
v -381.76336 222.42705 386.00000
f 4341 4343 4342
f 4351 4352 4353
f 4341 4344 4343
f 4351 4353 4354
f 4341 4345 4344
f 4351 4354 4355
f 4341 4346 4345
f 4351 4355 4356
f 4341 4347 4346
f 4351 4356 4357
f 4341 4348 4347
f 4351 4357 4358
f 4341 4349 4348
f 4351 4358 4359
f 4341 4350 4349
f 4351 4359 4360
f 4341 4342 4352
f 4341 4352 4351
f 4342 4343 4353
f 4342 4353 4352
f 4343 4344 4354
f 4343 4354 4353
f 4344 4345 4355
f 4344 4355 4354
f 4345 4346 4356
f 4345 4356 4355
f 4346 4347 4357
f 4346 4357 4356
f 4347 4348 4358
f 4347 4358 4357
f 4348 4349 4359
f 4348 4359 4358
f 4349 4350 4360
f 4349 4360 4359
f 4350 4341 4351
f 4350 4351 4360
o Studio_softbox_230
usemtl Dark
v -409.00000 197.00000 369.00000
v -351.00000 197.00000 369.00000
v -351.00000 243.00000 369.00000
v -409.00000 243.00000 369.00000
v -409.00000 197.00000 387.00000
v -351.00000 197.00000 387.00000
v -351.00000 243.00000 387.00000
v -409.00000 243.00000 387.00000
f 4361 4363 4362
f 4361 4364 4363
f 4365 4366 4367
f 4365 4367 4368
f 4361 4362 4366
f 4361 4366 4365
f 4362 4363 4367
f 4362 4367 4366
f 4363 4364 4368
f 4363 4368 4367
f 4364 4361 4365
f 4364 4365 4368
o Softbox_diffuser_231
usemtl Light
v -405.00000 200.50000 367.00000
v -355.00000 200.50000 367.00000
v -355.00000 239.50000 367.00000
v -405.00000 239.50000 367.00000
v -405.00000 200.50000 369.00000
v -355.00000 200.50000 369.00000
v -355.00000 239.50000 369.00000
v -405.00000 239.50000 369.00000
f 4369 4371 4370
f 4369 4372 4371
f 4373 4374 4375
f 4373 4375 4376
f 4369 4370 4374
f 4369 4374 4373
f 4370 4371 4375
f 4370 4375 4374
f 4371 4372 4376
f 4371 4376 4375
f 4372 4369 4373
f 4372 4373 4376
o Lamp_hanger_232
usemtl Dark
v -190.00000 223.00000 414.00000
v -188.23664 222.42705 414.00000
v -187.14683 220.92705 414.00000
v -187.14683 219.07295 414.00000
v -188.23664 217.57295 414.00000
v -190.00000 217.00000 414.00000
v -191.76336 217.57295 414.00000
v -192.85317 219.07295 414.00000
v -192.85317 220.92705 414.00000
v -191.76336 222.42705 414.00000
v -190.00000 223.00000 386.00000
v -188.23664 222.42705 386.00000
v -187.14683 220.92705 386.00000
v -187.14683 219.07295 386.00000
v -188.23664 217.57295 386.00000
v -190.00000 217.00000 386.00000
v -191.76336 217.57295 386.00000
v -192.85317 219.07295 386.00000
v -192.85317 220.92705 386.00000
v -191.76336 222.42705 386.00000
f 4377 4379 4378
f 4387 4388 4389
f 4377 4380 4379
f 4387 4389 4390
f 4377 4381 4380
f 4387 4390 4391
f 4377 4382 4381
f 4387 4391 4392
f 4377 4383 4382
f 4387 4392 4393
f 4377 4384 4383
f 4387 4393 4394
f 4377 4385 4384
f 4387 4394 4395
f 4377 4386 4385
f 4387 4395 4396
f 4377 4378 4388
f 4377 4388 4387
f 4378 4379 4389
f 4378 4389 4388
f 4379 4380 4390
f 4379 4390 4389
f 4380 4381 4391
f 4380 4391 4390
f 4381 4382 4392
f 4381 4392 4391
f 4382 4383 4393
f 4382 4393 4392
f 4383 4384 4394
f 4383 4394 4393
f 4384 4385 4395
f 4384 4395 4394
f 4385 4386 4396
f 4385 4396 4395
f 4386 4377 4387
f 4386 4387 4396
o Studio_softbox_233
usemtl Dark
v -219.00000 197.00000 369.00000
v -161.00000 197.00000 369.00000
v -161.00000 243.00000 369.00000
v -219.00000 243.00000 369.00000
v -219.00000 197.00000 387.00000
v -161.00000 197.00000 387.00000
v -161.00000 243.00000 387.00000
v -219.00000 243.00000 387.00000
f 4397 4399 4398
f 4397 4400 4399
f 4401 4402 4403
f 4401 4403 4404
f 4397 4398 4402
f 4397 4402 4401
f 4398 4399 4403
f 4398 4403 4402
f 4399 4400 4404
f 4399 4404 4403
f 4400 4397 4401
f 4400 4401 4404
o Softbox_diffuser_234
usemtl Light
v -215.00000 200.50000 367.00000
v -165.00000 200.50000 367.00000
v -165.00000 239.50000 367.00000
v -215.00000 239.50000 367.00000
v -215.00000 200.50000 369.00000
v -165.00000 200.50000 369.00000
v -165.00000 239.50000 369.00000
v -215.00000 239.50000 369.00000
f 4405 4407 4406
f 4405 4408 4407
f 4409 4410 4411
f 4409 4411 4412
f 4405 4406 4410
f 4405 4410 4409
f 4406 4407 4411
f 4406 4411 4410
f 4407 4408 4412
f 4407 4412 4411
f 4408 4405 4409
f 4408 4409 4412
o Lamp_hanger_235
usemtl Dark
v 0.00000 223.00000 414.00000
v 1.76336 222.42705 414.00000
v 2.85317 220.92705 414.00000
v 2.85317 219.07295 414.00000
v 1.76336 217.57295 414.00000
v 0.00000 217.00000 414.00000
v -1.76336 217.57295 414.00000
v -2.85317 219.07295 414.00000
v -2.85317 220.92705 414.00000
v -1.76336 222.42705 414.00000
v 0.00000 223.00000 386.00000
v 1.76336 222.42705 386.00000
v 2.85317 220.92705 386.00000
v 2.85317 219.07295 386.00000
v 1.76336 217.57295 386.00000
v 0.00000 217.00000 386.00000
v -1.76336 217.57295 386.00000
v -2.85317 219.07295 386.00000
v -2.85317 220.92705 386.00000
v -1.76336 222.42705 386.00000
f 4413 4415 4414
f 4423 4424 4425
f 4413 4416 4415
f 4423 4425 4426
f 4413 4417 4416
f 4423 4426 4427
f 4413 4418 4417
f 4423 4427 4428
f 4413 4419 4418
f 4423 4428 4429
f 4413 4420 4419
f 4423 4429 4430
f 4413 4421 4420
f 4423 4430 4431
f 4413 4422 4421
f 4423 4431 4432
f 4413 4414 4424
f 4413 4424 4423
f 4414 4415 4425
f 4414 4425 4424
f 4415 4416 4426
f 4415 4426 4425
f 4416 4417 4427
f 4416 4427 4426
f 4417 4418 4428
f 4417 4428 4427
f 4418 4419 4429
f 4418 4429 4428
f 4419 4420 4430
f 4419 4430 4429
f 4420 4421 4431
f 4420 4431 4430
f 4421 4422 4432
f 4421 4432 4431
f 4422 4413 4423
f 4422 4423 4432
o Studio_softbox_236
usemtl Dark
v -29.00000 197.00000 369.00000
v 29.00000 197.00000 369.00000
v 29.00000 243.00000 369.00000
v -29.00000 243.00000 369.00000
v -29.00000 197.00000 387.00000
v 29.00000 197.00000 387.00000
v 29.00000 243.00000 387.00000
v -29.00000 243.00000 387.00000
f 4433 4435 4434
f 4433 4436 4435
f 4437 4438 4439
f 4437 4439 4440
f 4433 4434 4438
f 4433 4438 4437
f 4434 4435 4439
f 4434 4439 4438
f 4435 4436 4440
f 4435 4440 4439
f 4436 4433 4437
f 4436 4437 4440
o Softbox_diffuser_237
usemtl Light
v -25.00000 200.50000 367.00000
v 25.00000 200.50000 367.00000
v 25.00000 239.50000 367.00000
v -25.00000 239.50000 367.00000
v -25.00000 200.50000 369.00000
v 25.00000 200.50000 369.00000
v 25.00000 239.50000 369.00000
v -25.00000 239.50000 369.00000
f 4441 4443 4442
f 4441 4444 4443
f 4445 4446 4447
f 4445 4447 4448
f 4441 4442 4446
f 4441 4446 4445
f 4442 4443 4447
f 4442 4447 4446
f 4443 4444 4448
f 4443 4448 4447
f 4444 4441 4445
f 4444 4445 4448
o Lamp_hanger_238
usemtl Dark
v 190.00000 223.00000 414.00000
v 191.76336 222.42705 414.00000
v 192.85317 220.92705 414.00000
v 192.85317 219.07295 414.00000
v 191.76336 217.57295 414.00000
v 190.00000 217.00000 414.00000
v 188.23664 217.57295 414.00000
v 187.14683 219.07295 414.00000
v 187.14683 220.92705 414.00000
v 188.23664 222.42705 414.00000
v 190.00000 223.00000 386.00000
v 191.76336 222.42705 386.00000
v 192.85317 220.92705 386.00000
v 192.85317 219.07295 386.00000
v 191.76336 217.57295 386.00000
v 190.00000 217.00000 386.00000
v 188.23664 217.57295 386.00000
v 187.14683 219.07295 386.00000
v 187.14683 220.92705 386.00000
v 188.23664 222.42705 386.00000
f 4449 4451 4450
f 4459 4460 4461
f 4449 4452 4451
f 4459 4461 4462
f 4449 4453 4452
f 4459 4462 4463
f 4449 4454 4453
f 4459 4463 4464
f 4449 4455 4454
f 4459 4464 4465
f 4449 4456 4455
f 4459 4465 4466
f 4449 4457 4456
f 4459 4466 4467
f 4449 4458 4457
f 4459 4467 4468
f 4449 4450 4460
f 4449 4460 4459
f 4450 4451 4461
f 4450 4461 4460
f 4451 4452 4462
f 4451 4462 4461
f 4452 4453 4463
f 4452 4463 4462
f 4453 4454 4464
f 4453 4464 4463
f 4454 4455 4465
f 4454 4465 4464
f 4455 4456 4466
f 4455 4466 4465
f 4456 4457 4467
f 4456 4467 4466
f 4457 4458 4468
f 4457 4468 4467
f 4458 4449 4459
f 4458 4459 4468
o Studio_softbox_239
usemtl Dark
v 161.00000 197.00000 369.00000
v 219.00000 197.00000 369.00000
v 219.00000 243.00000 369.00000
v 161.00000 243.00000 369.00000
v 161.00000 197.00000 387.00000
v 219.00000 197.00000 387.00000
v 219.00000 243.00000 387.00000
v 161.00000 243.00000 387.00000
f 4469 4471 4470
f 4469 4472 4471
f 4473 4474 4475
f 4473 4475 4476
f 4469 4470 4474
f 4469 4474 4473
f 4470 4471 4475
f 4470 4475 4474
f 4471 4472 4476
f 4471 4476 4475
f 4472 4469 4473
f 4472 4473 4476
o Softbox_diffuser_240
usemtl Light
v 165.00000 200.50000 367.00000
v 215.00000 200.50000 367.00000
v 215.00000 239.50000 367.00000
v 165.00000 239.50000 367.00000
v 165.00000 200.50000 369.00000
v 215.00000 200.50000 369.00000
v 215.00000 239.50000 369.00000
v 165.00000 239.50000 369.00000
f 4477 4479 4478
f 4477 4480 4479
f 4481 4482 4483
f 4481 4483 4484
f 4477 4478 4482
f 4477 4482 4481
f 4478 4479 4483
f 4478 4483 4482
f 4479 4480 4484
f 4479 4484 4483
f 4480 4477 4481
f 4480 4481 4484
o Lamp_hanger_241
usemtl Dark
v 380.00000 223.00000 414.00000
v 381.76336 222.42705 414.00000
v 382.85317 220.92705 414.00000
v 382.85317 219.07295 414.00000
v 381.76336 217.57295 414.00000
v 380.00000 217.00000 414.00000
v 378.23664 217.57295 414.00000
v 377.14683 219.07295 414.00000
v 377.14683 220.92705 414.00000
v 378.23664 222.42705 414.00000
v 380.00000 223.00000 386.00000
v 381.76336 222.42705 386.00000
v 382.85317 220.92705 386.00000
v 382.85317 219.07295 386.00000
v 381.76336 217.57295 386.00000
v 380.00000 217.00000 386.00000
v 378.23664 217.57295 386.00000
v 377.14683 219.07295 386.00000
v 377.14683 220.92705 386.00000
v 378.23664 222.42705 386.00000
f 4485 4487 4486
f 4495 4496 4497
f 4485 4488 4487
f 4495 4497 4498
f 4485 4489 4488
f 4495 4498 4499
f 4485 4490 4489
f 4495 4499 4500
f 4485 4491 4490
f 4495 4500 4501
f 4485 4492 4491
f 4495 4501 4502
f 4485 4493 4492
f 4495 4502 4503
f 4485 4494 4493
f 4495 4503 4504
f 4485 4486 4496
f 4485 4496 4495
f 4486 4487 4497
f 4486 4497 4496
f 4487 4488 4498
f 4487 4498 4497
f 4488 4489 4499
f 4488 4499 4498
f 4489 4490 4500
f 4489 4500 4499
f 4490 4491 4501
f 4490 4501 4500
f 4491 4492 4502
f 4491 4502 4501
f 4492 4493 4503
f 4492 4503 4502
f 4493 4494 4504
f 4493 4504 4503
f 4494 4485 4495
f 4494 4495 4504
o Studio_softbox_242
usemtl Dark
v 351.00000 197.00000 369.00000
v 409.00000 197.00000 369.00000
v 409.00000 243.00000 369.00000
v 351.00000 243.00000 369.00000
v 351.00000 197.00000 387.00000
v 409.00000 197.00000 387.00000
v 409.00000 243.00000 387.00000
v 351.00000 243.00000 387.00000
f 4505 4507 4506
f 4505 4508 4507
f 4509 4510 4511
f 4509 4511 4512
f 4505 4506 4510
f 4505 4510 4509
f 4506 4507 4511
f 4506 4511 4510
f 4507 4508 4512
f 4507 4512 4511
f 4508 4505 4509
f 4508 4509 4512
o Softbox_diffuser_243
usemtl Light
v 355.00000 200.50000 367.00000
v 405.00000 200.50000 367.00000
v 405.00000 239.50000 367.00000
v 355.00000 239.50000 367.00000
v 355.00000 200.50000 369.00000
v 405.00000 200.50000 369.00000
v 405.00000 239.50000 369.00000
v 355.00000 239.50000 369.00000
f 4513 4515 4514
f 4513 4516 4515
f 4517 4518 4519
f 4517 4519 4520
f 4513 4514 4518
f 4513 4518 4517
f 4514 4515 4519
f 4514 4519 4518
f 4515 4516 4520
f 4515 4520 4519
f 4516 4513 4517
f 4516 4517 4520
o Camera_tripod_244
usemtl Metal
v -382.00000 -351.94619 3.56567
v -380.28986 -351.46458 3.03540
v -379.23294 -350.04159 2.49162
v -379.23294 -348.22075 2.14202
v -380.28986 -346.69755 2.12013
v -382.00000 -346.05381 2.43433
v -383.71014 -346.53542 2.96460
v -384.76706 -347.95841 3.50838
v -384.76706 -349.77925 3.85798
v -383.71014 -351.30245 3.87987
v -350.00000 -327.94619 128.56567
v -348.28986 -327.46458 128.03540
v -347.23294 -326.04159 127.49162
v -347.23294 -324.22075 127.14202
v -348.28986 -322.69755 127.12013
v -350.00000 -322.05381 127.43433
v -351.71014 -322.53542 127.96460
v -352.76706 -323.95841 128.50838
v -352.76706 -325.77925 128.85798
v -351.71014 -327.30245 128.87987
f 4521 4523 4522
f 4531 4532 4533
f 4521 4524 4523
f 4531 4533 4534
f 4521 4525 4524
f 4531 4534 4535
f 4521 4526 4525
f 4531 4535 4536
f 4521 4527 4526
f 4531 4536 4537
f 4521 4528 4527
f 4531 4537 4538
f 4521 4529 4528
f 4531 4538 4539
f 4521 4530 4529
f 4531 4539 4540
f 4521 4522 4532
f 4521 4532 4531
f 4522 4523 4533
f 4522 4533 4532
f 4523 4524 4534
f 4523 4534 4533
f 4524 4525 4535
f 4524 4535 4534
f 4525 4526 4536
f 4525 4536 4535
f 4526 4527 4537
f 4526 4537 4536
f 4527 4528 4538
f 4527 4538 4537
f 4528 4529 4539
f 4528 4539 4538
f 4529 4530 4540
f 4529 4540 4539
f 4530 4521 4531
f 4530 4531 4540
o Camera_tripod_245
usemtl Metal
v -318.00000 -351.94619 3.56567
v -316.28986 -351.30245 3.87987
v -315.23294 -349.77925 3.85798
v -315.23294 -347.95841 3.50838
v -316.28986 -346.53542 2.96460
v -318.00000 -346.05381 2.43433
v -319.71014 -346.69755 2.12013
v -320.76706 -348.22075 2.14202
v -320.76706 -350.04159 2.49162
v -319.71014 -351.46458 3.03540
v -350.00000 -327.94619 128.56567
v -348.28986 -327.30245 128.87987
v -347.23294 -325.77925 128.85798
v -347.23294 -323.95841 128.50838
v -348.28986 -322.53542 127.96460
v -350.00000 -322.05381 127.43433
v -351.71014 -322.69755 127.12013
v -352.76706 -324.22075 127.14202
v -352.76706 -326.04159 127.49162
v -351.71014 -327.46458 128.03540
f 4541 4543 4542
f 4551 4552 4553
f 4541 4544 4543
f 4551 4553 4554
f 4541 4545 4544
f 4551 4554 4555
f 4541 4546 4545
f 4551 4555 4556
f 4541 4547 4546
f 4551 4556 4557
f 4541 4548 4547
f 4551 4557 4558
f 4541 4549 4548
f 4551 4558 4559
f 4541 4550 4549
f 4551 4559 4560
f 4541 4542 4552
f 4541 4552 4551
f 4542 4543 4553
f 4542 4553 4552
f 4543 4544 4554
f 4543 4554 4553
f 4544 4545 4555
f 4544 4555 4554
f 4545 4546 4556
f 4545 4556 4555
f 4546 4547 4557
f 4546 4557 4556
f 4547 4548 4558
f 4547 4558 4557
f 4548 4549 4559
f 4548 4559 4558
f 4549 4550 4560
f 4549 4560 4559
f 4550 4541 4551
f 4550 4551 4560
o Camera_tripod_246
usemtl Metal
v -350.00000 -289.87030 2.12743
v -348.23664 -289.32212 2.29408
v -347.14683 -287.88697 2.73036
v -347.14683 -286.11303 3.26964
v -348.23664 -284.67788 3.70592
v -350.00000 -284.12970 3.87257
v -351.76336 -284.67788 3.70592
v -352.85317 -286.11303 3.26964
v -352.85317 -287.88697 2.73036
v -351.76336 -289.32212 2.29408
v -350.00000 -327.87030 127.12743
v -348.23664 -327.32212 127.29408
v -347.14683 -325.88697 127.73036
v -347.14683 -324.11303 128.26964
v -348.23664 -322.67788 128.70592
v -350.00000 -322.12970 128.87257
v -351.76336 -322.67788 128.70592
v -352.85317 -324.11303 128.26964
v -352.85317 -325.88697 127.73036
v -351.76336 -327.32212 127.29408
f 4561 4563 4562
f 4571 4572 4573
f 4561 4564 4563
f 4571 4573 4574
f 4561 4565 4564
f 4571 4574 4575
f 4561 4566 4565
f 4571 4575 4576
f 4561 4567 4566
f 4571 4576 4577
f 4561 4568 4567
f 4571 4577 4578
f 4561 4569 4568
f 4571 4578 4579
f 4561 4570 4569
f 4571 4579 4580
f 4561 4562 4572
f 4561 4572 4571
f 4562 4563 4573
f 4562 4573 4572
f 4563 4564 4574
f 4563 4574 4573
f 4564 4565 4575
f 4564 4575 4574
f 4565 4566 4576
f 4565 4576 4575
f 4566 4567 4577
f 4566 4577 4576
f 4567 4568 4578
f 4567 4578 4577
f 4568 4569 4579
f 4568 4579 4578
f 4569 4570 4580
f 4569 4580 4579
f 4570 4561 4571
f 4570 4571 4580
o Camera_pedestal_247
usemtl Dark
v -350.00000 -332.00000 105.00000
v -345.88550 -330.66312 105.00000
v -343.34260 -327.16312 105.00000
v -343.34260 -322.83688 105.00000
v -345.88550 -319.33688 105.00000
v -350.00000 -318.00000 105.00000
v -354.11450 -319.33688 105.00000
v -356.65740 -322.83688 105.00000
v -356.65740 -327.16312 105.00000
v -354.11450 -330.66312 105.00000
v -350.00000 -332.00000 153.00000
v -345.88550 -330.66312 153.00000
v -343.34260 -327.16312 153.00000
v -343.34260 -322.83688 153.00000
v -345.88550 -319.33688 153.00000
v -350.00000 -318.00000 153.00000
v -354.11450 -319.33688 153.00000
v -356.65740 -322.83688 153.00000
v -356.65740 -327.16312 153.00000
v -354.11450 -330.66312 153.00000
f 4581 4583 4582
f 4591 4592 4593
f 4581 4584 4583
f 4591 4593 4594
f 4581 4585 4584
f 4591 4594 4595
f 4581 4586 4585
f 4591 4595 4596
f 4581 4587 4586
f 4591 4596 4597
f 4581 4588 4587
f 4591 4597 4598
f 4581 4589 4588
f 4591 4598 4599
f 4581 4590 4589
f 4591 4599 4600
f 4581 4582 4592
f 4581 4592 4591
f 4582 4583 4593
f 4582 4593 4592
f 4583 4584 4594
f 4583 4594 4593
f 4584 4585 4595
f 4584 4595 4594
f 4585 4586 4596
f 4585 4596 4595
f 4586 4587 4597
f 4586 4597 4596
f 4587 4588 4598
f 4587 4598 4597
f 4588 4589 4599
f 4588 4599 4598
f 4589 4590 4600
f 4589 4600 4599
f 4590 4581 4591
f 4590 4591 4600
o Broadcast_camera_body_248
usemtl Dark
v -367.50000 -353.50000 154.00000
v -332.50000 -353.50000 154.00000
v -332.50000 -296.50000 154.00000
v -367.50000 -296.50000 154.00000
v -367.50000 -353.50000 184.00000
v -332.50000 -353.50000 184.00000
v -332.50000 -296.50000 184.00000
v -367.50000 -296.50000 184.00000
f 4601 4603 4602
f 4601 4604 4603
f 4605 4606 4607
f 4605 4607 4608
f 4601 4602 4606
f 4601 4606 4605
f 4602 4603 4607
f 4602 4607 4606
f 4603 4604 4608
f 4603 4608 4607
f 4604 4601 4605
f 4604 4605 4608
o Camera_lens_249
usemtl Dark
v -361.00000 -299.00000 169.00000
v -360.62518 -299.00000 171.84701
v -359.52628 -299.00000 174.50000
v -357.77817 -299.00000 176.77817
v -355.50000 -299.00000 178.52628
v -352.84701 -299.00000 179.62518
v -350.00000 -299.00000 180.00000
v -347.15299 -299.00000 179.62518
v -344.50000 -299.00000 178.52628
v -342.22183 -299.00000 176.77817
v -340.47372 -299.00000 174.50000
v -339.37482 -299.00000 171.84701
v -339.00000 -299.00000 169.00000
v -339.37482 -299.00000 166.15299
v -340.47372 -299.00000 163.50000
v -342.22183 -299.00000 161.22183
v -344.50000 -299.00000 159.47372
v -347.15299 -299.00000 158.37482
v -350.00000 -299.00000 158.00000
v -352.84701 -299.00000 158.37482
v -355.50000 -299.00000 159.47372
v -357.77817 -299.00000 161.22183
v -359.52628 -299.00000 163.50000
v -360.62518 -299.00000 166.15299
v -361.00000 -274.00000 169.00000
v -360.62518 -274.00000 171.84701
v -359.52628 -274.00000 174.50000
v -357.77817 -274.00000 176.77817
v -355.50000 -274.00000 178.52628
v -352.84701 -274.00000 179.62518
v -350.00000 -274.00000 180.00000
v -347.15299 -274.00000 179.62518
v -344.50000 -274.00000 178.52628
v -342.22183 -274.00000 176.77817
v -340.47372 -274.00000 174.50000
v -339.37482 -274.00000 171.84701
v -339.00000 -274.00000 169.00000
v -339.37482 -274.00000 166.15299
v -340.47372 -274.00000 163.50000
v -342.22183 -274.00000 161.22183
v -344.50000 -274.00000 159.47372
v -347.15299 -274.00000 158.37482
v -350.00000 -274.00000 158.00000
v -352.84701 -274.00000 158.37482
v -355.50000 -274.00000 159.47372
v -357.77817 -274.00000 161.22183
v -359.52628 -274.00000 163.50000
v -360.62518 -274.00000 166.15299
f 4609 4611 4610
f 4633 4634 4635
f 4609 4612 4611
f 4633 4635 4636
f 4609 4613 4612
f 4633 4636 4637
f 4609 4614 4613
f 4633 4637 4638
f 4609 4615 4614
f 4633 4638 4639
f 4609 4616 4615
f 4633 4639 4640
f 4609 4617 4616
f 4633 4640 4641
f 4609 4618 4617
f 4633 4641 4642
f 4609 4619 4618
f 4633 4642 4643
f 4609 4620 4619
f 4633 4643 4644
f 4609 4621 4620
f 4633 4644 4645
f 4609 4622 4621
f 4633 4645 4646
f 4609 4623 4622
f 4633 4646 4647
f 4609 4624 4623
f 4633 4647 4648
f 4609 4625 4624
f 4633 4648 4649
f 4609 4626 4625
f 4633 4649 4650
f 4609 4627 4626
f 4633 4650 4651
f 4609 4628 4627
f 4633 4651 4652
f 4609 4629 4628
f 4633 4652 4653
f 4609 4630 4629
f 4633 4653 4654
f 4609 4631 4630
f 4633 4654 4655
f 4609 4632 4631
f 4633 4655 4656
f 4609 4610 4634
f 4609 4634 4633
f 4610 4611 4635
f 4610 4635 4634
f 4611 4612 4636
f 4611 4636 4635
f 4612 4613 4637
f 4612 4637 4636
f 4613 4614 4638
f 4613 4638 4637
f 4614 4615 4639
f 4614 4639 4638
f 4615 4616 4640
f 4615 4640 4639
f 4616 4617 4641
f 4616 4641 4640
f 4617 4618 4642
f 4617 4642 4641
f 4618 4619 4643
f 4618 4643 4642
f 4619 4620 4644
f 4619 4644 4643
f 4620 4621 4645
f 4620 4645 4644
f 4621 4622 4646
f 4621 4646 4645
f 4622 4623 4647
f 4622 4647 4646
f 4623 4624 4648
f 4623 4648 4647
f 4624 4625 4649
f 4624 4649 4648
f 4625 4626 4650
f 4625 4650 4649
f 4626 4627 4651
f 4626 4651 4650
f 4627 4628 4652
f 4627 4652 4651
f 4628 4629 4653
f 4628 4653 4652
f 4629 4630 4654
f 4629 4654 4653
f 4630 4631 4655
f 4630 4655 4654
f 4631 4632 4656
f 4631 4656 4655
f 4632 4609 4633
f 4632 4633 4656
o Camera_lens_glass_250
usemtl Glass
v -359.00000 -274.00000 169.00000
v -358.69333 -274.00000 171.32937
v -357.79423 -274.00000 173.50000
v -356.36396 -274.00000 175.36396
v -354.50000 -274.00000 176.79423
v -352.32937 -274.00000 177.69333
v -350.00000 -274.00000 178.00000
v -347.67063 -274.00000 177.69333
v -345.50000 -274.00000 176.79423
v -343.63604 -274.00000 175.36396
v -342.20577 -274.00000 173.50000
v -341.30667 -274.00000 171.32937
v -341.00000 -274.00000 169.00000
v -341.30667 -274.00000 166.67063
v -342.20577 -274.00000 164.50000
v -343.63604 -274.00000 162.63604
v -345.50000 -274.00000 161.20577
v -347.67063 -274.00000 160.30667
v -350.00000 -274.00000 160.00000
v -352.32937 -274.00000 160.30667
v -354.50000 -274.00000 161.20577
v -356.36396 -274.00000 162.63604
v -357.79423 -274.00000 164.50000
v -358.69333 -274.00000 166.67063
v -359.00000 -273.00000 169.00000
v -358.69333 -273.00000 171.32937
v -357.79423 -273.00000 173.50000
v -356.36396 -273.00000 175.36396
v -354.50000 -273.00000 176.79423
v -352.32937 -273.00000 177.69333
v -350.00000 -273.00000 178.00000
v -347.67063 -273.00000 177.69333
v -345.50000 -273.00000 176.79423
v -343.63604 -273.00000 175.36396
v -342.20577 -273.00000 173.50000
v -341.30667 -273.00000 171.32937
v -341.00000 -273.00000 169.00000
v -341.30667 -273.00000 166.67063
v -342.20577 -273.00000 164.50000
v -343.63604 -273.00000 162.63604
v -345.50000 -273.00000 161.20577
v -347.67063 -273.00000 160.30667
v -350.00000 -273.00000 160.00000
v -352.32937 -273.00000 160.30667
v -354.50000 -273.00000 161.20577
v -356.36396 -273.00000 162.63604
v -357.79423 -273.00000 164.50000
v -358.69333 -273.00000 166.67063
f 4657 4659 4658
f 4681 4682 4683
f 4657 4660 4659
f 4681 4683 4684
f 4657 4661 4660
f 4681 4684 4685
f 4657 4662 4661
f 4681 4685 4686
f 4657 4663 4662
f 4681 4686 4687
f 4657 4664 4663
f 4681 4687 4688
f 4657 4665 4664
f 4681 4688 4689
f 4657 4666 4665
f 4681 4689 4690
f 4657 4667 4666
f 4681 4690 4691
f 4657 4668 4667
f 4681 4691 4692
f 4657 4669 4668
f 4681 4692 4693
f 4657 4670 4669
f 4681 4693 4694
f 4657 4671 4670
f 4681 4694 4695
f 4657 4672 4671
f 4681 4695 4696
f 4657 4673 4672
f 4681 4696 4697
f 4657 4674 4673
f 4681 4697 4698
f 4657 4675 4674
f 4681 4698 4699
f 4657 4676 4675
f 4681 4699 4700
f 4657 4677 4676
f 4681 4700 4701
f 4657 4678 4677
f 4681 4701 4702
f 4657 4679 4678
f 4681 4702 4703
f 4657 4680 4679
f 4681 4703 4704
f 4657 4658 4682
f 4657 4682 4681
f 4658 4659 4683
f 4658 4683 4682
f 4659 4660 4684
f 4659 4684 4683
f 4660 4661 4685
f 4660 4685 4684
f 4661 4662 4686
f 4661 4686 4685
f 4662 4663 4687
f 4662 4687 4686
f 4663 4664 4688
f 4663 4688 4687
f 4664 4665 4689
f 4664 4689 4688
f 4665 4666 4690
f 4665 4690 4689
f 4666 4667 4691
f 4666 4691 4690
f 4667 4668 4692
f 4667 4692 4691
f 4668 4669 4693
f 4668 4693 4692
f 4669 4670 4694
f 4669 4694 4693
f 4670 4671 4695
f 4670 4695 4694
f 4671 4672 4696
f 4671 4696 4695
f 4672 4673 4697
f 4672 4697 4696
f 4673 4674 4698
f 4673 4698 4697
f 4674 4675 4699
f 4674 4699 4698
f 4675 4676 4700
f 4675 4700 4699
f 4676 4677 4701
f 4676 4701 4700
f 4677 4678 4702
f 4677 4702 4701
f 4678 4679 4703
f 4678 4703 4702
f 4679 4680 4704
f 4679 4704 4703
f 4680 4657 4681
f 4680 4681 4704
o Camera_handle_251
usemtl Metal
v -353.50000 -339.00000 189.50000
v -346.50000 -339.00000 189.50000
v -346.50000 -311.00000 189.50000
v -353.50000 -311.00000 189.50000
v -353.50000 -339.00000 194.50000
v -346.50000 -339.00000 194.50000
v -346.50000 -311.00000 194.50000
v -353.50000 -311.00000 194.50000
f 4705 4707 4706
f 4705 4708 4707
f 4709 4710 4711
f 4709 4711 4712
f 4705 4706 4710
f 4705 4710 4709
f 4706 4707 4711
f 4706 4711 4710
f 4707 4708 4712
f 4707 4712 4711
f 4708 4705 4709
f 4708 4709 4712
o Camera_tripod_252
usemtl Metal
v 318.00000 -351.94619 3.56567
v 319.71014 -351.46458 3.03540
v 320.76706 -350.04159 2.49162
v 320.76706 -348.22075 2.14202
v 319.71014 -346.69755 2.12013
v 318.00000 -346.05381 2.43433
v 316.28986 -346.53542 2.96460
v 315.23294 -347.95841 3.50838
v 315.23294 -349.77925 3.85798
v 316.28986 -351.30245 3.87987
v 350.00000 -327.94619 128.56567
v 351.71014 -327.46458 128.03540
v 352.76706 -326.04159 127.49162
v 352.76706 -324.22075 127.14202
v 351.71014 -322.69755 127.12013
v 350.00000 -322.05381 127.43433
v 348.28986 -322.53542 127.96460
v 347.23294 -323.95841 128.50838
v 347.23294 -325.77925 128.85798
v 348.28986 -327.30245 128.87987
f 4713 4715 4714
f 4723 4724 4725
f 4713 4716 4715
f 4723 4725 4726
f 4713 4717 4716
f 4723 4726 4727
f 4713 4718 4717
f 4723 4727 4728
f 4713 4719 4718
f 4723 4728 4729
f 4713 4720 4719
f 4723 4729 4730
f 4713 4721 4720
f 4723 4730 4731
f 4713 4722 4721
f 4723 4731 4732
f 4713 4714 4724
f 4713 4724 4723
f 4714 4715 4725
f 4714 4725 4724
f 4715 4716 4726
f 4715 4726 4725
f 4716 4717 4727
f 4716 4727 4726
f 4717 4718 4728
f 4717 4728 4727
f 4718 4719 4729
f 4718 4729 4728
f 4719 4720 4730
f 4719 4730 4729
f 4720 4721 4731
f 4720 4731 4730
f 4721 4722 4732
f 4721 4732 4731
f 4722 4713 4723
f 4722 4723 4732
o Camera_tripod_253
usemtl Metal
v 382.00000 -351.94619 3.56567
v 383.71014 -351.30245 3.87987
v 384.76706 -349.77925 3.85798
v 384.76706 -347.95841 3.50838
v 383.71014 -346.53542 2.96460
v 382.00000 -346.05381 2.43433
v 380.28986 -346.69755 2.12013
v 379.23294 -348.22075 2.14202
v 379.23294 -350.04159 2.49162
v 380.28986 -351.46458 3.03540
v 350.00000 -327.94619 128.56567
v 351.71014 -327.30245 128.87987
v 352.76706 -325.77925 128.85798
v 352.76706 -323.95841 128.50838
v 351.71014 -322.53542 127.96460
v 350.00000 -322.05381 127.43433
v 348.28986 -322.69755 127.12013
v 347.23294 -324.22075 127.14202
v 347.23294 -326.04159 127.49162
v 348.28986 -327.46458 128.03540
f 4733 4735 4734
f 4743 4744 4745
f 4733 4736 4735
f 4743 4745 4746
f 4733 4737 4736
f 4743 4746 4747
f 4733 4738 4737
f 4743 4747 4748
f 4733 4739 4738
f 4743 4748 4749
f 4733 4740 4739
f 4743 4749 4750
f 4733 4741 4740
f 4743 4750 4751
f 4733 4742 4741
f 4743 4751 4752
f 4733 4734 4744
f 4733 4744 4743
f 4734 4735 4745
f 4734 4745 4744
f 4735 4736 4746
f 4735 4746 4745
f 4736 4737 4747
f 4736 4747 4746
f 4737 4738 4748
f 4737 4748 4747
f 4738 4739 4749
f 4738 4749 4748
f 4739 4740 4750
f 4739 4750 4749
f 4740 4741 4751
f 4740 4751 4750
f 4741 4742 4752
f 4741 4752 4751
f 4742 4733 4743
f 4742 4743 4752
o Camera_tripod_254
usemtl Metal
v 350.00000 -289.87030 2.12743
v 351.76336 -289.32212 2.29408
v 352.85317 -287.88697 2.73036
v 352.85317 -286.11303 3.26964
v 351.76336 -284.67788 3.70592
v 350.00000 -284.12970 3.87257
v 348.23664 -284.67788 3.70592
v 347.14683 -286.11303 3.26964
v 347.14683 -287.88697 2.73036
v 348.23664 -289.32212 2.29408
v 350.00000 -327.87030 127.12743
v 351.76336 -327.32212 127.29408
v 352.85317 -325.88697 127.73036
v 352.85317 -324.11303 128.26964
v 351.76336 -322.67788 128.70592
v 350.00000 -322.12970 128.87257
v 348.23664 -322.67788 128.70592
v 347.14683 -324.11303 128.26964
v 347.14683 -325.88697 127.73036
v 348.23664 -327.32212 127.29408
f 4753 4755 4754
f 4763 4764 4765
f 4753 4756 4755
f 4763 4765 4766
f 4753 4757 4756
f 4763 4766 4767
f 4753 4758 4757
f 4763 4767 4768
f 4753 4759 4758
f 4763 4768 4769
f 4753 4760 4759
f 4763 4769 4770
f 4753 4761 4760
f 4763 4770 4771
f 4753 4762 4761
f 4763 4771 4772
f 4753 4754 4764
f 4753 4764 4763
f 4754 4755 4765
f 4754 4765 4764
f 4755 4756 4766
f 4755 4766 4765
f 4756 4757 4767
f 4756 4767 4766
f 4757 4758 4768
f 4757 4768 4767
f 4758 4759 4769
f 4758 4769 4768
f 4759 4760 4770
f 4759 4770 4769
f 4760 4761 4771
f 4760 4771 4770
f 4761 4762 4772
f 4761 4772 4771
f 4762 4753 4763
f 4762 4763 4772
o Camera_pedestal_255
usemtl Dark
v 350.00000 -332.00000 105.00000
v 354.11450 -330.66312 105.00000
v 356.65740 -327.16312 105.00000
v 356.65740 -322.83688 105.00000
v 354.11450 -319.33688 105.00000
v 350.00000 -318.00000 105.00000
v 345.88550 -319.33688 105.00000
v 343.34260 -322.83688 105.00000
v 343.34260 -327.16312 105.00000
v 345.88550 -330.66312 105.00000
v 350.00000 -332.00000 153.00000
v 354.11450 -330.66312 153.00000
v 356.65740 -327.16312 153.00000
v 356.65740 -322.83688 153.00000
v 354.11450 -319.33688 153.00000
v 350.00000 -318.00000 153.00000
v 345.88550 -319.33688 153.00000
v 343.34260 -322.83688 153.00000
v 343.34260 -327.16312 153.00000
v 345.88550 -330.66312 153.00000
f 4773 4775 4774
f 4783 4784 4785
f 4773 4776 4775
f 4783 4785 4786
f 4773 4777 4776
f 4783 4786 4787
f 4773 4778 4777
f 4783 4787 4788
f 4773 4779 4778
f 4783 4788 4789
f 4773 4780 4779
f 4783 4789 4790
f 4773 4781 4780
f 4783 4790 4791
f 4773 4782 4781
f 4783 4791 4792
f 4773 4774 4784
f 4773 4784 4783
f 4774 4775 4785
f 4774 4785 4784
f 4775 4776 4786
f 4775 4786 4785
f 4776 4777 4787
f 4776 4787 4786
f 4777 4778 4788
f 4777 4788 4787
f 4778 4779 4789
f 4778 4789 4788
f 4779 4780 4790
f 4779 4790 4789
f 4780 4781 4791
f 4780 4791 4790
f 4781 4782 4792
f 4781 4792 4791
f 4782 4773 4783
f 4782 4783 4792
o Broadcast_camera_body_256
usemtl Dark
v 332.50000 -353.50000 154.00000
v 367.50000 -353.50000 154.00000
v 367.50000 -296.50000 154.00000
v 332.50000 -296.50000 154.00000
v 332.50000 -353.50000 184.00000
v 367.50000 -353.50000 184.00000
v 367.50000 -296.50000 184.00000
v 332.50000 -296.50000 184.00000
f 4793 4795 4794
f 4793 4796 4795
f 4797 4798 4799
f 4797 4799 4800
f 4793 4794 4798
f 4793 4798 4797
f 4794 4795 4799
f 4794 4799 4798
f 4795 4796 4800
f 4795 4800 4799
f 4796 4793 4797
f 4796 4797 4800
o Camera_lens_257
usemtl Dark
v 339.00000 -299.00000 169.00000
v 339.37482 -299.00000 171.84701
v 340.47372 -299.00000 174.50000
v 342.22183 -299.00000 176.77817
v 344.50000 -299.00000 178.52628
v 347.15299 -299.00000 179.62518
v 350.00000 -299.00000 180.00000
v 352.84701 -299.00000 179.62518
v 355.50000 -299.00000 178.52628
v 357.77817 -299.00000 176.77817
v 359.52628 -299.00000 174.50000
v 360.62518 -299.00000 171.84701
v 361.00000 -299.00000 169.00000
v 360.62518 -299.00000 166.15299
v 359.52628 -299.00000 163.50000
v 357.77817 -299.00000 161.22183
v 355.50000 -299.00000 159.47372
v 352.84701 -299.00000 158.37482
v 350.00000 -299.00000 158.00000
v 347.15299 -299.00000 158.37482
v 344.50000 -299.00000 159.47372
v 342.22183 -299.00000 161.22183
v 340.47372 -299.00000 163.50000
v 339.37482 -299.00000 166.15299
v 339.00000 -274.00000 169.00000
v 339.37482 -274.00000 171.84701
v 340.47372 -274.00000 174.50000
v 342.22183 -274.00000 176.77817
v 344.50000 -274.00000 178.52628
v 347.15299 -274.00000 179.62518
v 350.00000 -274.00000 180.00000
v 352.84701 -274.00000 179.62518
v 355.50000 -274.00000 178.52628
v 357.77817 -274.00000 176.77817
v 359.52628 -274.00000 174.50000
v 360.62518 -274.00000 171.84701
v 361.00000 -274.00000 169.00000
v 360.62518 -274.00000 166.15299
v 359.52628 -274.00000 163.50000
v 357.77817 -274.00000 161.22183
v 355.50000 -274.00000 159.47372
v 352.84701 -274.00000 158.37482
v 350.00000 -274.00000 158.00000
v 347.15299 -274.00000 158.37482
v 344.50000 -274.00000 159.47372
v 342.22183 -274.00000 161.22183
v 340.47372 -274.00000 163.50000
v 339.37482 -274.00000 166.15299
f 4801 4803 4802
f 4825 4826 4827
f 4801 4804 4803
f 4825 4827 4828
f 4801 4805 4804
f 4825 4828 4829
f 4801 4806 4805
f 4825 4829 4830
f 4801 4807 4806
f 4825 4830 4831
f 4801 4808 4807
f 4825 4831 4832
f 4801 4809 4808
f 4825 4832 4833
f 4801 4810 4809
f 4825 4833 4834
f 4801 4811 4810
f 4825 4834 4835
f 4801 4812 4811
f 4825 4835 4836
f 4801 4813 4812
f 4825 4836 4837
f 4801 4814 4813
f 4825 4837 4838
f 4801 4815 4814
f 4825 4838 4839
f 4801 4816 4815
f 4825 4839 4840
f 4801 4817 4816
f 4825 4840 4841
f 4801 4818 4817
f 4825 4841 4842
f 4801 4819 4818
f 4825 4842 4843
f 4801 4820 4819
f 4825 4843 4844
f 4801 4821 4820
f 4825 4844 4845
f 4801 4822 4821
f 4825 4845 4846
f 4801 4823 4822
f 4825 4846 4847
f 4801 4824 4823
f 4825 4847 4848
f 4801 4802 4826
f 4801 4826 4825
f 4802 4803 4827
f 4802 4827 4826
f 4803 4804 4828
f 4803 4828 4827
f 4804 4805 4829
f 4804 4829 4828
f 4805 4806 4830
f 4805 4830 4829
f 4806 4807 4831
f 4806 4831 4830
f 4807 4808 4832
f 4807 4832 4831
f 4808 4809 4833
f 4808 4833 4832
f 4809 4810 4834
f 4809 4834 4833
f 4810 4811 4835
f 4810 4835 4834
f 4811 4812 4836
f 4811 4836 4835
f 4812 4813 4837
f 4812 4837 4836
f 4813 4814 4838
f 4813 4838 4837
f 4814 4815 4839
f 4814 4839 4838
f 4815 4816 4840
f 4815 4840 4839
f 4816 4817 4841
f 4816 4841 4840
f 4817 4818 4842
f 4817 4842 4841
f 4818 4819 4843
f 4818 4843 4842
f 4819 4820 4844
f 4819 4844 4843
f 4820 4821 4845
f 4820 4845 4844
f 4821 4822 4846
f 4821 4846 4845
f 4822 4823 4847
f 4822 4847 4846
f 4823 4824 4848
f 4823 4848 4847
f 4824 4801 4825
f 4824 4825 4848
o Camera_lens_glass_258
usemtl Glass
v 341.00000 -274.00000 169.00000
v 341.30667 -274.00000 171.32937
v 342.20577 -274.00000 173.50000
v 343.63604 -274.00000 175.36396
v 345.50000 -274.00000 176.79423
v 347.67063 -274.00000 177.69333
v 350.00000 -274.00000 178.00000
v 352.32937 -274.00000 177.69333
v 354.50000 -274.00000 176.79423
v 356.36396 -274.00000 175.36396
v 357.79423 -274.00000 173.50000
v 358.69333 -274.00000 171.32937
v 359.00000 -274.00000 169.00000
v 358.69333 -274.00000 166.67063
v 357.79423 -274.00000 164.50000
v 356.36396 -274.00000 162.63604
v 354.50000 -274.00000 161.20577
v 352.32937 -274.00000 160.30667
v 350.00000 -274.00000 160.00000
v 347.67063 -274.00000 160.30667
v 345.50000 -274.00000 161.20577
v 343.63604 -274.00000 162.63604
v 342.20577 -274.00000 164.50000
v 341.30667 -274.00000 166.67063
v 341.00000 -273.00000 169.00000
v 341.30667 -273.00000 171.32937
v 342.20577 -273.00000 173.50000
v 343.63604 -273.00000 175.36396
v 345.50000 -273.00000 176.79423
v 347.67063 -273.00000 177.69333
v 350.00000 -273.00000 178.00000
v 352.32937 -273.00000 177.69333
v 354.50000 -273.00000 176.79423
v 356.36396 -273.00000 175.36396
v 357.79423 -273.00000 173.50000
v 358.69333 -273.00000 171.32937
v 359.00000 -273.00000 169.00000
v 358.69333 -273.00000 166.67063
v 357.79423 -273.00000 164.50000
v 356.36396 -273.00000 162.63604
v 354.50000 -273.00000 161.20577
v 352.32937 -273.00000 160.30667
v 350.00000 -273.00000 160.00000
v 347.67063 -273.00000 160.30667
v 345.50000 -273.00000 161.20577
v 343.63604 -273.00000 162.63604
v 342.20577 -273.00000 164.50000
v 341.30667 -273.00000 166.67063
f 4849 4851 4850
f 4873 4874 4875
f 4849 4852 4851
f 4873 4875 4876
f 4849 4853 4852
f 4873 4876 4877
f 4849 4854 4853
f 4873 4877 4878
f 4849 4855 4854
f 4873 4878 4879
f 4849 4856 4855
f 4873 4879 4880
f 4849 4857 4856
f 4873 4880 4881
f 4849 4858 4857
f 4873 4881 4882
f 4849 4859 4858
f 4873 4882 4883
f 4849 4860 4859
f 4873 4883 4884
f 4849 4861 4860
f 4873 4884 4885
f 4849 4862 4861
f 4873 4885 4886
f 4849 4863 4862
f 4873 4886 4887
f 4849 4864 4863
f 4873 4887 4888
f 4849 4865 4864
f 4873 4888 4889
f 4849 4866 4865
f 4873 4889 4890
f 4849 4867 4866
f 4873 4890 4891
f 4849 4868 4867
f 4873 4891 4892
f 4849 4869 4868
f 4873 4892 4893
f 4849 4870 4869
f 4873 4893 4894
f 4849 4871 4870
f 4873 4894 4895
f 4849 4872 4871
f 4873 4895 4896
f 4849 4850 4874
f 4849 4874 4873
f 4850 4851 4875
f 4850 4875 4874
f 4851 4852 4876
f 4851 4876 4875
f 4852 4853 4877
f 4852 4877 4876
f 4853 4854 4878
f 4853 4878 4877
f 4854 4855 4879
f 4854 4879 4878
f 4855 4856 4880
f 4855 4880 4879
f 4856 4857 4881
f 4856 4881 4880
f 4857 4858 4882
f 4857 4882 4881
f 4858 4859 4883
f 4858 4883 4882
f 4859 4860 4884
f 4859 4884 4883
f 4860 4861 4885
f 4860 4885 4884
f 4861 4862 4886
f 4861 4886 4885
f 4862 4863 4887
f 4862 4887 4886
f 4863 4864 4888
f 4863 4888 4887
f 4864 4865 4889
f 4864 4889 4888
f 4865 4866 4890
f 4865 4890 4889
f 4866 4867 4891
f 4866 4891 4890
f 4867 4868 4892
f 4867 4892 4891
f 4868 4869 4893
f 4868 4893 4892
f 4869 4870 4894
f 4869 4894 4893
f 4870 4871 4895
f 4870 4895 4894
f 4871 4872 4896
f 4871 4896 4895
f 4872 4849 4873
f 4872 4873 4896
o Camera_handle_259
usemtl Metal
v 346.50000 -339.00000 189.50000
v 353.50000 -339.00000 189.50000
v 353.50000 -311.00000 189.50000
v 346.50000 -311.00000 189.50000
v 346.50000 -339.00000 194.50000
v 353.50000 -339.00000 194.50000
v 353.50000 -311.00000 194.50000
v 346.50000 -311.00000 194.50000
f 4897 4899 4898
f 4897 4900 4899
f 4901 4902 4903
f 4901 4903 4904
f 4897 4898 4902
f 4897 4902 4901
f 4898 4899 4903
f 4898 4903 4902
f 4899 4900 4904
f 4899 4904 4903
f 4900 4897 4901
f 4900 4901 4904
o Central_identity_panel_260
usemtl Dark
v -152.50000 410.00000 214.00000
v 152.50000 410.00000 214.00000
v 152.50000 416.00000 214.00000
v -152.50000 416.00000 214.00000
v -152.50000 410.00000 316.00000
v 152.50000 410.00000 316.00000
v 152.50000 416.00000 316.00000
v -152.50000 416.00000 316.00000
f 4905 4907 4906
f 4905 4908 4907
f 4909 4910 4911
f 4909 4911 4912
f 4905 4906 4910
f 4905 4910 4909
f 4906 4907 4911
f 4906 4911 4910
f 4907 4908 4912
f 4907 4912 4911
f 4908 4905 4909
f 4908 4909 4912
o Identity_letter_N_261
usemtl White
v -109.50000 406.50000 282.00000
v -100.50000 406.50000 282.00000
v -100.50000 409.50000 282.00000
v -109.50000 409.50000 282.00000
v -109.50000 406.50000 292.00000
v -100.50000 406.50000 292.00000
v -100.50000 409.50000 292.00000
v -109.50000 409.50000 292.00000
f 4913 4915 4914
f 4913 4916 4915
f 4917 4918 4919
f 4917 4919 4920
f 4913 4914 4918
f 4913 4918 4917
f 4914 4915 4919
f 4914 4919 4918
f 4915 4916 4920
f 4915 4920 4919
f 4916 4913 4917
f 4916 4917 4920
o Identity_letter_N_262
usemtl White
v -69.50000 406.50000 282.00000
v -60.50000 406.50000 282.00000
v -60.50000 409.50000 282.00000
v -69.50000 409.50000 282.00000
v -69.50000 406.50000 292.00000
v -60.50000 406.50000 292.00000
v -60.50000 409.50000 292.00000
v -69.50000 409.50000 292.00000
f 4921 4923 4922
f 4921 4924 4923
f 4925 4926 4927
f 4925 4927 4928
f 4921 4922 4926
f 4921 4926 4925
f 4922 4923 4927
f 4922 4927 4926
f 4923 4924 4928
f 4923 4928 4927
f 4924 4921 4925
f 4924 4925 4928
o Identity_letter_N_263
usemtl White
v -109.50000 406.50000 271.00000
v -100.50000 406.50000 271.00000
v -100.50000 409.50000 271.00000
v -109.50000 409.50000 271.00000
v -109.50000 406.50000 281.00000
v -100.50000 406.50000 281.00000
v -100.50000 409.50000 281.00000
v -109.50000 409.50000 281.00000
f 4929 4931 4930
f 4929 4932 4931
f 4933 4934 4935
f 4933 4935 4936
f 4929 4930 4934
f 4929 4934 4933
f 4930 4931 4935
f 4930 4935 4934
f 4931 4932 4936
f 4931 4936 4935
f 4932 4929 4933
f 4932 4933 4936
o Identity_letter_N_264
usemtl White
v -99.50000 406.50000 271.00000
v -90.50000 406.50000 271.00000
v -90.50000 409.50000 271.00000
v -99.50000 409.50000 271.00000
v -99.50000 406.50000 281.00000
v -90.50000 406.50000 281.00000
v -90.50000 409.50000 281.00000
v -99.50000 409.50000 281.00000
f 4937 4939 4938
f 4937 4940 4939
f 4941 4942 4943
f 4941 4943 4944
f 4937 4938 4942
f 4937 4942 4941
f 4938 4939 4943
f 4938 4943 4942
f 4939 4940 4944
f 4939 4944 4943
f 4940 4937 4941
f 4940 4941 4944
o Identity_letter_N_265
usemtl White
v -69.50000 406.50000 271.00000
v -60.50000 406.50000 271.00000
v -60.50000 409.50000 271.00000
v -69.50000 409.50000 271.00000
v -69.50000 406.50000 281.00000
v -60.50000 406.50000 281.00000
v -60.50000 409.50000 281.00000
v -69.50000 409.50000 281.00000
f 4945 4947 4946
f 4945 4948 4947
f 4949 4950 4951
f 4949 4951 4952
f 4945 4946 4950
f 4945 4950 4949
f 4946 4947 4951
f 4946 4951 4950
f 4947 4948 4952
f 4947 4952 4951
f 4948 4945 4949
f 4948 4949 4952
o Identity_letter_N_266
usemtl White
v -109.50000 406.50000 260.00000
v -100.50000 406.50000 260.00000
v -100.50000 409.50000 260.00000
v -109.50000 409.50000 260.00000
v -109.50000 406.50000 270.00000
v -100.50000 406.50000 270.00000
v -100.50000 409.50000 270.00000
v -109.50000 409.50000 270.00000
f 4953 4955 4954
f 4953 4956 4955
f 4957 4958 4959
f 4957 4959 4960
f 4953 4954 4958
f 4953 4958 4957
f 4954 4955 4959
f 4954 4959 4958
f 4955 4956 4960
f 4955 4960 4959
f 4956 4953 4957
f 4956 4957 4960
o Identity_letter_N_267
usemtl White
v -89.50000 406.50000 260.00000
v -80.50000 406.50000 260.00000
v -80.50000 409.50000 260.00000
v -89.50000 409.50000 260.00000
v -89.50000 406.50000 270.00000
v -80.50000 406.50000 270.00000
v -80.50000 409.50000 270.00000
v -89.50000 409.50000 270.00000
f 4961 4963 4962
f 4961 4964 4963
f 4965 4966 4967
f 4965 4967 4968
f 4961 4962 4966
f 4961 4966 4965
f 4962 4963 4967
f 4962 4967 4966
f 4963 4964 4968
f 4963 4968 4967
f 4964 4961 4965
f 4964 4965 4968
o Identity_letter_N_268
usemtl White
v -69.50000 406.50000 260.00000
v -60.50000 406.50000 260.00000
v -60.50000 409.50000 260.00000
v -69.50000 409.50000 260.00000
v -69.50000 406.50000 270.00000
v -60.50000 406.50000 270.00000
v -60.50000 409.50000 270.00000
v -69.50000 409.50000 270.00000
f 4969 4971 4970
f 4969 4972 4971
f 4973 4974 4975
f 4973 4975 4976
f 4969 4970 4974
f 4969 4974 4973
f 4970 4971 4975
f 4970 4975 4974
f 4971 4972 4976
f 4971 4976 4975
f 4972 4969 4973
f 4972 4973 4976
o Identity_letter_N_269
usemtl White
v -109.50000 406.50000 249.00000
v -100.50000 406.50000 249.00000
v -100.50000 409.50000 249.00000
v -109.50000 409.50000 249.00000
v -109.50000 406.50000 259.00000
v -100.50000 406.50000 259.00000
v -100.50000 409.50000 259.00000
v -109.50000 409.50000 259.00000
f 4977 4979 4978
f 4977 4980 4979
f 4981 4982 4983
f 4981 4983 4984
f 4977 4978 4982
f 4977 4982 4981
f 4978 4979 4983
f 4978 4983 4982
f 4979 4980 4984
f 4979 4984 4983
f 4980 4977 4981
f 4980 4981 4984
o Identity_letter_N_270
usemtl White
v -79.50000 406.50000 249.00000
v -70.50000 406.50000 249.00000
v -70.50000 409.50000 249.00000
v -79.50000 409.50000 249.00000
v -79.50000 406.50000 259.00000
v -70.50000 406.50000 259.00000
v -70.50000 409.50000 259.00000
v -79.50000 409.50000 259.00000
f 4985 4987 4986
f 4985 4988 4987
f 4989 4990 4991
f 4989 4991 4992
f 4985 4986 4990
f 4985 4990 4989
f 4986 4987 4991
f 4986 4991 4990
f 4987 4988 4992
f 4987 4992 4991
f 4988 4985 4989
f 4988 4989 4992
o Identity_letter_N_271
usemtl White
v -69.50000 406.50000 249.00000
v -60.50000 406.50000 249.00000
v -60.50000 409.50000 249.00000
v -69.50000 409.50000 249.00000
v -69.50000 406.50000 259.00000
v -60.50000 406.50000 259.00000
v -60.50000 409.50000 259.00000
v -69.50000 409.50000 259.00000
f 4993 4995 4994
f 4993 4996 4995
f 4997 4998 4999
f 4997 4999 5000
f 4993 4994 4998
f 4993 4998 4997
f 4994 4995 4999
f 4994 4999 4998
f 4995 4996 5000
f 4995 5000 4999
f 4996 4993 4997
f 4996 4997 5000
o Identity_letter_N_272
usemtl White
v -109.50000 406.50000 238.00000
v -100.50000 406.50000 238.00000
v -100.50000 409.50000 238.00000
v -109.50000 409.50000 238.00000
v -109.50000 406.50000 248.00000
v -100.50000 406.50000 248.00000
v -100.50000 409.50000 248.00000
v -109.50000 409.50000 248.00000
f 5001 5003 5002
f 5001 5004 5003
f 5005 5006 5007
f 5005 5007 5008
f 5001 5002 5006
f 5001 5006 5005
f 5002 5003 5007
f 5002 5007 5006
f 5003 5004 5008
f 5003 5008 5007
f 5004 5001 5005
f 5004 5005 5008
o Identity_letter_N_273
usemtl White
v -69.50000 406.50000 238.00000
v -60.50000 406.50000 238.00000
v -60.50000 409.50000 238.00000
v -69.50000 409.50000 238.00000
v -69.50000 406.50000 248.00000
v -60.50000 406.50000 248.00000
v -60.50000 409.50000 248.00000
v -69.50000 409.50000 248.00000
f 5009 5011 5010
f 5009 5012 5011
f 5013 5014 5015
f 5013 5015 5016
f 5009 5010 5014
f 5009 5014 5013
f 5010 5011 5015
f 5010 5015 5014
f 5011 5012 5016
f 5011 5016 5015
f 5012 5009 5013
f 5012 5013 5016
o Identity_letter_O_274
usemtl White
v -41.50000 406.50000 282.00000
v -32.50000 406.50000 282.00000
v -32.50000 409.50000 282.00000
v -41.50000 409.50000 282.00000
v -41.50000 406.50000 292.00000
v -32.50000 406.50000 292.00000
v -32.50000 409.50000 292.00000
v -41.50000 409.50000 292.00000
f 5017 5019 5018
f 5017 5020 5019
f 5021 5022 5023
f 5021 5023 5024
f 5017 5018 5022
f 5017 5022 5021
f 5018 5019 5023
f 5018 5023 5022
f 5019 5020 5024
f 5019 5024 5023
f 5020 5017 5021
f 5020 5021 5024
o Identity_letter_O_275
usemtl White
v -31.50000 406.50000 282.00000
v -22.50000 406.50000 282.00000
v -22.50000 409.50000 282.00000
v -31.50000 409.50000 282.00000
v -31.50000 406.50000 292.00000
v -22.50000 406.50000 292.00000
v -22.50000 409.50000 292.00000
v -31.50000 409.50000 292.00000
f 5025 5027 5026
f 5025 5028 5027
f 5029 5030 5031
f 5029 5031 5032
f 5025 5026 5030
f 5025 5030 5029
f 5026 5027 5031
f 5026 5031 5030
f 5027 5028 5032
f 5027 5032 5031
f 5028 5025 5029
f 5028 5029 5032
o Identity_letter_O_276
usemtl White
v -21.50000 406.50000 282.00000
v -12.50000 406.50000 282.00000
v -12.50000 409.50000 282.00000
v -21.50000 409.50000 282.00000
v -21.50000 406.50000 292.00000
v -12.50000 406.50000 292.00000
v -12.50000 409.50000 292.00000
v -21.50000 409.50000 292.00000
f 5033 5035 5034
f 5033 5036 5035
f 5037 5038 5039
f 5037 5039 5040
f 5033 5034 5038
f 5033 5038 5037
f 5034 5035 5039
f 5034 5039 5038
f 5035 5036 5040
f 5035 5040 5039
f 5036 5033 5037
f 5036 5037 5040
o Identity_letter_O_277
usemtl White
v -51.50000 406.50000 271.00000
v -42.50000 406.50000 271.00000
v -42.50000 409.50000 271.00000
v -51.50000 409.50000 271.00000
v -51.50000 406.50000 281.00000
v -42.50000 406.50000 281.00000
v -42.50000 409.50000 281.00000
v -51.50000 409.50000 281.00000
f 5041 5043 5042
f 5041 5044 5043
f 5045 5046 5047
f 5045 5047 5048
f 5041 5042 5046
f 5041 5046 5045
f 5042 5043 5047
f 5042 5047 5046
f 5043 5044 5048
f 5043 5048 5047
f 5044 5041 5045
f 5044 5045 5048
o Identity_letter_O_278
usemtl White
v -11.50000 406.50000 271.00000
v -2.50000 406.50000 271.00000
v -2.50000 409.50000 271.00000
v -11.50000 409.50000 271.00000
v -11.50000 406.50000 281.00000
v -2.50000 406.50000 281.00000
v -2.50000 409.50000 281.00000
v -11.50000 409.50000 281.00000
f 5049 5051 5050
f 5049 5052 5051
f 5053 5054 5055
f 5053 5055 5056
f 5049 5050 5054
f 5049 5054 5053
f 5050 5051 5055
f 5050 5055 5054
f 5051 5052 5056
f 5051 5056 5055
f 5052 5049 5053
f 5052 5053 5056
o Identity_letter_O_279
usemtl White
v -51.50000 406.50000 260.00000
v -42.50000 406.50000 260.00000
v -42.50000 409.50000 260.00000
v -51.50000 409.50000 260.00000
v -51.50000 406.50000 270.00000
v -42.50000 406.50000 270.00000
v -42.50000 409.50000 270.00000
v -51.50000 409.50000 270.00000
f 5057 5059 5058
f 5057 5060 5059
f 5061 5062 5063
f 5061 5063 5064
f 5057 5058 5062
f 5057 5062 5061
f 5058 5059 5063
f 5058 5063 5062
f 5059 5060 5064
f 5059 5064 5063
f 5060 5057 5061
f 5060 5061 5064
o Identity_letter_O_280
usemtl White
v -11.50000 406.50000 260.00000
v -2.50000 406.50000 260.00000
v -2.50000 409.50000 260.00000
v -11.50000 409.50000 260.00000
v -11.50000 406.50000 270.00000
v -2.50000 406.50000 270.00000
v -2.50000 409.50000 270.00000
v -11.50000 409.50000 270.00000
f 5065 5067 5066
f 5065 5068 5067
f 5069 5070 5071
f 5069 5071 5072
f 5065 5066 5070
f 5065 5070 5069
f 5066 5067 5071
f 5066 5071 5070
f 5067 5068 5072
f 5067 5072 5071
f 5068 5065 5069
f 5068 5069 5072
o Identity_letter_O_281
usemtl White
v -51.50000 406.50000 249.00000
v -42.50000 406.50000 249.00000
v -42.50000 409.50000 249.00000
v -51.50000 409.50000 249.00000
v -51.50000 406.50000 259.00000
v -42.50000 406.50000 259.00000
v -42.50000 409.50000 259.00000
v -51.50000 409.50000 259.00000
f 5073 5075 5074
f 5073 5076 5075
f 5077 5078 5079
f 5077 5079 5080
f 5073 5074 5078
f 5073 5078 5077
f 5074 5075 5079
f 5074 5079 5078
f 5075 5076 5080
f 5075 5080 5079
f 5076 5073 5077
f 5076 5077 5080
o Identity_letter_O_282
usemtl White
v -11.50000 406.50000 249.00000
v -2.50000 406.50000 249.00000
v -2.50000 409.50000 249.00000
v -11.50000 409.50000 249.00000
v -11.50000 406.50000 259.00000
v -2.50000 406.50000 259.00000
v -2.50000 409.50000 259.00000
v -11.50000 409.50000 259.00000
f 5081 5083 5082
f 5081 5084 5083
f 5085 5086 5087
f 5085 5087 5088
f 5081 5082 5086
f 5081 5086 5085
f 5082 5083 5087
f 5082 5087 5086
f 5083 5084 5088
f 5083 5088 5087
f 5084 5081 5085
f 5084 5085 5088
o Identity_letter_O_283
usemtl White
v -41.50000 406.50000 238.00000
v -32.50000 406.50000 238.00000
v -32.50000 409.50000 238.00000
v -41.50000 409.50000 238.00000
v -41.50000 406.50000 248.00000
v -32.50000 406.50000 248.00000
v -32.50000 409.50000 248.00000
v -41.50000 409.50000 248.00000
f 5089 5091 5090
f 5089 5092 5091
f 5093 5094 5095
f 5093 5095 5096
f 5089 5090 5094
f 5089 5094 5093
f 5090 5091 5095
f 5090 5095 5094
f 5091 5092 5096
f 5091 5096 5095
f 5092 5089 5093
f 5092 5093 5096
o Identity_letter_O_284
usemtl White
v -31.50000 406.50000 238.00000
v -22.50000 406.50000 238.00000
v -22.50000 409.50000 238.00000
v -31.50000 409.50000 238.00000
v -31.50000 406.50000 248.00000
v -22.50000 406.50000 248.00000
v -22.50000 409.50000 248.00000
v -31.50000 409.50000 248.00000
f 5097 5099 5098
f 5097 5100 5099
f 5101 5102 5103
f 5101 5103 5104
f 5097 5098 5102
f 5097 5102 5101
f 5098 5099 5103
f 5098 5103 5102
f 5099 5100 5104
f 5099 5104 5103
f 5100 5097 5101
f 5100 5101 5104
o Identity_letter_O_285
usemtl White
v -21.50000 406.50000 238.00000
v -12.50000 406.50000 238.00000
v -12.50000 409.50000 238.00000
v -21.50000 409.50000 238.00000
v -21.50000 406.50000 248.00000
v -12.50000 406.50000 248.00000
v -12.50000 409.50000 248.00000
v -21.50000 409.50000 248.00000
f 5105 5107 5106
f 5105 5108 5107
f 5109 5110 5111
f 5109 5111 5112
f 5105 5106 5110
f 5105 5110 5109
f 5106 5107 5111
f 5106 5111 5110
f 5107 5108 5112
f 5107 5112 5111
f 5108 5105 5109
f 5108 5109 5112
o Identity_letter_V_286
usemtl White
v 6.50000 406.50000 282.00000
v 15.50000 406.50000 282.00000
v 15.50000 409.50000 282.00000
v 6.50000 409.50000 282.00000
v 6.50000 406.50000 292.00000
v 15.50000 406.50000 292.00000
v 15.50000 409.50000 292.00000
v 6.50000 409.50000 292.00000
f 5113 5115 5114
f 5113 5116 5115
f 5117 5118 5119
f 5117 5119 5120
f 5113 5114 5118
f 5113 5118 5117
f 5114 5115 5119
f 5114 5119 5118
f 5115 5116 5120
f 5115 5120 5119
f 5116 5113 5117
f 5116 5117 5120
o Identity_letter_V_287
usemtl White
v 46.50000 406.50000 282.00000
v 55.50000 406.50000 282.00000
v 55.50000 409.50000 282.00000
v 46.50000 409.50000 282.00000
v 46.50000 406.50000 292.00000
v 55.50000 406.50000 292.00000
v 55.50000 409.50000 292.00000
v 46.50000 409.50000 292.00000
f 5121 5123 5122
f 5121 5124 5123
f 5125 5126 5127
f 5125 5127 5128
f 5121 5122 5126
f 5121 5126 5125
f 5122 5123 5127
f 5122 5127 5126
f 5123 5124 5128
f 5123 5128 5127
f 5124 5121 5125
f 5124 5125 5128
o Identity_letter_V_288
usemtl White
v 6.50000 406.50000 271.00000
v 15.50000 406.50000 271.00000
v 15.50000 409.50000 271.00000
v 6.50000 409.50000 271.00000
v 6.50000 406.50000 281.00000
v 15.50000 406.50000 281.00000
v 15.50000 409.50000 281.00000
v 6.50000 409.50000 281.00000
f 5129 5131 5130
f 5129 5132 5131
f 5133 5134 5135
f 5133 5135 5136
f 5129 5130 5134
f 5129 5134 5133
f 5130 5131 5135
f 5130 5135 5134
f 5131 5132 5136
f 5131 5136 5135
f 5132 5129 5133
f 5132 5133 5136
o Identity_letter_V_289
usemtl White
v 46.50000 406.50000 271.00000
v 55.50000 406.50000 271.00000
v 55.50000 409.50000 271.00000
v 46.50000 409.50000 271.00000
v 46.50000 406.50000 281.00000
v 55.50000 406.50000 281.00000
v 55.50000 409.50000 281.00000
v 46.50000 409.50000 281.00000
f 5137 5139 5138
f 5137 5140 5139
f 5141 5142 5143
f 5141 5143 5144
f 5137 5138 5142
f 5137 5142 5141
f 5138 5139 5143
f 5138 5143 5142
f 5139 5140 5144
f 5139 5144 5143
f 5140 5137 5141
f 5140 5141 5144
o Identity_letter_V_290
usemtl White
v 6.50000 406.50000 260.00000
v 15.50000 406.50000 260.00000
v 15.50000 409.50000 260.00000
v 6.50000 409.50000 260.00000
v 6.50000 406.50000 270.00000
v 15.50000 406.50000 270.00000
v 15.50000 409.50000 270.00000
v 6.50000 409.50000 270.00000
f 5145 5147 5146
f 5145 5148 5147
f 5149 5150 5151
f 5149 5151 5152
f 5145 5146 5150
f 5145 5150 5149
f 5146 5147 5151
f 5146 5151 5150
f 5147 5148 5152
f 5147 5152 5151
f 5148 5145 5149
f 5148 5149 5152
o Identity_letter_V_291
usemtl White
v 46.50000 406.50000 260.00000
v 55.50000 406.50000 260.00000
v 55.50000 409.50000 260.00000
v 46.50000 409.50000 260.00000
v 46.50000 406.50000 270.00000
v 55.50000 406.50000 270.00000
v 55.50000 409.50000 270.00000
v 46.50000 409.50000 270.00000
f 5153 5155 5154
f 5153 5156 5155
f 5157 5158 5159
f 5157 5159 5160
f 5153 5154 5158
f 5153 5158 5157
f 5154 5155 5159
f 5154 5159 5158
f 5155 5156 5160
f 5155 5160 5159
f 5156 5153 5157
f 5156 5157 5160
o Identity_letter_V_292
usemtl White
v 16.50000 406.50000 249.00000
v 25.50000 406.50000 249.00000
v 25.50000 409.50000 249.00000
v 16.50000 409.50000 249.00000
v 16.50000 406.50000 259.00000
v 25.50000 406.50000 259.00000
v 25.50000 409.50000 259.00000
v 16.50000 409.50000 259.00000
f 5161 5163 5162
f 5161 5164 5163
f 5165 5166 5167
f 5165 5167 5168
f 5161 5162 5166
f 5161 5166 5165
f 5162 5163 5167
f 5162 5167 5166
f 5163 5164 5168
f 5163 5168 5167
f 5164 5161 5165
f 5164 5165 5168
o Identity_letter_V_293
usemtl White
v 36.50000 406.50000 249.00000
v 45.50000 406.50000 249.00000
v 45.50000 409.50000 249.00000
v 36.50000 409.50000 249.00000
v 36.50000 406.50000 259.00000
v 45.50000 406.50000 259.00000
v 45.50000 409.50000 259.00000
v 36.50000 409.50000 259.00000
f 5169 5171 5170
f 5169 5172 5171
f 5173 5174 5175
f 5173 5175 5176
f 5169 5170 5174
f 5169 5174 5173
f 5170 5171 5175
f 5170 5175 5174
f 5171 5172 5176
f 5171 5176 5175
f 5172 5169 5173
f 5172 5173 5176
o Identity_letter_V_294
usemtl White
v 26.50000 406.50000 238.00000
v 35.50000 406.50000 238.00000
v 35.50000 409.50000 238.00000
v 26.50000 409.50000 238.00000
v 26.50000 406.50000 248.00000
v 35.50000 406.50000 248.00000
v 35.50000 409.50000 248.00000
v 26.50000 409.50000 248.00000
f 5177 5179 5178
f 5177 5180 5179
f 5181 5182 5183
f 5181 5183 5184
f 5177 5178 5182
f 5177 5182 5181
f 5178 5179 5183
f 5178 5183 5182
f 5179 5180 5184
f 5179 5184 5183
f 5180 5177 5181
f 5180 5181 5184
o Identity_letter_A_295
usemtl White
v 74.50000 406.50000 282.00000
v 83.50000 406.50000 282.00000
v 83.50000 409.50000 282.00000
v 74.50000 409.50000 282.00000
v 74.50000 406.50000 292.00000
v 83.50000 406.50000 292.00000
v 83.50000 409.50000 292.00000
v 74.50000 409.50000 292.00000
f 5185 5187 5186
f 5185 5188 5187
f 5189 5190 5191
f 5189 5191 5192
f 5185 5186 5190
f 5185 5190 5189
f 5186 5187 5191
f 5186 5191 5190
f 5187 5188 5192
f 5187 5192 5191
f 5188 5185 5189
f 5188 5189 5192
o Identity_letter_A_296
usemtl White
v 84.50000 406.50000 282.00000
v 93.50000 406.50000 282.00000
v 93.50000 409.50000 282.00000
v 84.50000 409.50000 282.00000
v 84.50000 406.50000 292.00000
v 93.50000 406.50000 292.00000
v 93.50000 409.50000 292.00000
v 84.50000 409.50000 292.00000
f 5193 5195 5194
f 5193 5196 5195
f 5197 5198 5199
f 5197 5199 5200
f 5193 5194 5198
f 5193 5198 5197
f 5194 5195 5199
f 5194 5199 5198
f 5195 5196 5200
f 5195 5200 5199
f 5196 5193 5197
f 5196 5197 5200
o Identity_letter_A_297
usemtl White
v 94.50000 406.50000 282.00000
v 103.50000 406.50000 282.00000
v 103.50000 409.50000 282.00000
v 94.50000 409.50000 282.00000
v 94.50000 406.50000 292.00000
v 103.50000 406.50000 292.00000
v 103.50000 409.50000 292.00000
v 94.50000 409.50000 292.00000
f 5201 5203 5202
f 5201 5204 5203
f 5205 5206 5207
f 5205 5207 5208
f 5201 5202 5206
f 5201 5206 5205
f 5202 5203 5207
f 5202 5207 5206
f 5203 5204 5208
f 5203 5208 5207
f 5204 5201 5205
f 5204 5205 5208
o Identity_letter_A_298
usemtl White
v 64.50000 406.50000 271.00000
v 73.50000 406.50000 271.00000
v 73.50000 409.50000 271.00000
v 64.50000 409.50000 271.00000
v 64.50000 406.50000 281.00000
v 73.50000 406.50000 281.00000
v 73.50000 409.50000 281.00000
v 64.50000 409.50000 281.00000
f 5209 5211 5210
f 5209 5212 5211
f 5213 5214 5215
f 5213 5215 5216
f 5209 5210 5214
f 5209 5214 5213
f 5210 5211 5215
f 5210 5215 5214
f 5211 5212 5216
f 5211 5216 5215
f 5212 5209 5213
f 5212 5213 5216
o Identity_letter_A_299
usemtl White
v 104.50000 406.50000 271.00000
v 113.50000 406.50000 271.00000
v 113.50000 409.50000 271.00000
v 104.50000 409.50000 271.00000
v 104.50000 406.50000 281.00000
v 113.50000 406.50000 281.00000
v 113.50000 409.50000 281.00000
v 104.50000 409.50000 281.00000
f 5217 5219 5218
f 5217 5220 5219
f 5221 5222 5223
f 5221 5223 5224
f 5217 5218 5222
f 5217 5222 5221
f 5218 5219 5223
f 5218 5223 5222
f 5219 5220 5224
f 5219 5224 5223
f 5220 5217 5221
f 5220 5221 5224
o Identity_letter_A_300
usemtl White
v 64.50000 406.50000 260.00000
v 73.50000 406.50000 260.00000
v 73.50000 409.50000 260.00000
v 64.50000 409.50000 260.00000
v 64.50000 406.50000 270.00000
v 73.50000 406.50000 270.00000
v 73.50000 409.50000 270.00000
v 64.50000 409.50000 270.00000
f 5225 5227 5226
f 5225 5228 5227
f 5229 5230 5231
f 5229 5231 5232
f 5225 5226 5230
f 5225 5230 5229
f 5226 5227 5231
f 5226 5231 5230
f 5227 5228 5232
f 5227 5232 5231
f 5228 5225 5229
f 5228 5229 5232
o Identity_letter_A_301
usemtl White
v 74.50000 406.50000 260.00000
v 83.50000 406.50000 260.00000
v 83.50000 409.50000 260.00000
v 74.50000 409.50000 260.00000
v 74.50000 406.50000 270.00000
v 83.50000 406.50000 270.00000
v 83.50000 409.50000 270.00000
v 74.50000 409.50000 270.00000
f 5233 5235 5234
f 5233 5236 5235
f 5237 5238 5239
f 5237 5239 5240
f 5233 5234 5238
f 5233 5238 5237
f 5234 5235 5239
f 5234 5239 5238
f 5235 5236 5240
f 5235 5240 5239
f 5236 5233 5237
f 5236 5237 5240
o Identity_letter_A_302
usemtl White
v 84.50000 406.50000 260.00000
v 93.50000 406.50000 260.00000
v 93.50000 409.50000 260.00000
v 84.50000 409.50000 260.00000
v 84.50000 406.50000 270.00000
v 93.50000 406.50000 270.00000
v 93.50000 409.50000 270.00000
v 84.50000 409.50000 270.00000
f 5241 5243 5242
f 5241 5244 5243
f 5245 5246 5247
f 5245 5247 5248
f 5241 5242 5246
f 5241 5246 5245
f 5242 5243 5247
f 5242 5247 5246
f 5243 5244 5248
f 5243 5248 5247
f 5244 5241 5245
f 5244 5245 5248
o Identity_letter_A_303
usemtl White
v 94.50000 406.50000 260.00000
v 103.50000 406.50000 260.00000
v 103.50000 409.50000 260.00000
v 94.50000 409.50000 260.00000
v 94.50000 406.50000 270.00000
v 103.50000 406.50000 270.00000
v 103.50000 409.50000 270.00000
v 94.50000 409.50000 270.00000
f 5249 5251 5250
f 5249 5252 5251
f 5253 5254 5255
f 5253 5255 5256
f 5249 5250 5254
f 5249 5254 5253
f 5250 5251 5255
f 5250 5255 5254
f 5251 5252 5256
f 5251 5256 5255
f 5252 5249 5253
f 5252 5253 5256
o Identity_letter_A_304
usemtl White
v 104.50000 406.50000 260.00000
v 113.50000 406.50000 260.00000
v 113.50000 409.50000 260.00000
v 104.50000 409.50000 260.00000
v 104.50000 406.50000 270.00000
v 113.50000 406.50000 270.00000
v 113.50000 409.50000 270.00000
v 104.50000 409.50000 270.00000
f 5257 5259 5258
f 5257 5260 5259
f 5261 5262 5263
f 5261 5263 5264
f 5257 5258 5262
f 5257 5262 5261
f 5258 5259 5263
f 5258 5263 5262
f 5259 5260 5264
f 5259 5264 5263
f 5260 5257 5261
f 5260 5261 5264
o Identity_letter_A_305
usemtl White
v 64.50000 406.50000 249.00000
v 73.50000 406.50000 249.00000
v 73.50000 409.50000 249.00000
v 64.50000 409.50000 249.00000
v 64.50000 406.50000 259.00000
v 73.50000 406.50000 259.00000
v 73.50000 409.50000 259.00000
v 64.50000 409.50000 259.00000
f 5265 5267 5266
f 5265 5268 5267
f 5269 5270 5271
f 5269 5271 5272
f 5265 5266 5270
f 5265 5270 5269
f 5266 5267 5271
f 5266 5271 5270
f 5267 5268 5272
f 5267 5272 5271
f 5268 5265 5269
f 5268 5269 5272
o Identity_letter_A_306
usemtl White
v 104.50000 406.50000 249.00000
v 113.50000 406.50000 249.00000
v 113.50000 409.50000 249.00000
v 104.50000 409.50000 249.00000
v 104.50000 406.50000 259.00000
v 113.50000 406.50000 259.00000
v 113.50000 409.50000 259.00000
v 104.50000 409.50000 259.00000
f 5273 5275 5274
f 5273 5276 5275
f 5277 5278 5279
f 5277 5279 5280
f 5273 5274 5278
f 5273 5278 5277
f 5274 5275 5279
f 5274 5279 5278
f 5275 5276 5280
f 5275 5280 5279
f 5276 5273 5277
f 5276 5277 5280
o Identity_letter_A_307
usemtl White
v 64.50000 406.50000 238.00000
v 73.50000 406.50000 238.00000
v 73.50000 409.50000 238.00000
v 64.50000 409.50000 238.00000
v 64.50000 406.50000 248.00000
v 73.50000 406.50000 248.00000
v 73.50000 409.50000 248.00000
v 64.50000 409.50000 248.00000
f 5281 5283 5282
f 5281 5284 5283
f 5285 5286 5287
f 5285 5287 5288
f 5281 5282 5286
f 5281 5286 5285
f 5282 5283 5287
f 5282 5287 5286
f 5283 5284 5288
f 5283 5288 5287
f 5284 5281 5285
f 5284 5285 5288
o Identity_letter_A_308
usemtl White
v 104.50000 406.50000 238.00000
v 113.50000 406.50000 238.00000
v 113.50000 409.50000 238.00000
v 104.50000 409.50000 238.00000
v 104.50000 406.50000 248.00000
v 113.50000 406.50000 248.00000
v 113.50000 409.50000 248.00000
v 104.50000 409.50000 248.00000
f 5289 5291 5290
f 5289 5292 5291
f 5293 5294 5295
f 5293 5295 5296
f 5289 5290 5294
f 5289 5294 5293
f 5290 5291 5295
f 5290 5295 5294
f 5291 5292 5296
f 5291 5296 5295
f 5292 5289 5293
f 5292 5293 5296
o Identity_underline_309
usemtl Cyan
v -116.00000 406.50000 222.50000
v 116.00000 406.50000 222.50000
v 116.00000 409.50000 222.50000
v -116.00000 409.50000 222.50000
v -116.00000 406.50000 225.50000
v 116.00000 406.50000 225.50000
v 116.00000 409.50000 225.50000
v -116.00000 409.50000 225.50000
f 5297 5299 5298
f 5297 5300 5299
f 5301 5302 5303
f 5301 5303 5304
f 5297 5298 5302
f 5297 5302 5301
f 5298 5299 5303
f 5298 5303 5302
f 5299 5300 5304
f 5299 5304 5303
f 5300 5297 5301
f 5300 5301 5304
